key,family,variant,horizon_days,parameters,long_total_windows,long_sample_eligible_windows,long_oos_complete_windows,long_oos_eligible_windows,long_weighted_sample_mean_ic,long_median_sample_mean_ic,long_weighted_oos_mean_ic,long_median_oos_mean_ic,long_oos_ic_std_across_windows,long_positive_sample_window_rate,long_positive_oos_window_rate,long_sign_consistency_rate,long_both_positive_rate,long_mean_ic_change,long_mean_absolute_ic_change,short_total_windows,short_sample_eligible_windows,short_oos_complete_windows,short_oos_eligible_windows,short_weighted_sample_mean_ic,short_median_sample_mean_ic,short_weighted_oos_mean_ic,short_median_oos_mean_ic,short_oos_ic_std_across_windows,short_positive_sample_window_rate,short_positive_oos_window_rate,short_sign_consistency_rate,short_both_positive_rate,short_mean_ic_change,short_mean_absolute_ic_change,short_required,long_required,pass_short_data,pass_short_weighted_ic,pass_short_median_ic,pass_short_positive_windows,pass_short_sign_consistency,pass_short,pass_long_data,pass_long_weighted_ic,pass_long_median_ic,pass_long_positive_windows,pass_long_sign_consistency,pass_long,pass_data,pass_weighted_ic,pass_median_ic,pass_positive_windows,pass_sign_consistency,passed_all_basic_conditions
high_proximity|high_12m|h1,high_proximity,high_12m,1,"{""window"": 252}",12,12,12,12,0.0067734896154417,0.0075120553,0.0064445122560477,0.008577449,0.014319662,0.9166666666666666,0.5833333333333334,0.5,0.5,-0.0003343475594495,0.0137017955615495,30.0,30.0,30.0,30.0,0.0073201556373246,0.0072524827,0.0078432045095113,0.005833899,0.018564085,0.7666666666666667,0.7,0.4666666666666667,0.4666666666666667,0.0005052670526007,0.0187668938500185,True,True,True,True,True,True,False,False,True,True,True,False,False,False,True,True,True,False,False,False
high_proximity|high_12m|h5,high_proximity,high_12m,5,"{""window"": 252}",12,12,12,12,0.0020007314313043,0.00089252135,0.001282419652491,0.0002621885,0.027602162,0.5833333333333334,0.5,0.4166666666666667,0.25,-0.0007331709687908,0.0253436902227501,30.0,30.0,30.0,30.0,0.0024828690404585,0.0017187754,0.0030994809421634,0.0020360956,0.03914227,0.5333333333333333,0.5333333333333333,0.3333333333333333,0.2,0.0006124767436025,0.0390943311504088,True,True,True,True,True,False,False,False,True,True,True,False,False,False,True,True,True,False,False,False
high_proximity|high_12m|h10,high_proximity,high_12m,10,"{""window"": 252}",12,12,12,12,-0.0005332664444479,-0.0010910172,-0.0022403323981846,-0.0018546002,0.038699165,0.4166666666666667,0.5,0.4166666666666667,0.1666666666666666,-0.0017213929871407,0.0348584229941479,30.0,30.0,30.0,30.0,0.0003369443511223,-0.0014641108,0.0004278224248152,-0.00027860678,0.055032402,0.4666666666666667,0.5,0.3666666666666666,0.1666666666666666,9.422745400418836e-05,0.0538125512267773,True,True,True,True,False,False,False,False,True,False,False,False,False,False,True,False,False,False,False,False
high_proximity|high_12m|h21,high_proximity,high_12m,21,"{""window"": 252}",12,12,12,12,-0.0034356139150477,-0.0011474178,-0.0035867450838739,-0.002035331,0.051483236,0.4166666666666667,0.5,0.5833333333333334,0.25,-0.0001405262155458,0.0413162970216944,30.0,30.0,30.0,30.0,0.000524890032907,0.00018118342,-0.0013444163107785,0.008576281,0.07399065,0.5,0.5333333333333333,0.5,0.2666666666666666,-0.0019200668049355,0.0682351239956915,True,True,True,False,True,False,False,False,True,False,False,False,False,False,True,False,False,False,False,False
high_proximity|high_12m|h42,high_proximity,high_12m,42,"{""window"": 252}",12,12,12,12,-0.004858425080567,-0.0043795044,-0.0054722557095583,0.0005091164,0.06582607,0.4166666666666667,0.5833333333333334,0.5,0.25,-0.0005754469893872,0.0561720497595767,30.0,30.0,29.0,29.0,-0.0018364155622498,0.0017500677,-0.0081376184839351,-0.02211033,0.10081711,0.5666666666666667,0.4482758620689655,0.4827586206896552,0.2413793103448276,-0.0061707377819151,0.0934173298421604,True,True,True,False,False,False,False,False,True,False,False,False,False,False,True,False,False,False,False,False
high_proximity|high_12m|h63,high_proximity,high_12m,63,"{""window"": 252}",12,12,12,12,-0.0019216694850018,-0.0026318529,-0.0016530897808393,0.014518889,0.0727674,0.4166666666666667,0.6666666666666666,0.25,0.1666666666666666,0.0003394526429474,0.0641965135000646,30.0,30.0,29.0,29.0,-0.0002622335960071,0.006535164,-0.0071010748668202,-0.009392279,0.11505971,0.5333333333333333,0.4482758620689655,0.4827586206896552,0.2413793103448276,-0.0069509660825133,0.1097966014760835,True,True,True,False,False,False,False,False,True,False,False,False,False,False,True,False,False,False,False,False
high_proximity|high_12m|h126,high_proximity,high_12m,126,"{""window"": 252}",12,12,12,12,0.0018173346299125,0.009878397,0.0104809062608046,0.03154474,0.11587761,0.5833333333333334,0.5833333333333334,0.3333333333333333,0.25,0.0088075408178459,0.1018516277981689,30.0,30.0,29.0,29.0,0.0052057096863166,0.012414597,0.0049414422522902,0.0030091652,0.14136015,0.5666666666666667,0.5172413793103449,0.4137931034482758,0.2413793103448276,0.0003280528532019,0.1482576425347862,True,True,True,True,True,False,False,False,True,True,True,False,False,False,True,True,True,False,False,False
high_proximity|high_12m|h252,high_proximity,high_12m,252,"{""window"": 252}",12,12,11,11,-0.0041801153335433,0.0012902226,0.0157615822205599,0.040131547,0.1381381,0.5,0.7272727272727273,0.7272727272727273,0.4545454545454545,0.0231651237065141,0.1137112717736851,,,,,,,,,,,,,,,,False,True,,,,,,True,True,False,True,False,True,False,True,False,True,False,True,False
high_proximity|high_18m|h1,high_proximity,high_18m,1,"{""window"": 378}",12,12,12,12,0.0076930002150069,0.008620329,0.0075199953179712,0.008585254,0.014476699,0.9166666666666666,0.5833333333333334,0.5,0.5,-0.0001803659445916,0.0137204013687248,30.0,30.0,30.0,30.0,0.0083445710255474,0.008585839,0.0088022315364568,0.007565572,0.018454175,0.8,0.7333333333333333,0.5333333333333333,0.5333333333333333,0.0004391190595924,0.0187623843550682,True,True,True,True,True,True,False,False,True,True,True,False,False,False,True,True,True,False,False,False
high_proximity|high_18m|h5,high_proximity,high_18m,5,"{""window"": 378}",12,12,12,12,0.0040503647891684,0.0030051311,0.0034462000327302,0.0023649835,0.027862916,0.9166666666666666,0.5,0.4166666666666667,0.4166666666666667,-0.0006226513069123,0.0253201559341202,30.0,30.0,30.0,30.0,0.0045972208054524,0.0037398487,0.0049901971104369,0.00052535627,0.039343152,0.6,0.5,0.3666666666666666,0.2333333333333333,0.0003927489665026,0.0395839847391471,True,True,True,True,True,False,False,False,True,True,True,False,False,False,True,True,True,False,False,False
high_proximity|high_18m|h10,high_proximity,high_18m,10,"{""window"": 378}",12,12,12,12,0.0016858377697369,0.002305487,5.89734709879039e-05,-0.00083751464,0.039366324,0.6666666666666666,0.5,0.1666666666666666,0.1666666666666666,-0.0016462954226881,0.0351497781618187,30.0,30.0,30.0,30.0,0.0026773446282893,0.0017674689,0.0023770700285423,-0.0014168783,0.055311177,0.5,0.4666666666666667,0.3666666666666666,0.1666666666666666,-0.0002947169899319,0.0550144750236844,True,True,True,True,False,False,False,False,True,True,False,False,False,False,True,True,False,False,False,False
high_proximity|high_18m|h21,high_proximity,high_18m,21,"{""window"": 378}",12,12,12,12,-0.0015237295618803,0.0012694071,-0.0015161046891566,-0.0011132963,0.05286382,0.5833333333333334,0.5,0.4166666666666667,0.25,1.2854290010485178e-05,0.0415631466494232,30.0,30.0,30.0,30.0,0.0025532182945769,0.0024421094,0.0004353219529599,0.0033575855,0.07534565,0.5333333333333333,0.5333333333333333,0.5333333333333333,0.3,-0.0021630302071571,0.0724002266923586,True,True,True,True,True,False,False,False,True,False,False,False,False,False,True,False,False,False,False,False
high_proximity|high_18m|h42,high_proximity,high_18m,42,"{""window"": 378}",12,12,12,12,-0.0036668242743544,-0.0075621223,-0.0041375465777031,0.0052213897,0.070158415,0.4166666666666667,0.5,0.5833333333333334,0.25,-0.0004370332850764,0.0564556698470066,30.0,30.0,29.0,29.0,-0.0002831900677037,0.0037080739,-0.0069054204292344,-0.022035046,0.10506794,0.5333333333333333,0.4482758620689655,0.5172413793103449,0.2413793103448276,-0.0065298786964909,0.0990054232293161,True,True,True,False,False,False,False,False,True,False,False,False,False,False,True,False,False,False,False,False
high_proximity|high_18m|h63,high_proximity,high_18m,63,"{""window"": 378}",12,12,12,12,-0.000901727666424,-0.0039171786,-0.0004611902288855,0.013419526,0.07820737,0.3333333333333333,0.5833333333333334,0.4166666666666667,0.1666666666666666,0.0005098096250245,0.0670021901993701,30.0,30.0,29.0,29.0,0.001338203684589,0.00581449,-0.0060494871657369,0.0011537236,0.119629785,0.5,0.5172413793103449,0.4482758620689655,0.2413793103448276,-0.0074389068217113,0.1162873374233985,True,True,True,False,True,False,False,False,True,False,False,False,False,False,True,False,False,False,False,False
high_proximity|high_18m|h126,high_proximity,high_18m,126,"{""window"": 378}",12,12,12,12,0.0042410049236005,0.009512032,0.013124197761135,0.027962646,0.1196615,0.5833333333333334,0.5833333333333334,0.3333333333333333,0.25,0.0090188603692998,0.1046778293481717,30.0,30.0,29.0,29.0,0.0077965093877153,0.015723646,0.0060256960435839,0.010372195,0.14756986,0.5666666666666667,0.5517241379310345,0.4482758620689655,0.2758620689655172,-0.0008579770038867,0.1553745619181929,True,True,True,True,True,False,False,False,True,True,True,False,False,False,True,True,True,False,False,False
high_proximity|high_18m|h252,high_proximity,high_18m,252,"{""window"": 378}",12,12,11,11,-0.0048748747975843,0.0072639044,0.0175143702216769,0.04484757,0.14253847,0.5833333333333334,0.6363636363636364,0.5454545454545454,0.3636363636363636,0.0243893665346232,0.1241366101259535,,,,,,,,,,,,,,,,False,True,,,,,,True,True,False,True,False,False,False,True,False,True,False,False,False
high_proximity|high_6m|h1,high_proximity,high_6m,1,"{""window"": 126}",12,12,12,12,0.0048849244162372,0.005445703,0.0037080275342365,0.0043967143,0.011519386,0.9166666666666666,0.5833333333333334,0.5,0.5,-0.0011826739258443,0.0109280040875698,30.0,30.0,30.0,30.0,0.0049640827199602,0.0032536706,0.0051705000040785,0.0048124953,0.016746512,0.7666666666666667,0.6,0.3666666666666666,0.3666666666666666,0.0001912051035712,0.0172831187490373,True,True,True,True,True,True,False,False,True,True,True,False,False,False,True,True,True,False,False,False
high_proximity|high_6m|h5,high_proximity,high_6m,5,"{""window"": 126}",12,12,12,12,0.0004943867635178,-0.0005619476,-0.0010190941174276,-0.0029931208,0.021940144,0.4166666666666667,0.5,0.4166666666666667,0.1666666666666666,-0.0015312479420875,0.0205777563387528,30.0,30.0,30.0,30.0,0.0002161357450387,0.0006019879,0.0006739353056023,-0.0009955474,0.032468677,0.5,0.5,0.3333333333333333,0.1666666666666666,0.0004316924993569,0.0329476591122026,True,True,True,True,False,False,False,False,True,False,False,False,False,False,True,False,False,False,False,False
high_proximity|high_6m|h10,high_proximity,high_6m,10,"{""window"": 126}",12,12,12,12,-0.0019006727237671,-0.00046565366,-0.0044024691503029,-0.0033844528,0.030867018,0.4166666666666667,0.5,0.4166666666666667,0.1666666666666666,-0.0025191668925496,0.0285774868486138,30.0,30.0,30.0,30.0,-0.0017029816505561,-0.0024617743,-0.0018328131002989,-0.0032211514,0.0461844,0.4666666666666667,0.4333333333333333,0.3666666666666666,0.1333333333333333,-0.0001634147716686,0.0452122478668267,True,True,True,False,False,False,False,False,True,False,False,False,False,False,True,False,False,False,False,False
high_proximity|high_6m|h21,high_proximity,high_6m,21,"{""window"": 126}",12,12,12,12,-0.0044397173517935,-0.0026818505,-0.0055157655335943,-0.0032557142,0.041146945,0.4166666666666667,0.5,0.5833333333333334,0.25,-0.0010775125119835,0.0349067895052333,30.0,30.0,30.0,30.0,-0.0015508837238272,0.00025512138,-0.0038593502473135,-0.0024383666,0.062623054,0.5,0.5,0.4,0.2,-0.002425274811685,0.0581885358318686,True,True,True,False,False,False,False,False,True,False,False,False,False,False,True,False,False,False,False,False
high_proximity|high_6m|h42,high_proximity,high_6m,42,"{""window"": 126}",12,12,12,12,-0.0045496150510301,-0.005989356,-0.0042171898301282,-0.0067975437,0.049598176,0.3333333333333333,0.5,0.3333333333333333,0.0833333333333333,0.0003415093912432,0.0444169285862396,30.0,30.0,29.0,29.0,-0.0039866040559957,-0.004090653,-0.0093778711433382,-0.017655713,0.08364692,0.4333333333333333,0.4482758620689655,0.4482758620689655,0.1724137931034483,-0.0055956023841582,0.0778137445770974,True,True,True,False,False,False,False,False,True,False,False,False,False,False,True,False,False,False,False,False
high_proximity|high_6m|h63,high_proximity,high_6m,63,"{""window"": 126}",12,12,12,12,-0.0029264370571683,-0.009320412,0.0020191693206973,-0.0010975599,0.05119817,0.3333333333333333,0.5,0.3333333333333333,0.0833333333333333,0.0049812762687603,0.0490107201039791,30.0,30.0,29.0,29.0,-0.0040630657948145,-0.0017971183,-0.0088792905244135,-0.0044574463,0.09377543,0.5,0.4827586206896552,0.4137931034482758,0.2068965517241379,-0.0052170646216334,0.0889150404596123,True,True,True,False,False,False,False,False,True,False,False,False,False,False,True,False,False,False,False,False
high_proximity|high_6m|h126,high_proximity,high_6m,126,"{""window"": 126}",12,12,12,12,0.0002448225503707,0.0010134279,0.0153788774070003,0.031157926,0.08865525,0.5,0.75,0.4166666666666667,0.3333333333333333,0.0152464647932598,0.0812954644206911,30.0,30.0,29.0,29.0,0.0008765830983375,0.0045532165,0.0036234787269744,0.011934068,0.112895645,0.5333333333333333,0.5517241379310345,0.5517241379310345,0.3103448275862069,0.0028829671570966,0.1163928545369156,True,True,True,True,True,False,False,False,True,True,True,False,False,False,True,True,True,False,False,False
high_proximity|high_6m|h252,high_proximity,high_6m,252,"{""window"": 126}",12,12,11,11,-0.0040104604379157,0.005301055,0.0142415116821695,0.048926484,0.11981383,0.5833333333333334,0.7272727272727273,0.6363636363636364,0.4545454545454545,0.0219441557472402,0.0960315276275981,,,,,,,,,,,,,,,,False,True,,,,,,True,True,False,True,False,True,False,True,False,True,False,True,False
liquidity_change|liq_20d_126d|h1,liquidity_change,liq_20d_126d,1,"{""long_window"": 126, ""short_window"": 20}",12,12,12,12,-0.0025824973791628,-0.0024806373,-0.0025873885236494,-0.0034763427,0.005251252,0.0,0.25,0.75,0.0,-4.090009800468882e-06,0.0048027743954056,30.0,30.0,30.0,30.0,-0.0024039902656402,-0.0031207926,-0.0018336542601177,-0.003981088,0.0070588277,0.2333333333333333,0.3333333333333333,0.4333333333333333,0.0,0.0005977926232541,0.0071863915072754,True,True,True,False,False,False,False,False,True,False,False,False,True,False,True,False,False,False,False,False
liquidity_change|liq_20d_126d|h5,liquidity_change,liq_20d_126d,5,"{""long_window"": 126, ""short_window"": 20}",12,12,12,12,-0.0059138799740362,-0.006027001,-0.0061626179138231,-0.009762834,0.011975847,0.0833333333333333,0.25,0.6666666666666666,0.0,-0.000248820016471,0.0102967142205064,30.0,30.0,30.0,30.0,-0.0058457516215926,-0.0072041536,-0.0055457265793459,-0.01087291,0.014543234,0.2333333333333333,0.2666666666666666,0.5,0.0,0.000336139028271,0.0150735458669563,True,True,True,False,False,False,False,False,True,False,False,False,True,False,True,False,False,False,False,False
liquidity_change|liq_20d_126d|h10,liquidity_change,liq_20d_126d,10,"{""long_window"": 126, ""short_window"": 20}",12,12,12,12,-0.0079285838634197,-0.008686183,-0.0078507723535779,-0.013615083,0.016062789,0.0833333333333333,0.25,0.6666666666666666,0.0,7.394495575378339e-05,0.0122975086560472,30.0,30.0,30.0,30.0,-0.0083088659634298,-0.012142622,-0.0079266045004776,-0.013692504,0.02075125,0.2666666666666666,0.2666666666666666,0.5333333333333333,0.0333333333333333,0.0003877527080476,0.0195134660539527,True,True,True,False,False,False,False,False,True,False,False,False,True,False,True,False,False,False,False,False
liquidity_change|liq_20d_126d|h21,liquidity_change,liq_20d_126d,21,"{""long_window"": 126, ""short_window"": 20}",12,12,12,12,-0.0076752725657383,-0.010543432,-0.0075838724145081,-0.013567362,0.019075407,0.25,0.1666666666666666,0.75,0.0833333333333333,8.233989744136731e-05,0.0137209834453339,30.0,30.0,30.0,30.0,-0.0081924486815236,-0.013191686,-0.0081647876171773,-0.013475127,0.02777697,0.2333333333333333,0.2666666666666666,0.5,0.0,-5.138833075761795e-05,0.0256176433215538,True,True,True,False,False,False,False,False,True,False,False,False,True,False,True,False,False,False,False,False
liquidity_change|liq_20d_126d|h42,liquidity_change,liq_20d_126d,42,"{""long_window"": 126, ""short_window"": 20}",12,12,12,12,-0.0100824122625296,-0.013046124,-0.006717487618274,-0.0067260424,0.016469067,0.1666666666666666,0.3333333333333333,0.5,0.0,0.0033563357816698,0.0181572236469946,30.0,30.0,29.0,29.0,-0.011027859435788,-0.010940636,-0.0103101832526601,-0.013854291,0.030777596,0.3,0.2758620689655172,0.5517241379310345,0.0689655172413793,0.0009522957542654,0.0273830614590631,True,True,True,False,False,False,False,False,True,False,False,False,False,False,True,False,False,False,False,False
liquidity_change|liq_20d_126d|h63,liquidity_change,liq_20d_126d,63,"{""long_window"": 126, ""short_window"": 20}",12,12,12,12,-0.0100324586166799,-0.009719629,-0.0061858829848852,-0.0061850837,0.017708017,0.25,0.3333333333333333,0.4166666666666667,0.0,0.0038341875576103,0.0177596393429363,30.0,30.0,29.0,29.0,-0.0117003947043829,-0.009348499,-0.0083176288367505,-0.011683122,0.030470587,0.3,0.3103448275862069,0.5517241379310345,0.0689655172413793,0.0037057721537762,0.0274153353068335,True,True,True,False,False,False,False,False,True,False,False,False,False,False,True,False,False,False,False,False
liquidity_change|liq_20d_126d|h126,liquidity_change,liq_20d_126d,126,"{""long_window"": 126, ""short_window"": 20}",12,12,12,12,-0.002218701733778,-0.0006159416,0.0048846341352869,0.0056209425,0.020553071,0.4166666666666667,0.5833333333333334,0.5,0.25,0.0071051093594481,0.0189396784796069,30.0,30.0,29.0,29.0,-0.0015527205121581,-0.0013593812,0.0023045679009135,0.007693473,0.03260473,0.4666666666666667,0.5862068965517241,0.5172413793103449,0.2758620689655172,0.0048720737084232,0.0332835942249873,True,True,True,False,False,False,False,False,True,False,False,False,False,False,True,False,False,False,False,False
liquidity_change|liq_20d_126d|h252,liquidity_change,liq_20d_126d,252,"{""long_window"": 126, ""short_window"": 20}",12,12,11,11,0.0012011629046408,0.0021759758,0.0024291027183886,0.0077623357,0.025401684,0.6666666666666666,0.6363636363636364,0.4545454545454545,0.3636363636363636,0.0017514711415225,0.0243695227598602,,,,,,,,,,,,,,,,False,True,,,,,,True,True,True,True,True,False,False,True,True,True,True,False,False
liquidity_change|liq_20d_252d|h1,liquidity_change,liq_20d_252d,1,"{""long_window"": 252, ""short_window"": 20}",12,12,12,12,-0.0001211546636199,3.679718e-05,0.0005274894461375,0.0018547247,0.006180969,0.5,0.5833333333333334,0.5833333333333334,0.3333333333333333,0.0006482669850811,0.0051740523194894,30.0,30.0,30.0,30.0,0.0003361016800564,0.0014245163,0.0010968586607818,-0.0013810724,0.007997304,0.6,0.4666666666666667,0.3333333333333333,0.2,0.0007966339277724,0.0080803257723649,True,True,True,True,False,False,False,False,True,False,True,False,False,False,True,False,False,False,False,False
liquidity_change|liq_20d_252d|h5,liquidity_change,liq_20d_252d,5,"{""long_window"": 252, ""short_window"": 20}",12,12,12,12,-0.0021535459335474,-0.0009860876,-0.001857122475796,-0.0046229144,0.013033677,0.3333333333333333,0.4166666666666667,0.5833333333333334,0.1666666666666666,0.0002907586943668,0.0114835997616561,30.0,30.0,30.0,30.0,-0.0018690713821598,-0.0012129128,-0.0015147683914798,-0.008827485,0.015945336,0.4,0.4333333333333333,0.3,0.0666666666666666,0.000406065385323,0.0169932014347674,True,True,True,False,False,False,False,False,True,False,False,False,False,False,True,False,False,False,False,False
liquidity_change|liq_20d_252d|h10,liquidity_change,liq_20d_252d,10,"{""long_window"": 252, ""short_window"": 20}",12,12,12,12,-0.0035895009546964,-0.0027643554,-0.0026390757053369,-0.0060413796,0.017083462,0.1666666666666666,0.3333333333333333,0.5,0.0,0.0009423806914128,0.0136949343723244,30.0,30.0,30.0,30.0,-0.0036031280507916,-0.0057696756,-0.0030876798793643,-0.009130554,0.021370579,0.3333333333333333,0.3666666666666666,0.3666666666666666,0.0333333333333333,0.0005457891151309,0.0211159385430316,True,True,True,False,False,False,False,False,True,False,False,False,False,False,True,False,False,False,False,False
liquidity_change|liq_20d_252d|h21,liquidity_change,liq_20d_252d,21,"{""long_window"": 252, ""short_window"": 20}",12,12,12,12,-0.0037348937094138,-0.0045230687,-0.0022859321392589,-0.0022664021,0.020378923,0.4166666666666667,0.3333333333333333,0.25,0.0,0.0014432071475312,0.0155278987173611,30.0,30.0,30.0,30.0,-0.0032854014739756,-0.0027321936,-0.0030968758831571,-0.0027088644,0.028495353,0.3666666666666666,0.4666666666666667,0.2333333333333333,0.0333333333333333,0.0001400166579211,0.0275711787010853,True,True,True,False,False,False,False,False,True,False,False,False,False,False,True,False,False,False,False,False
liquidity_change|liq_20d_252d|h42,liquidity_change,liq_20d_252d,42,"{""long_window"": 252, ""short_window"": 20}",12,12,12,12,-0.005349815975896,-0.0063040396,-0.0020483846343313,-0.0006174766,0.021109601,0.25,0.5,0.25,0.0,0.0032984281424432,0.0217455842066556,30.0,30.0,29.0,29.0,-0.0050942951125421,-0.009410903,-0.0038991303890248,-0.01038964,0.03235382,0.4333333333333333,0.3448275862068966,0.3793103448275862,0.0689655172413793,0.0017232349592036,0.0302258004145375,True,True,True,False,False,False,False,False,True,False,False,False,False,False,True,False,False,False,False,False
liquidity_change|liq_20d_252d|h63,liquidity_change,liq_20d_252d,63,"{""long_window"": 252, ""short_window"": 20}",12,12,12,12,-0.0034022632073367,-0.0034463368,-0.0018377057676675,-0.0021336419,0.02223536,0.1666666666666666,0.4166666666666667,0.4166666666666667,0.0,0.0015622021067732,0.0205850756319705,30.0,30.0,29.0,29.0,-0.0038778790563489,-0.0044094585,-0.0008004421196882,0.00011578518,0.032296572,0.4,0.5172413793103449,0.3103448275862069,0.1034482758620689,0.0035616061007925,0.0336141214577545,True,True,True,False,False,False,False,False,True,False,False,False,False,False,True,False,False,False,False,False
liquidity_change|liq_20d_252d|h126,liquidity_change,liq_20d_252d,126,"{""long_window"": 252, ""short_window"": 20}",12,12,12,12,0.0024769818950544,0.0008571313,0.006742921279819,0.0034777704,0.040370103,0.5,0.5833333333333334,0.5833333333333334,0.3333333333333333,0.0042928591525803,0.0325551940283427,30.0,30.0,29.0,29.0,0.0056098500661661,0.004946936,0.0083760554868547,0.014536718,0.048476234,0.5666666666666667,0.5862068965517241,0.3448275862068966,0.2413793103448276,0.003511090923486,0.056737578184954,True,True,True,True,True,False,False,False,True,True,True,False,False,False,True,True,True,False,False,False
liquidity_change|liq_20d_252d|h252,liquidity_change,liq_20d_252d,252,"{""long_window"": 252, ""short_window"": 20}",12,12,11,11,0.0038284222759185,0.004766846,0.0102536507052466,0.0075763995,0.056862842,0.6666666666666666,0.6363636363636364,0.4545454545454545,0.3636363636363636,0.0072809681296348,0.0554390160197561,,,,,,,,,,,,,,,,False,True,,,,,,True,True,True,True,True,False,False,True,True,True,True,False,False
liquidity_change|liq_5d_60d|h1,liquidity_change,liq_5d_60d,1,"{""long_window"": 60, ""short_window"": 5}",12,12,12,12,-0.0022339065079621,-0.001682278,-0.0029545804909063,-0.0045901607,0.006027581,0.0833333333333333,0.4166666666666667,0.5,0.0,-0.0007193744725858,0.0059953484839449,30.0,30.0,30.0,30.0,-0.0017129500099746,-0.0015531058,-0.0014620646923692,-0.0007257101,0.007220866,0.3333333333333333,0.4666666666666667,0.4666666666666667,0.1333333333333333,0.0002714338557173,0.006756760397305,True,True,True,False,False,False,False,False,True,False,False,False,False,False,True,False,False,False,False,False
liquidity_change|liq_5d_60d|h5,liquidity_change,liq_5d_60d,5,"{""long_window"": 60, ""short_window"": 5}",12,12,12,12,-0.0059512793241444,-0.0052029896,-0.0069237777988276,-0.008717786,0.011991723,0.0,0.3333333333333333,0.6666666666666666,0.0,-0.0009649287676438,0.0107897500274702,30.0,30.0,30.0,30.0,-0.0049786047539459,-0.004575239,-0.0044622196922441,-0.0049123503,0.01493396,0.2666666666666666,0.4,0.4666666666666667,0.0666666666666666,0.0005701958279435,0.0142656741741423,True,True,True,False,False,False,False,False,True,False,False,False,True,False,True,False,False,False,False,False
liquidity_change|liq_5d_60d|h10,liquidity_change,liq_5d_60d,10,"{""long_window"": 60, ""short_window"": 5}",12,12,12,12,-0.0067947765474723,-0.0065757087,-0.0068584117159553,-0.009691692,0.013565102,0.0,0.25,0.75,0.0,-5.409348523244262e-05,0.0118986884869324,30.0,30.0,30.0,30.0,-0.0051843282775526,-0.0038408972,-0.0055971976982961,-0.011001892,0.017971957,0.3666666666666666,0.3666666666666666,0.4666666666666667,0.1,-0.0003509905732547,0.0178462569834664,True,True,True,False,False,False,False,False,True,False,False,False,True,False,True,False,False,False,False,False
liquidity_change|liq_5d_60d|h21,liquidity_change,liq_5d_60d,21,"{""long_window"": 60, ""short_window"": 5}",12,12,12,12,-0.0072387624296338,-0.008917287,-0.0072068842965546,-0.012757489,0.016212558,0.0833333333333333,0.3333333333333333,0.5833333333333334,0.0,4.332361277192831e-05,0.0147113156272098,30.0,30.0,30.0,30.0,-0.0056937615983966,-0.0056317765,-0.0066000025967365,-0.0072738864,0.021557715,0.3666666666666666,0.3333333333333333,0.4333333333333333,0.0666666666666666,-0.0008862274621302,0.0214240871757889,True,True,True,False,False,False,False,False,True,False,False,False,False,False,True,False,False,False,False,False
liquidity_change|liq_5d_60d|h42,liquidity_change,liq_5d_60d,42,"{""long_window"": 60, ""short_window"": 5}",12,12,12,12,-0.0093399120076332,-0.011191096,-0.0074345920910112,-0.010313811,0.014495359,0.0833333333333333,0.1666666666666666,0.75,0.0,0.0019103176503752,0.0115383253044759,30.0,30.0,29.0,29.0,-0.0081127848332666,-0.007741599,-0.0100885641682981,-0.014638778,0.02452159,0.2333333333333333,0.2068965517241379,0.5517241379310345,0.0,-0.0020253831392218,0.0222676396691079,True,True,True,False,False,False,False,False,True,False,False,False,True,False,True,False,False,False,False,False
liquidity_change|liq_5d_60d|h63,liquidity_change,liq_5d_60d,63,"{""long_window"": 60, ""short_window"": 5}",12,12,12,12,-0.0088462339471854,-0.009790445,-0.006239341125784,-0.0075095203,0.014590852,0.0833333333333333,0.25,0.6666666666666666,0.0,0.0026019528741016,0.0138936295406892,30.0,30.0,29.0,29.0,-0.0094804616759097,-0.011887827,-0.0087008969932345,-0.015562807,0.026380192,0.2666666666666666,0.2758620689655172,0.5862068965517241,0.0689655172413793,0.0006026091487628,0.0223377149568164,True,True,True,False,False,False,False,False,True,False,False,False,True,False,True,False,False,False,False,False
liquidity_change|liq_5d_60d|h126,liquidity_change,liq_5d_60d,126,"{""long_window"": 60, ""short_window"": 5}",12,12,12,12,-0.0032386172055078,-0.0006283664,0.0006086361694635,-0.00015770405,0.012923604,0.5,0.5,0.5,0.25,0.0038436529672859,0.0104837271210271,30.0,30.0,29.0,29.0,-0.0030898168930091,-0.005678392,-0.0024715728352593,-0.006451084,0.022620846,0.4,0.4482758620689655,0.5862068965517241,0.2068965517241379,0.0008646373412218,0.0198409443978091,True,True,True,False,False,False,False,False,True,False,False,False,False,False,True,False,False,False,False,False
liquidity_change|liq_5d_60d|h252,liquidity_change,liq_5d_60d,252,"{""long_window"": 60, ""short_window"": 5}",12,12,11,11,-0.0010745381229807,-0.00043200463,-0.000242696896517,0.0028493158,0.015541464,0.4166666666666667,0.6363636363636364,0.7272727272727273,0.3636363636363636,0.0017506224156188,0.0126850459015589,,,,,,,,,,,,,,,,False,True,,,,,,True,True,False,False,False,True,False,True,False,False,False,True,False
low_volatility|120d|h1,low_volatility,120d,1,"{""window"": 120}",12,12,12,12,0.0071447952478745,0.007026007,0.0037761267312111,0.004950309,0.01357277,1.0,0.6666666666666666,0.6666666666666666,0.6666666666666666,-0.0033944548146488,0.011041969701182,30.0,30.0,30.0,30.0,0.0064579981813906,0.0041823215,0.0047223493568623,0.0026003327,0.020342316,0.7666666666666667,0.5333333333333333,0.5,0.4,-0.0017542767804116,0.0191943717033912,True,True,True,True,True,False,False,False,True,True,True,True,True,True,True,True,True,False,False,False
low_volatility|120d|h5,low_volatility,120d,5,"{""window"": 120}",12,12,12,12,0.0029676937677652,0.004045381,0.0002394734184869,0.00050768896,0.02508145,0.75,0.5,0.4166666666666667,0.3333333333333333,-0.0027603770140558,0.0196437496536721,30.0,30.0,30.0,30.0,0.0015949590678035,-0.000856915,-0.0002752245550812,-0.00039853738,0.044853613,0.4666666666666667,0.5,0.5666666666666667,0.2666666666666666,-0.0018277844724555,0.044968285318464,True,True,True,False,False,False,False,False,True,True,True,False,False,False,True,False,False,False,False,False
low_volatility|120d|h10,low_volatility,120d,10,"{""window"": 120}",12,12,12,12,0.0012438948762396,0.0023583325,-0.0030975878834486,0.0026876498,0.03771545,0.6666666666666666,0.5833333333333334,0.4166666666666667,0.3333333333333333,-0.0043734521217023,0.0311135024530813,30.0,30.0,30.0,30.0,-0.0001961101086755,-0.0005488805,-0.0037033681067593,-0.0017072649,0.063562825,0.5,0.4333333333333333,0.4666666666666667,0.2,-0.0034254572664697,0.0654582529639204,True,True,True,False,False,False,False,False,True,False,True,False,False,False,True,False,False,False,False,False
low_volatility|120d|h21,low_volatility,120d,21,"{""window"": 120}",12,12,12,12,-0.0011800843775623,-0.0018532982,-0.0050230283175043,0.0035038365,0.053386748,0.4166666666666667,0.5833333333333334,0.3333333333333333,0.1666666666666666,-0.0038550746394321,0.0444401118826741,30.0,30.0,30.0,30.0,-0.0016974099625024,-0.0046784035,-0.0061377212536133,-0.00089830137,0.08924612,0.4666666666666667,0.5,0.3666666666666666,0.1666666666666666,-0.0043128794059157,0.0924651967361569,True,True,True,False,False,False,False,False,True,False,False,False,False,False,True,False,False,False,False,False
low_volatility|120d|h42,low_volatility,120d,42,"{""window"": 120}",12,12,12,12,-0.0061184587390876,-0.008564174,-0.0087258300293148,0.014819664,0.080160335,0.4166666666666667,0.5833333333333334,0.6666666666666666,0.3333333333333333,-0.0025916686281561,0.0617191887771089,30.0,30.0,29.0,29.0,-0.0055966461409749,-0.00027451175,-0.0155226961666912,-0.0025691672,0.12496009,0.5,0.4482758620689655,0.3103448275862069,0.1379310344827586,-0.0111791873671885,0.1334645110343037,True,True,True,False,False,False,False,False,True,False,False,False,True,False,True,False,False,False,False,False
low_volatility|120d|h63,low_volatility,120d,63,"{""window"": 120}",12,12,12,12,-0.0067067096328941,-0.0065534078,-0.005965104621,0.03218793,0.10707066,0.4166666666666667,0.5833333333333334,0.6666666666666666,0.3333333333333333,0.0007593556462476,0.0854295145254582,30.0,30.0,29.0,29.0,-0.0053078667657812,0.0032322379,-0.0178669056454727,-0.0067661726,0.15086547,0.5333333333333333,0.4827586206896552,0.2413793103448276,0.1379310344827586,-0.0137842527494348,0.1724164394726013,True,True,True,False,False,False,False,False,True,False,False,False,True,False,True,False,False,False,False,False
low_volatility|120d|h126,low_volatility,120d,126,"{""window"": 120}",12,12,12,12,0.0002511060215251,0.0031869933,-0.0009567428354329,0.030908342,0.17264639,0.5833333333333334,0.5833333333333334,0.5,0.3333333333333333,-0.0012046828245123,0.1360443312053879,30.0,30.0,29.0,29.0,-0.0027669863949578,-0.014839794,-0.015791959183667,0.030884948,0.19275525,0.4666666666666667,0.5517241379310345,0.2413793103448276,0.1379310344827586,-0.0140146279129488,0.2500115535382566,True,True,True,False,False,False,False,False,True,False,True,False,False,False,True,False,False,False,False,False
low_volatility|120d|h252,low_volatility,120d,252,"{""window"": 120}",12,12,11,11,0.0007655925055207,0.031120753,0.0166871740881116,0.0313088,0.20255733,0.5833333333333334,0.5454545454545454,0.6363636363636364,0.3636363636363636,0.0188442863185297,0.1326261428608135,,,,,,,,,,,,,,,,False,True,,,,,,True,True,True,True,False,True,False,True,True,True,False,True,False
low_volatility|180d|h1,low_volatility,180d,1,"{""window"": 180}",12,12,12,12,0.0070754008095916,0.007201969,0.0039366463724939,0.003911793,0.013969114,1.0,0.6666666666666666,0.6666666666666666,0.6666666666666666,-0.0031661711012323,0.0111883545760065,30.0,30.0,30.0,30.0,0.0064232545651475,0.0047934204,0.0046133201875642,0.002224699,0.020783737,0.7333333333333333,0.5333333333333333,0.4666666666666667,0.3666666666666666,-0.0018311811921497,0.0195411072112619,True,True,True,True,True,False,False,False,True,True,True,True,True,True,True,True,True,False,False,False
low_volatility|180d|h5,low_volatility,180d,5,"{""window"": 180}",12,12,12,12,0.0029859446190434,0.0031148298,0.0007161096666416,0.0015825154,0.025705205,0.75,0.5833333333333334,0.3333333333333333,0.3333333333333333,-0.0023041620152071,0.0202797605888918,30.0,30.0,30.0,30.0,0.0017813438139169,-0.0006977252,-0.00024516934071,0.00037479337,0.04591744,0.5,0.5333333333333333,0.5,0.2666666666666666,-0.0019791004868845,0.0460115543566644,True,True,True,False,False,False,False,False,True,True,True,False,False,False,True,False,False,False,False,False
low_volatility|180d|h10,low_volatility,180d,10,"{""window"": 180}",12,12,12,12,0.001213795336638,0.0025786408,-0.0023446054226546,-0.00035703322,0.03849139,0.6666666666666666,0.5,0.5,0.3333333333333333,-0.0035919460545604,0.0313481636888658,30.0,30.0,30.0,30.0,0.0001199115119704,-0.000897723,-0.0036993986070996,-0.004161605,0.06490926,0.5,0.4333333333333333,0.4666666666666667,0.2,-0.0037309125686685,0.0669253075495362,True,True,True,False,False,False,False,False,True,False,False,False,False,False,True,False,False,False,False,False
low_volatility|180d|h21,low_volatility,180d,21,"{""window"": 180}",12,12,12,12,-0.0009550402428612,-0.0016157891,-0.0038344926019356,0.0011103386,0.054844245,0.4166666666666667,0.5,0.4166666666666667,0.1666666666666666,-0.0028941792746384,0.0453630853444337,30.0,30.0,30.0,30.0,-0.0011059154593115,-0.004436406,-0.0059948201187508,0.0007349176,0.0910622,0.4666666666666667,0.5,0.3666666666666666,0.1666666666666666,-0.0047516054784258,0.0945486810679237,True,True,True,False,False,False,False,False,True,False,False,False,False,False,True,False,False,False,False,False
low_volatility|180d|h42,low_volatility,180d,42,"{""window"": 180}",12,12,12,12,-0.0043060330144224,-0.006397876,-0.0064364986911087,0.018213702,0.081784315,0.4166666666666667,0.5833333333333334,0.6666666666666666,0.3333333333333333,-0.0021206072997301,0.0630828228313475,30.0,30.0,29.0,29.0,-0.0036960551013702,0.0012955399,-0.0143593989525496,-0.0030463962,0.12534745,0.5333333333333333,0.4827586206896552,0.3103448275862069,0.1724137931034483,-0.0120676635154362,0.1368538929984487,True,True,True,False,False,False,False,False,True,False,False,False,True,False,True,False,False,False,False,False
low_volatility|180d|h63,low_volatility,180d,63,"{""window"": 180}",12,12,12,12,-0.0044087810719405,-0.0052118977,-0.0034231546737939,0.037158445,0.10829551,0.4166666666666667,0.5833333333333334,0.6666666666666666,0.3333333333333333,0.0009995979101707,0.0854702796010921,30.0,30.0,29.0,29.0,-0.0029031053134787,0.00042681023,-0.0161108460612104,-0.022308547,0.15057959,0.5,0.4137931034482758,0.2758620689655172,0.1034482758620689,-0.014503558840731,0.1746838954116763,True,True,True,False,False,False,False,False,True,False,False,False,True,False,True,False,False,False,False,False
low_volatility|180d|h126,low_volatility,180d,126,"{""window"": 180}",12,12,12,12,0.0009551509603853,0.0040247124,-0.0008051206010305,0.025384028,0.17745247,0.5833333333333334,0.5833333333333334,0.5,0.3333333333333333,-0.0017634653486311,0.1380211302700142,30.0,30.0,29.0,29.0,-0.0013673376525747,-0.013405754,-0.0161024416138782,0.020541007,0.19589952,0.4666666666666667,0.5517241379310345,0.2413793103448276,0.1379310344827586,-0.0155840865496931,0.2557559943404691,True,True,True,False,False,False,False,False,True,False,True,False,False,False,True,False,False,False,False,False
low_volatility|180d|h252,low_volatility,180d,252,"{""window"": 180}",12,12,11,11,0.0021438179688845,0.034311473,0.0185470071653539,0.028255016,0.2070978,0.5833333333333334,0.5454545454545454,0.6363636363636364,0.3636363636363636,0.0192619897425174,0.1359919333322481,,,,,,,,,,,,,,,,False,True,,,,,,True,True,True,True,False,True,False,True,True,True,False,True,False
low_volatility|20d|h1,low_volatility,20d,1,"{""window"": 20}",12,12,12,12,0.0068577749231438,0.007672875,0.0041907770933973,0.0034248494,0.014129202,0.9166666666666666,0.6666666666666666,0.5833333333333334,0.5833333333333334,-0.0026936024466219,0.0120229956422311,30.0,30.0,30.0,30.0,0.0060946076429022,0.004779089,0.0045673200977034,0.0037839347,0.017863218,0.7666666666666667,0.5666666666666667,0.5333333333333333,0.4333333333333333,-0.0015611741885853,0.0169433246483095,True,True,True,True,True,False,False,False,True,True,True,True,False,False,True,True,True,False,False,False
low_volatility|20d|h5,low_volatility,20d,5,"{""window"": 20}",12,12,12,12,0.0027767118728951,0.0019525755,0.0009302297255793,0.004344746,0.025304839,0.75,0.5833333333333334,0.3333333333333333,0.3333333333333333,-0.0018887005474728,0.0223051613235535,30.0,30.0,30.0,30.0,0.0010056791492275,-0.0019115703,-0.0004185102146306,-0.0028268606,0.03722538,0.4666666666666667,0.5,0.3666666666666666,0.1666666666666666,-0.0014205279449621,0.0388189087311426,True,True,True,False,False,False,False,False,True,True,True,False,False,False,True,False,False,False,False,False
low_volatility|20d|h10,low_volatility,20d,10,"{""window"": 20}",12,12,12,12,0.0014403293762742,0.0021525738,-0.0015668621671869,0.004069551,0.034746747,0.5833333333333334,0.5833333333333334,0.3333333333333333,0.25,-0.0030504703754559,0.0295404824816311,30.0,30.0,30.0,30.0,-0.0002696092831696,-0.0026972657,-0.002947639109967,-0.008486535,0.052170288,0.4666666666666667,0.4333333333333333,0.3666666666666666,0.1333333333333333,-0.0026582079318662,0.0560557395530243,True,True,True,False,False,False,False,False,True,False,True,False,False,False,True,False,False,False,False,False
low_volatility|20d|h21,low_volatility,20d,21,"{""window"": 20}",12,12,12,12,-0.0002731499831286,-0.0022513084,-0.0036317809335464,0.0023964066,0.04489546,0.4166666666666667,0.5833333333333334,0.3333333333333333,0.1666666666666666,-0.0033867901850802,0.0390039121072428,30.0,30.0,30.0,30.0,-0.0006269654614169,-0.0044300985,-0.0048869570355231,-0.00093322946,0.07230401,0.4666666666666667,0.4666666666666667,0.2666666666666666,0.1,-0.0041942918052275,0.0788620514174302,True,True,True,False,False,False,False,False,True,False,False,False,False,False,True,False,False,False,False,False
low_volatility|20d|h42,low_volatility,20d,42,"{""window"": 20}",12,12,12,12,0.0003844820860105,-0.0006987748,-0.0047212283965138,0.015713325,0.06419107,0.5,0.6666666666666666,0.5,0.3333333333333333,-0.0051130594996114,0.0505398805253207,30.0,30.0,29.0,29.0,0.0001198123816602,0.009300884,-0.0095419581815567,0.008075539,0.10234107,0.5333333333333333,0.5517241379310345,0.3103448275862069,0.2068965517241379,-0.0112317726016044,0.1097628868602473,True,True,True,False,True,False,False,False,True,False,False,False,False,False,True,False,False,False,False,False
low_volatility|20d|h63,low_volatility,20d,63,"{""window"": 20}",12,12,12,12,0.0012879936706053,0.003910258,-0.0012782743641788,0.03351701,0.08499635,0.5833333333333334,0.6666666666666666,0.4166666666666667,0.3333333333333333,-0.002557438177367,0.0676613124087452,30.0,30.0,29.0,29.0,0.0008793811877523,0.0036692317,-0.0109970052679323,0.010167199,0.1247734,0.5333333333333333,0.5172413793103449,0.3448275862068966,0.2068965517241379,-0.0134548336781304,0.1396706009219432,True,True,True,False,True,False,False,False,True,False,True,False,False,False,True,False,True,False,False,False
low_volatility|20d|h126,low_volatility,20d,126,"{""window"": 20}",12,12,12,12,0.0025533304107404,0.010087955,-0.0001294483789264,0.033469994,0.13942182,0.5833333333333334,0.5833333333333334,0.5,0.3333333333333333,-0.0026794138054052,0.1111646313220262,30.0,30.0,29.0,29.0,-0.0013318359021578,0.0016310667,-0.0109523896206847,0.02285106,0.15756524,0.5,0.5172413793103449,0.2413793103448276,0.1379310344827586,-0.0110942774034779,0.2004541429723131,True,True,True,False,True,False,False,False,True,False,True,False,False,False,True,False,True,False,False,False
low_volatility|20d|h252,low_volatility,20d,252,"{""window"": 20}",12,12,11,11,0.0005183839171812,0.011613725,0.0119719440171312,0.05570097,0.16690499,0.5833333333333334,0.5454545454545454,0.6363636363636364,0.3636363636363636,0.014041508463296,0.1125965545123273,,,,,,,,,,,,,,,,False,True,,,,,,True,True,True,True,False,True,False,True,True,True,False,True,False
low_volatility|252d|h1,low_volatility,252d,1,"{""window"": 252}",12,12,12,12,0.0064589403252814,0.006668876,0.0034636169823375,0.0034290934,0.013863595,0.9166666666666666,0.5833333333333334,0.5,0.5,-0.0030217653450866,0.0113287201772133,30.0,30.0,30.0,30.0,0.0058834357584441,0.0037882305,0.0040642851422014,0.0021384796,0.02137312,0.6666666666666666,0.5333333333333333,0.4,0.3,-0.001842177612707,0.0200197318103164,True,True,True,True,True,False,False,False,True,True,True,False,False,False,True,True,True,False,False,False
low_volatility|252d|h5,low_volatility,252d,5,"{""window"": 252}",12,12,12,12,0.0021178158471351,0.0024686325,-6.024414883760876e-05,-0.0001371614,0.025160095,0.6666666666666666,0.4166666666666667,0.4166666666666667,0.25,-0.0022095618963552,0.0192129568313248,30.0,30.0,30.0,30.0,0.0010946837056986,-0.0024740156,-0.0009347355405772,-0.0027294904,0.0464888,0.4666666666666667,0.4666666666666667,0.6,0.2666666666666666,-0.0019883681399126,0.0460939040097097,True,True,True,False,False,False,True,False,True,False,False,False,False,False,True,False,False,False,False,False
low_volatility|252d|h10,low_volatility,252d,10,"{""window"": 252}",12,12,12,12,0.0004134862985459,0.0006271318,-0.0030070137779285,-0.00022777036,0.037142236,0.5833333333333334,0.5,0.5833333333333334,0.3333333333333333,-0.0034506998490542,0.0300656273805846,30.0,30.0,30.0,30.0,-0.0004616486372302,-0.0029096063,-0.004368419231208,-0.004433237,0.065370895,0.4666666666666667,0.4333333333333333,0.4333333333333333,0.1666666666666666,-0.0038357650861144,0.0660863085960348,True,True,True,False,False,False,False,False,True,False,False,False,False,False,True,False,False,False,False,False
low_volatility|252d|h21,low_volatility,252d,21,"{""window"": 252}",12,12,12,12,-0.0023070194933998,-0.0036352766,-0.0048005850981017,0.0020609822,0.052131042,0.4166666666666667,0.5833333333333334,0.3333333333333333,0.1666666666666666,-0.0025054082119216,0.0434270126279443,30.0,30.0,30.0,30.0,-0.0021404064134471,-0.0031742777,-0.0072146575366497,-0.0061980286,0.09136538,0.4666666666666667,0.4333333333333333,0.4333333333333333,0.1666666666666666,-0.0049775708466768,0.0924091168989737,True,True,True,False,False,False,False,False,True,False,False,False,False,False,True,False,False,False,False,False
low_volatility|252d|h42,low_volatility,252d,42,"{""window"": 252}",12,12,12,12,-0.0062833940372933,-0.008642059,-0.007987305399995,0.013196204,0.079789124,0.4166666666666667,0.6666666666666666,0.5833333333333334,0.3333333333333333,-0.0016898342873901,0.0625623733891795,30.0,30.0,29.0,29.0,-0.0052026378550672,-0.003208313,-0.015614964501421,-0.0052545876,0.12556243,0.4666666666666667,0.4827586206896552,0.3103448275862069,0.1379310344827586,-0.0115627690764336,0.1365396829386209,True,True,True,False,False,False,False,False,True,False,False,False,False,False,True,False,False,False,False,False
low_volatility|252d|h63,low_volatility,252d,63,"{""window"": 252}",12,12,12,12,-0.0058921684816073,-0.0046402663,-0.0048411450591962,0.03529862,0.10838008,0.5,0.5833333333333334,0.5833333333333334,0.3333333333333333,0.0010693528068562,0.0854821635099748,30.0,30.0,29.0,29.0,-0.0036379891860584,-0.004690664,-0.0171794813631441,-0.032696813,0.15207736,0.4666666666666667,0.4137931034482758,0.3103448275862069,0.1034482758620689,-0.0145938880741596,0.1749498213416543,True,True,True,False,False,False,False,False,True,False,False,False,False,False,True,False,False,False,False,False
low_volatility|252d|h126,low_volatility,252d,126,"{""window"": 252}",12,12,12,12,-0.0007920272633263,0.002775672,-0.0016786062811002,0.020513522,0.17763239,0.5833333333333334,0.5833333333333334,0.5,0.3333333333333333,-0.0008792237689097,0.1370053850114345,30.0,30.0,29.0,29.0,-0.0012949990701898,-0.007342104,-0.0166035734693138,0.019961827,0.19530952,0.5,0.5517241379310345,0.2068965517241379,0.1379310344827586,-0.0157991176278426,0.2565556205809116,True,True,True,False,False,False,False,False,True,False,True,False,False,False,True,False,False,False,False,False
low_volatility|252d|h252,low_volatility,252d,252,"{""window"": 252}",12,12,11,11,0.0019919389543087,0.03004288,0.0178900355314351,0.026087958,0.20875311,0.5833333333333334,0.5454545454545454,0.6363636363636364,0.3636363636363636,0.0184844644232229,0.1373866213993592,,,,,,,,,,,,,,,,False,True,,,,,,True,True,True,True,False,True,False,True,True,True,False,True,False
low_volatility|40d|h1,low_volatility,40d,1,"{""window"": 40}",12,12,12,12,0.0072919800795833,0.0074356394,0.00460449516751,0.0058335974,0.01362112,0.9166666666666666,0.6666666666666666,0.5833333333333334,0.5833333333333334,-0.0027134982325757,0.0115400622986877,30.0,30.0,30.0,30.0,0.006767203024038,0.005358747,0.0050696962549004,0.0009972526,0.01914694,0.8333333333333334,0.5666666666666667,0.5333333333333333,0.4666666666666667,-0.0017215903615579,0.0188096879127745,True,True,True,True,True,False,False,False,True,True,True,True,False,False,True,True,True,False,False,False
low_volatility|40d|h5,low_volatility,40d,5,"{""window"": 40}",12,12,12,12,0.0037495148530244,0.0041493466,0.0013079000791229,0.0048289998,0.025581947,0.75,0.6666666666666666,0.4166666666666667,0.4166666666666667,-0.0024802837288007,0.0214237017013753,30.0,30.0,30.0,30.0,0.0023703391446811,0.0019186827,0.0005459293434692,0.00035301235,0.042119857,0.5666666666666667,0.5,0.4666666666666667,0.2666666666666666,-0.0017863728726903,0.0440277880678574,True,True,True,True,True,False,False,False,True,True,True,True,False,False,True,True,True,False,False,False
low_volatility|40d|h10,low_volatility,40d,10,"{""window"": 40}",12,12,12,12,0.0030137990449579,0.005077483,-0.0013777062363522,0.010008052,0.037087146,0.6666666666666666,0.5833333333333334,0.4166666666666667,0.3333333333333333,-0.0044319141500939,0.0315423706391205,30.0,30.0,30.0,30.0,0.0015380669594695,0.0014582743,-0.0019638623566884,-0.0009367616,0.05865597,0.5,0.4666666666666667,0.3666666666666666,0.1666666666666666,-0.0034334879058102,0.0626901525072753,True,True,True,False,False,False,False,False,True,False,True,False,False,False,True,False,False,False,False,False
low_volatility|40d|h21,low_volatility,40d,21,"{""window"": 40}",12,12,12,12,0.0035132322387927,0.004037085,-0.0013712966170302,0.012152398,0.050060272,0.5833333333333334,0.5833333333333334,0.3333333333333333,0.25,-0.0049103936180472,0.0425138116503755,30.0,30.0,30.0,30.0,0.0027630527493854,0.00044743926,-0.0023885017277583,0.0062055187,0.080632225,0.5,0.5333333333333333,0.3666666666666666,0.2,-0.0050504505944748,0.0855113155829409,True,True,True,False,True,False,False,False,True,False,True,False,False,False,True,False,True,False,False,False
low_volatility|40d|h42,low_volatility,40d,42,"{""window"": 40}",12,12,12,12,0.0021766660312194,0.00091073127,-0.0032629988982044,0.020131819,0.07278677,0.5,0.6666666666666666,0.5,0.3333333333333333,-0.0054378160275518,0.0569537876484294,30.0,30.0,29.0,29.0,0.0013791356995208,0.010353724,-0.0088946935200431,-0.00032442028,0.11405926,0.5333333333333333,0.4827586206896552,0.3103448275862069,0.1724137931034483,-0.0122858360409736,0.1210455178957561,True,True,True,False,False,False,False,False,True,False,True,False,False,False,True,False,False,False,False,False
low_volatility|40d|h63,low_volatility,40d,63,"{""window"": 40}",12,12,12,12,-8.024250204142492e-05,-0.00020381948,-0.0011778141391886,0.035433855,0.09220882,0.5,0.5833333333333334,0.5833333333333334,0.3333333333333333,-0.0010846053871015,0.0745646387028197,30.0,30.0,29.0,29.0,-0.000393312132874,0.0018490201,-0.0121999200066275,0.01269953,0.1378555,0.5,0.5172413793103449,0.3103448275862069,0.1724137931034483,-0.013491414101987,0.1545674658284105,True,True,True,False,True,False,False,False,True,False,False,False,False,False,True,False,False,False,False,False
low_volatility|40d|h126,low_volatility,40d,126,"{""window"": 40}",12,12,12,12,0.0023182266345719,0.009271994,0.0006027175341914,0.031733364,0.15143654,0.5833333333333334,0.5833333333333334,0.5,0.3333333333333333,-0.0017069981743892,0.1200962221870819,30.0,30.0,29.0,29.0,-0.0011859227275304,-0.001157294,-0.0117422857696932,0.023553947,0.17195247,0.5,0.5172413793103449,0.2413793103448276,0.1379310344827586,-0.0118889933259322,0.2194804221648594,True,True,True,False,False,False,False,False,True,True,True,False,False,False,True,False,False,False,False,False
low_volatility|40d|h252,low_volatility,40d,252,"{""window"": 40}",12,12,11,11,0.0018979334836586,0.01757501,0.0138136942714797,0.05356878,0.18089175,0.5833333333333334,0.5454545454545454,0.6363636363636364,0.3636363636363636,0.0145349106328053,0.1209722184999422,,,,,,,,,,,,,,,,False,True,,,,,,True,True,True,True,False,True,False,True,True,True,False,True,False
low_volatility|60d|h1,low_volatility,60d,1,"{""window"": 60}",12,12,12,12,0.0079907540822625,0.008273933,0.0045790552875092,0.0062325257,0.01372897,1.0,0.6666666666666666,0.6666666666666666,0.6666666666666666,-0.0034373909002169,0.0111488917609676,30.0,30.0,30.0,30.0,0.0071375554549437,0.005437744,0.0053692729917011,0.001437177,0.019626755,0.8,0.5333333333333333,0.5333333333333333,0.4333333333333333,-0.0017950412506858,0.018522744004925,True,True,True,True,True,False,False,False,True,True,True,True,True,True,True,True,True,False,False,False
low_volatility|60d|h5,low_volatility,60d,5,"{""window"": 60}",12,12,12,12,0.0040955168098461,0.0045198346,0.0008904718495667,0.00364328,0.02621924,0.75,0.6666666666666666,0.4166666666666667,0.4166666666666667,-0.0032392843277193,0.0214560710398169,30.0,30.0,30.0,30.0,0.0023940322037307,0.0026529282,0.0002598032361175,0.0002184154,0.042617995,0.5333333333333333,0.5,0.5666666666666667,0.3,-0.0021104593450824,0.0436424423630038,True,True,True,True,True,False,False,False,True,True,True,True,False,False,True,True,True,False,False,False
low_volatility|60d|h10,low_volatility,60d,10,"{""window"": 60}",12,12,12,12,0.0027947799017298,0.005229882,-0.0022933453239989,0.0074096294,0.039491847,0.6666666666666666,0.5833333333333334,0.4166666666666667,0.3333333333333333,-0.0051219123415648,0.0329690002836287,30.0,30.0,30.0,30.0,0.0009395495874443,0.0015317011,-0.002854544585969,-0.0020451236,0.060824003,0.5,0.4666666666666667,0.3666666666666666,0.1666666666666666,-0.0037409591798981,0.0634343500559528,True,True,True,False,False,False,False,False,True,False,True,False,False,False,True,False,False,False,False,False
low_volatility|60d|h21,low_volatility,60d,21,"{""window"": 60}",12,12,12,12,0.0022376651039605,0.0024813325,-0.0027646401309518,0.005373489,0.054185223,0.5,0.5833333333333334,0.4166666666666667,0.25,-0.0050141063208381,0.0447731850047906,30.0,30.0,30.0,30.0,0.0011436465285801,-0.0069215484,-0.0037946662743605,0.002047896,0.08466841,0.4666666666666667,0.5,0.4333333333333333,0.2,-0.0048472525862356,0.0882547261503835,True,True,True,False,False,False,False,False,True,False,True,False,False,False,True,False,False,False,False,False
low_volatility|60d|h42,low_volatility,60d,42,"{""window"": 60}",12,12,12,12,-0.0019138238603575,-0.0041103074,-0.0054937422940861,0.013123395,0.074560575,0.4166666666666667,0.6666666666666666,0.5833333333333334,0.3333333333333333,-0.0035661975077042,0.0581004766281694,30.0,30.0,29.0,29.0,-0.0023813063887978,0.0037464881,-0.0121244957656779,-0.0023295246,0.11834238,0.5333333333333333,0.4482758620689655,0.3448275862068966,0.1724137931034483,-0.0115202830397877,0.1247843749949644,True,True,True,False,False,False,False,False,True,False,False,False,False,False,True,False,False,False,False,False
low_volatility|60d|h63,low_volatility,60d,63,"{""window"": 60}",12,12,12,12,-0.0030585535483061,-0.0019955789,-0.0033829003733547,0.034682736,0.09869428,0.5,0.5833333333333334,0.5833333333333334,0.3333333333333333,-0.0003043309940646,0.0789498827264954,30.0,30.0,29.0,29.0,-0.0031244031022831,0.0030843657,-0.0145740101644056,0.0007614875,0.14446811,0.5333333333333333,0.5172413793103449,0.2758620689655172,0.1724137931034483,-0.0131048836327832,0.1620494115712313,True,True,True,False,True,False,False,False,True,False,False,False,False,False,True,False,False,False,False,False
low_volatility|60d|h126,low_volatility,60d,126,"{""window"": 60}",12,12,12,12,0.0001585025772532,0.0057224985,-0.0008692169368188,0.03270302,0.16046885,0.5833333333333334,0.5833333333333334,0.5,0.3333333333333333,-0.0010185992966095,0.1275870508203903,30.0,30.0,29.0,29.0,-0.002968600173015,-0.009303544,-0.0142425662206655,0.027245991,0.18098651,0.5,0.5172413793103449,0.2413793103448276,0.1379310344827586,-0.0125938426574756,0.2320939840684677,True,True,True,False,False,False,False,False,True,False,True,False,False,False,True,False,False,False,False,False
low_volatility|60d|h252,low_volatility,60d,252,"{""window"": 60}",12,12,11,11,0.0007898392578487,0.020751474,0.0143374459255443,0.04575592,0.18882006,0.5833333333333334,0.5454545454545454,0.6363636363636364,0.3636363636363636,0.0163780066438696,0.1253246138380332,,,,,,,,,,,,,,,,False,True,,,,,,True,True,True,True,False,True,False,True,True,True,False,True,False
low_volatility|90d|h1,low_volatility,90d,1,"{""window"": 90}",12,12,12,12,0.0073407914214189,0.0074988194,0.0042799062183839,0.0057629133,0.013782958,1.0,0.6666666666666666,0.6666666666666666,0.6666666666666666,-0.0030855274526402,0.0113029575052981,30.0,30.0,30.0,30.0,0.0066536824864764,0.0054413825,0.0049951469637478,0.000831257,0.019839324,0.8,0.5333333333333333,0.5333333333333333,0.4333333333333333,-0.001678022610334,0.0186763173978154,True,True,True,True,True,False,False,False,True,True,True,True,True,True,True,True,True,False,False,False
low_volatility|90d|h5,low_volatility,90d,5,"{""window"": 90}",12,12,12,12,0.0030833139879324,0.0024248874,0.0009900947714774,0.0040474506,0.025062282,0.75,0.5833333333333334,0.3333333333333333,0.3333333333333333,-0.0021251299573729,0.0208800220085928,30.0,30.0,30.0,30.0,0.0017570858919633,0.00056569185,4.084749469676843e-05,-9.609945e-05,0.043692138,0.5,0.5,0.6,0.3,-0.0016806991460422,0.0441645553645988,True,True,True,True,False,False,True,False,True,True,True,False,False,False,True,True,False,False,False,False
low_volatility|90d|h10,low_volatility,90d,10,"{""window"": 90}",12,12,12,12,0.0013834005178113,0.0033064499,-0.0021312971986062,0.0059233755,0.036891516,0.6666666666666666,0.5833333333333334,0.4166666666666667,0.3333333333333333,-0.0035450981231406,0.0308497520551706,30.0,30.0,30.0,30.0,6.454236643822662e-05,0.0015873399,-0.0032076067977031,-0.005702743,0.06184754,0.5333333333333333,0.4666666666666667,0.4666666666666667,0.2333333333333333,-0.0032013463787734,0.0635987860150635,True,True,True,False,False,False,False,False,True,False,True,False,False,False,True,False,False,False,False,False
low_volatility|90d|h21,low_volatility,90d,21,"{""window"": 90}",12,12,12,12,-0.0006646474606923,0.00032827503,-0.0036394738368788,0.0069821356,0.051580675,0.5,0.5833333333333334,0.4166666666666667,0.25,-0.0029851515622188,0.0431299016345292,30.0,30.0,30.0,30.0,-0.0010630201991561,-0.0031578848,-0.0052319587845681,-0.009029595,0.08746716,0.4666666666666667,0.4666666666666667,0.4,0.1666666666666666,-0.0040586459139982,0.0894150330374638,True,True,True,False,False,False,False,False,True,False,True,False,False,False,True,False,False,False,False,False
low_volatility|90d|h42,low_volatility,90d,42,"{""window"": 90}",12,12,12,12,-0.0048664909311355,-0.005733299,-0.0077760258997128,0.0147914495,0.07793237,0.4166666666666667,0.6666666666666666,0.5833333333333334,0.3333333333333333,-0.002895945450291,0.0613675970428933,30.0,30.0,29.0,29.0,-0.0048525727029073,-0.0027645323,-0.0143117340942079,-0.008838326,0.12326417,0.5,0.4137931034482758,0.3448275862068966,0.1379310344827586,-0.010954878196634,0.1303113055383337,True,True,True,False,False,False,False,False,True,False,False,False,False,False,True,False,False,False,False,False
low_volatility|90d|h63,low_volatility,90d,63,"{""window"": 90}",12,12,12,12,-0.0058903240346002,-0.004849098,-0.0057450849914675,0.030793443,0.104333386,0.4166666666666667,0.5833333333333334,0.6666666666666666,0.3333333333333333,0.0001659193076193,0.0830231658183038,30.0,30.0,29.0,29.0,-0.0052485134352057,0.0034547632,-0.0168832084922462,-0.0037882943,0.14901316,0.5333333333333333,0.4827586206896552,0.2413793103448276,0.1379310344827586,-0.0130248584880911,0.1676940947514155,True,True,True,False,False,False,False,False,True,False,False,False,True,False,True,False,False,False,False,False
low_volatility|90d|h126,low_volatility,90d,126,"{""window"": 90}",12,12,12,12,-0.0007331657021662,0.0024752163,-0.0019259548038145,0.031796418,0.1682107,0.5833333333333334,0.5833333333333334,0.5,0.3333333333333333,-0.0011863047257065,0.1333538594966133,30.0,30.0,29.0,29.0,-0.0037222352055805,-0.014306706,-0.0159932000799465,0.030045759,0.1880386,0.5,0.5172413793103449,0.2413793103448276,0.1379310344827586,-0.0133504925359939,0.2425477747516385,True,True,True,False,False,False,False,False,True,False,True,False,False,False,True,False,False,False,False,False
low_volatility|90d|h252,low_volatility,90d,252,"{""window"": 90}",12,12,11,11,0.0001110604819689,0.025011186,0.0148018469826743,0.038111,0.19644661,0.5833333333333334,0.5454545454545454,0.6363636363636364,0.3636363636363636,0.0175581139258363,0.128967735408382,,,,,,,,,,,,,,,,False,True,,,,,,True,True,True,True,False,True,False,True,True,True,False,True,False
momentum|12m-0m|h1,momentum,12m-0m,1,"{""skip"": 0, ""window"": 252}",12,12,12,12,0.0106399212252286,0.010518165,0.0121128182443793,0.016955249,0.016617373,1.0,0.75,0.75,0.75,0.001474127639085,0.0161363782050708,30.0,30.0,30.0,30.0,0.0118233519533996,0.01269917,0.0132584320160727,0.015062179,0.017271103,0.9666666666666668,0.8,0.7666666666666667,0.7666666666666667,0.0014345885409663,0.016988874056066,True,True,True,True,True,True,True,True,True,True,True,True,True,True,True,True,True,True,True,True
momentum|12m-0m|h5,momentum,12m-0m,5,"{""skip"": 0, ""window"": 252}",12,12,12,12,0.0088560853437323,0.0075981263,0.0079130944257418,0.01381122,0.03267458,0.9166666666666666,0.6666666666666666,0.5833333333333334,0.5833333333333334,-0.0009464035974815,0.0287734012817963,30.0,30.0,30.0,30.0,0.0105177762186283,0.013064168,0.011201117842783,0.011216288,0.03991635,0.8,0.6666666666666666,0.5333333333333333,0.5,0.0006965172632286,0.0371775121583292,True,True,True,True,True,True,False,False,True,True,True,True,False,False,True,True,True,True,False,False
momentum|12m-0m|h10,momentum,12m-0m,10,"{""skip"": 0, ""window"": 252}",12,12,12,12,0.0049241751861945,0.004781477,0.0030488092062693,0.0053331885,0.04593895,0.6666666666666666,0.5833333333333334,0.4166666666666667,0.3333333333333333,-0.0018752909866937,0.0379705090405574,30.0,30.0,30.0,30.0,0.0069615474182258,0.011452777,0.0080383703008847,0.009842075,0.055442844,0.7666666666666667,0.5333333333333333,0.4333333333333333,0.3666666666666666,0.0010825822129845,0.0528459806616107,True,True,True,True,True,False,False,False,True,True,True,False,False,False,True,True,True,False,False,False
momentum|12m-0m|h21,momentum,12m-0m,21,"{""skip"": 0, ""window"": 252}",12,12,12,12,-0.0003866527106389,0.0014304051,-0.0005237958451851,0.008147415,0.061158203,0.5833333333333334,0.5833333333333334,0.5,0.3333333333333333,-0.0001083676082392,0.0510643570063014,30.0,30.0,30.0,30.0,0.0038777234060285,0.013134248,0.0042510905503159,0.010372035,0.07533515,0.6333333333333333,0.6,0.4333333333333333,0.3333333333333333,0.0003247955814003,0.0716082882756988,True,True,True,True,True,True,False,False,True,False,True,False,False,False,True,False,True,False,False,False
momentum|12m-0m|h42,momentum,12m-0m,42,"{""skip"": 0, ""window"": 252}",12,12,12,12,-0.00490048614053,-0.0016343349,-0.0051227997470958,0.0028387664,0.077917054,0.4166666666666667,0.5,0.4166666666666667,0.1666666666666666,-0.0001492710628857,0.0664571071198831,30.0,30.0,29.0,29.0,0.0006474948192658,0.012085889,-0.0018117072844105,-0.001188063,0.10296477,0.6,0.4827586206896552,0.5517241379310345,0.3103448275862069,-0.0009691921737173,0.0999083108878855,True,True,True,False,False,False,False,False,True,False,False,False,False,False,True,False,False,False,False,False
momentum|12m-0m|h63,momentum,12m-0m,63,"{""skip"": 0, ""window"": 252}",12,12,12,12,-0.0062332152061879,-0.0044214837,-0.0067596639564533,0.010402214,0.08756906,0.4166666666666667,0.5,0.4166666666666667,0.1666666666666666,-0.0004070970850686,0.0804788608414431,30.0,30.0,29.0,29.0,-0.0009747781965588,0.005359442,-0.0026865970829952,0.0012613457,0.11915383,0.5333333333333333,0.5517241379310345,0.5517241379310345,0.3103448275862069,6.838065796884997e-05,0.1180478766046721,True,True,True,False,True,False,False,False,True,False,False,False,False,False,True,False,False,False,False,False
momentum|12m-0m|h126,momentum,12m-0m,126,"{""skip"": 0, ""window"": 252}",12,12,12,12,-0.0054352950736872,-0.00037977978,0.0052209583748652,0.017644517,0.12860158,0.4166666666666667,0.5,0.5833333333333334,0.25,0.0108319243105749,0.1148721673525869,30.0,30.0,29.0,29.0,0.0050021239884274,0.009477552,0.0065179044855255,0.03772152,0.14561993,0.5666666666666667,0.6206896551724138,0.5172413793103449,0.3448275862068966,0.0046261870783978,0.1472590477687531,True,True,True,True,True,False,False,False,True,False,False,False,False,False,True,False,False,False,False,False
momentum|12m-0m|h252,momentum,12m-0m,252,"{""skip"": 0, ""window"": 252}",12,12,11,11,-0.0219883449122614,-0.020841163,-0.0014671724924893,0.041054703,0.15403205,0.25,0.5454545454545454,0.5454545454545454,0.1818181818181818,0.0190085966817357,0.1457235858860341,,,,,,,,,,,,,,,,False,True,,,,,,True,True,False,False,False,False,False,True,False,False,False,False,False
momentum|12m-1m|h1,momentum,12m-1m,1,"{""skip"": 21, ""window"": 252}",12,12,12,12,0.0120431830097964,0.012050413,0.0137543131447982,0.016497888,0.016166158,1.0,0.8333333333333334,0.8333333333333334,0.8333333333333334,0.0017132306238636,0.0154608257968599,30.0,30.0,30.0,30.0,0.0134874088628269,0.013871591,0.0148383321580217,0.016018778,0.016558964,0.9333333333333332,0.8666666666666667,0.8,0.8,0.0013579808330784,0.0163478075992316,True,True,True,True,True,True,True,True,True,True,True,True,True,True,True,True,True,True,True,True
momentum|12m-1m|h5,momentum,12m-1m,5,"{""skip"": 21, ""window"": 252}",12,12,12,12,0.011180060877002,0.00976876,0.0102739685057366,0.014640117,0.031533867,0.9166666666666666,0.75,0.6666666666666666,0.6666666666666666,-0.0009107167910163,0.027001995088843,30.0,30.0,30.0,30.0,0.0130687398818983,0.01570087,0.0136173031909208,0.013877962,0.03775933,0.8333333333333334,0.6666666666666666,0.5,0.5,0.0005721023461471,0.0356017896129439,True,True,True,True,True,True,False,False,True,True,True,True,True,True,True,True,True,True,False,False
momentum|12m-1m|h10,momentum,12m-1m,10,"{""skip"": 21, ""window"": 252}",12,12,12,12,0.0072376155869204,0.006334275,0.0049118453208906,0.0056814146,0.043006357,0.75,0.75,0.5,0.5,-0.0023278132236252,0.0340631213815261,30.0,30.0,30.0,30.0,0.0090798291538409,0.014518151,0.0100945346861514,0.008507615,0.05192952,0.8,0.5666666666666667,0.5,0.4333333333333333,0.0010444146270553,0.0503986456741889,True,True,True,True,True,False,False,False,True,True,True,True,False,False,True,True,True,False,False,False
momentum|12m-1m|h21,momentum,12m-1m,21,"{""skip"": 21, ""window"": 252}",12,12,12,12,0.0023100425269566,0.0027013724,0.0002767342624777,0.0029384356,0.056793343,0.6666666666666666,0.5,0.3333333333333333,0.25,-0.0020108539611101,0.0457080909982323,30.0,30.0,30.0,30.0,0.0052944144322854,0.014739249,0.0059403546159439,0.02109861,0.071176685,0.7,0.6,0.5,0.4,0.0006330247968435,0.0688271580884854,True,True,True,True,True,True,False,False,True,True,True,False,False,False,True,True,True,False,False,False
momentum|12m-1m|h42,momentum,12m-1m,42,"{""skip"": 21, ""window"": 252}",12,12,12,12,-0.0017768021139867,-0.0012058929,-0.0030809537723374,0.002703498,0.07335088,0.4166666666666667,0.5833333333333334,0.3333333333333333,0.1666666666666666,-0.0012358697131276,0.0639624406273166,30.0,30.0,29.0,29.0,0.0037493520253884,0.0131460605,0.0016188985586533,0.006595163,0.09868024,0.6666666666666666,0.5862068965517241,0.5172413793103449,0.3793103448275862,-0.0008312237513219,0.0977772525511682,True,True,True,True,True,False,False,False,True,False,False,False,False,False,True,False,False,False,False,False
momentum|12m-1m|h63,momentum,12m-1m,63,"{""skip"": 21, ""window"": 252}",12,12,12,12,-0.0046410515941357,-0.0050569773,-0.0057620452831124,0.008392472,0.085301906,0.4166666666666667,0.5,0.4166666666666667,0.1666666666666666,-0.0010015686663488,0.0782126093593736,30.0,30.0,29.0,29.0,0.0008829524605738,0.010079626,6.607743575127118e-05,0.018342631,0.118421234,0.5666666666666667,0.5172413793103449,0.4137931034482758,0.2413793103448276,0.0010225774142248,0.1161732179080617,True,True,True,True,True,False,False,False,True,False,False,False,False,False,True,False,False,False,False,False
momentum|12m-1m|h126,momentum,12m-1m,126,"{""skip"": 21, ""window"": 252}",12,12,12,12,-0.0048689171299937,-0.003617235,0.0048643728289839,0.016020872,0.12745056,0.4166666666666667,0.5,0.4166666666666667,0.1666666666666666,0.0098988317574063,0.1117864899958173,30.0,30.0,29.0,29.0,0.0065829360117045,0.015444191,0.0076546125903055,0.031545006,0.14707787,0.6,0.6206896551724138,0.4827586206896552,0.3448275862068966,0.0044920568290198,0.1499948698930956,True,True,True,True,True,True,False,False,True,False,False,False,False,False,True,False,False,False,False,False
momentum|12m-1m|h252,momentum,12m-1m,252,"{""skip"": 21, ""window"": 252}",12,12,11,11,-0.0215399875000637,-0.021954935,-0.0014625383026876,0.029326102,0.14893718,0.25,0.5454545454545454,0.5454545454545454,0.1818181818181818,0.0182412468235601,0.1402121022004973,,,,,,,,,,,,,,,,False,True,,,,,,True,True,False,False,False,False,False,True,False,False,False,False,False
momentum|12m-2m|h1,momentum,12m-2m,1,"{""skip"": 42, ""window"": 252}",12,12,12,12,0.0113004167967706,0.0104539,0.012375548976147,0.016578253,0.015572966,1.0,0.8333333333333334,0.8333333333333334,0.8333333333333334,0.0010756256524473,0.0150299335364252,30.0,30.0,30.0,30.0,0.012309285806835,0.012964289,0.0136707522779139,0.013132992,0.016079664,0.9666666666666668,0.8,0.7666666666666667,0.7666666666666667,0.0013742657378315,0.0159425185372432,True,True,True,True,True,True,True,True,True,True,True,True,True,True,True,True,True,True,True,True
momentum|12m-2m|h5,momentum,12m-2m,5,"{""skip"": 42, ""window"": 252}",12,12,12,12,0.0112360983550234,0.010457119,0.0096026259583079,0.0111411195,0.030903414,0.9166666666666666,0.75,0.6666666666666666,0.6666666666666666,-0.0016387672318766,0.0259570216294378,30.0,30.0,30.0,30.0,0.0125723184966543,0.014541237,0.0133016217151651,0.012718353,0.037755232,0.8,0.6333333333333333,0.5,0.4666666666666667,0.0007789201568812,0.037059734094267,True,True,True,True,True,True,False,False,True,True,True,True,True,True,True,True,True,True,False,False
momentum|12m-2m|h10,momentum,12m-2m,10,"{""skip"": 42, ""window"": 252}",12,12,12,12,0.007822803266889,0.007595985,0.0053853370900433,0.0011783428,0.042687405,0.75,0.5,0.25,0.25,-0.0024383527343161,0.0343384862062521,30.0,30.0,30.0,30.0,0.0096768519217238,0.011669851,0.0108475505809771,0.0099714035,0.05228763,0.7666666666666667,0.6,0.4333333333333333,0.4,0.0012241831670204,0.0526654223601023,True,True,True,True,True,True,False,False,True,True,True,False,False,False,True,True,True,False,False,False
momentum|12m-2m|h21,momentum,12m-2m,21,"{""skip"": 42, ""window"": 252}",12,12,12,12,0.0032723019698048,-0.00017468448,0.0017603556163239,3.669008e-05,0.05445205,0.5,0.5,0.5,0.25,-0.0014888008590787,0.0453119275625795,30.0,30.0,30.0,30.0,0.0065780435252236,0.01320702,0.0081136471451079,0.014778983,0.071630314,0.7,0.6666666666666666,0.4333333333333333,0.4,0.0015505012124776,0.0717364984254042,True,True,True,True,True,True,False,False,True,True,False,False,False,False,True,True,False,False,False,False
momentum|12m-2m|h42,momentum,12m-2m,42,"{""skip"": 42, ""window"": 252}",12,12,12,12,-0.0020280243583087,-0.0030270312,-0.0029695687128627,0.002909509,0.07097211,0.5,0.5,0.5,0.25,-0.0008669366749624,0.0613967172491053,30.0,30.0,29.0,29.0,0.0043082002749593,0.014566384,0.0029468200258115,0.0152711375,0.1012778,0.6333333333333333,0.6206896551724138,0.5172413793103449,0.3793103448275862,0.0002181950699666,0.1012463026904854,True,True,True,True,True,True,False,False,True,False,False,False,False,False,True,False,False,False,False,False
momentum|12m-2m|h63,momentum,12m-2m,63,"{""skip"": 42, ""window"": 252}",12,12,12,12,-0.0034986189284022,-0.0037203217,-0.0037801602492423,0.004007888,0.08583661,0.4166666666666667,0.5,0.4166666666666667,0.1666666666666666,-0.0001632378747065,0.079241635898749,30.0,30.0,29.0,29.0,0.0029429699080515,0.0029554612,0.0026320460003991,0.023261141,0.12204722,0.6,0.5172413793103449,0.4482758620689655,0.2758620689655172,0.0018537717646565,0.1194428683354936,True,True,True,True,True,False,False,False,True,False,False,False,False,False,True,False,False,False,False,False
momentum|12m-2m|h126,momentum,12m-2m,126,"{""skip"": 42, ""window"": 252}",12,12,12,12,-0.0041214654861462,-0.005515629,0.0026675047355378,0.018765368,0.12519461,0.4166666666666667,0.5,0.4166666666666667,0.1666666666666666,0.0069377672237654,0.1073012713653345,30.0,30.0,29.0,29.0,0.0078844846535212,0.022755414,0.007070295853104,0.029184246,0.14742905,0.6,0.5862068965517241,0.4482758620689655,0.3103448275862069,0.0028332585854263,0.1539247918809796,True,True,True,True,True,False,False,False,True,False,False,False,False,False,True,False,False,False,False,False
momentum|12m-2m|h252,momentum,12m-2m,252,"{""skip"": 42, ""window"": 252}",12,12,11,11,-0.0219913386627682,-0.023088548,-0.0024537159267253,0.022358483,0.14338432,0.25,0.5454545454545454,0.5454545454545454,0.1818181818181818,0.0172609524293379,0.1351922242478891,,,,,,,,,,,,,,,,False,True,,,,,,True,True,False,False,False,False,False,True,False,False,False,False,False
momentum|18m-0m|h1,momentum,18m-0m,1,"{""skip"": 0, ""window"": 378}",12,12,12,12,0.0091736585059564,0.009829441,0.0119224670981109,0.010840409,0.016309777,1.0,0.75,0.75,0.75,0.0027404833429803,0.0158428209057698,30.0,30.0,30.0,30.0,0.0101958617780694,0.00968481,0.0113619508186542,0.013981288,0.01781604,0.8666666666666667,0.6666666666666666,0.6,0.5666666666666667,0.0011465169334163,0.016694649355486,True,True,True,True,True,True,True,True,True,True,True,True,True,True,True,True,True,True,True,True
momentum|18m-0m|h5,momentum,18m-0m,5,"{""skip"": 0, ""window"": 378}",12,12,12,12,0.0107252184776884,0.008756929,0.0127436277679383,0.009980325,0.030590875,1.0,0.6666666666666666,0.6666666666666666,0.6666666666666666,0.0019999463111162,0.0285264905542135,30.0,30.0,30.0,30.0,0.0115635424733193,0.008634321,0.0115054581168574,0.01064102,0.03839025,0.6666666666666666,0.6333333333333333,0.5,0.4,-4.784937482327223e-05,0.0351315549807623,True,True,True,True,True,True,False,False,True,True,True,True,True,True,True,True,True,True,False,False
momentum|18m-0m|h10,momentum,18m-0m,10,"{""skip"": 0, ""window"": 378}",12,12,12,12,0.0078365771360985,0.0068122568,0.0105980129820227,0.0030264596,0.04442531,0.75,0.5833333333333334,0.5,0.4166666666666667,0.002741492120549,0.039026377024129,30.0,30.0,30.0,30.0,0.0091000102111085,0.0060196603,0.0095076570336753,0.011309772,0.053712618,0.5666666666666667,0.5666666666666667,0.4666666666666667,0.3,0.0004177371505647,0.04990636841394,True,True,True,True,True,False,False,False,True,True,True,False,False,False,True,True,True,False,False,False
momentum|18m-0m|h21,momentum,18m-0m,21,"{""skip"": 0, ""window"": 378}",12,12,12,12,0.0025456093968384,0.0008946473,0.0078725427274349,0.0056861495,0.062106483,0.5833333333333334,0.5,0.4166666666666667,0.25,0.0053306082651639,0.0535512852560107,30.0,30.0,30.0,30.0,0.0061176212947685,-0.0007269792,0.0062758767344946,0.0053521786,0.07598774,0.5,0.5,0.6,0.3,0.0001584443418929,0.070355179424708,True,True,True,True,False,False,True,False,True,True,True,False,False,False,True,True,False,False,False,False
momentum|18m-0m|h42,momentum,18m-0m,42,"{""skip"": 0, ""window"": 378}",12,12,12,12,-0.0046975526436519,-0.008089223,0.0017129665850417,0.005276803,0.08421105,0.3333333333333333,0.5,0.3333333333333333,0.0833333333333333,0.0064608457032591,0.0758306409697979,30.0,30.0,29.0,29.0,0.0003367423011827,0.0016603253,-0.0015768385672298,0.0012129524,0.10453532,0.5333333333333333,0.5172413793103449,0.4482758620689655,0.2413793103448276,0.00083752183629,0.0965585081581154,True,True,True,False,True,False,False,False,True,False,False,False,False,False,True,False,False,False,False,False
momentum|18m-0m|h63,momentum,18m-0m,63,"{""skip"": 0, ""window"": 378}",12,12,12,12,-0.0063608289055709,-0.009651408,0.0001974317082867,0.013352154,0.09428261,0.3333333333333333,0.5,0.3333333333333333,0.0833333333333333,0.0066597474118073,0.0898640652497609,30.0,30.0,29.0,29.0,-0.0010108747981855,0.0031217155,-0.003808119127561,0.011697246,0.11947092,0.5333333333333333,0.5172413793103449,0.5172413793103449,0.2758620689655172,0.000631742195451,0.1069906305296924,True,True,True,False,True,False,False,False,True,False,False,False,False,False,True,False,False,False,False,False
momentum|18m-0m|h126,momentum,18m-0m,126,"{""skip"": 0, ""window"": 378}",12,12,12,12,-0.0075965004631061,-0.0026578065,0.007513757510576,0.042340986,0.12466098,0.5,0.5833333333333334,0.4166666666666667,0.25,0.015281737044764,0.1262047052926694,30.0,30.0,29.0,29.0,0.0050096112063995,0.0075122393,0.0004259331316809,0.036020286,0.1604628,0.5666666666666667,0.6206896551724138,0.5862068965517241,0.3793103448275862,0.0003779275856655,0.1519843478976138,True,True,True,True,True,False,False,False,True,False,False,False,False,False,True,False,False,False,False,False
momentum|18m-0m|h252,momentum,18m-0m,252,"{""skip"": 0, ""window"": 378}",12,12,11,11,-0.0397833504490369,-0.034490574,-0.014366923395014,0.032731887,0.15556332,0.1666666666666666,0.5454545454545454,0.4545454545454545,0.0909090909090909,0.0212885919450358,0.1539273682812398,,,,,,,,,,,,,,,,False,True,,,,,,True,True,False,False,False,False,False,True,False,False,False,False,False
momentum|18m-1m|h1,momentum,18m-1m,1,"{""skip"": 21, ""window"": 378}",12,12,12,12,0.0106225990999934,0.011199772,0.0136099802936803,0.011065686,0.015604348,1.0,0.75,0.75,0.75,0.0029796179927264,0.0148397215719645,30.0,30.0,30.0,30.0,0.0117528117121393,0.010971999,0.0128606861873482,0.014807778,0.017058525,0.9333333333333332,0.7333333333333333,0.6666666666666666,0.6666666666666666,0.0010940258546421,0.0161342060348639,True,True,True,True,True,True,True,True,True,True,True,True,True,True,True,True,True,True,True,True
momentum|18m-1m|h5,momentum,18m-1m,5,"{""skip"": 21, ""window"": 378}",12,12,12,12,0.0133681501447782,0.011221298,0.0154972422156406,0.014749059,0.029706908,1.0,0.6666666666666666,0.6666666666666666,0.6666666666666666,0.0021100628655403,0.0274291639992346,30.0,30.0,30.0,30.0,0.0142407091359349,0.011665482,0.0140770485126984,0.015514987,0.037223544,0.8,0.6666666666666666,0.5333333333333333,0.5,-0.0001438881736248,0.0331632953292379,True,True,True,True,True,True,False,False,True,True,True,True,True,True,True,True,True,True,False,False
momentum|18m-1m|h10,momentum,18m-1m,10,"{""skip"": 21, ""window"": 378}",12,12,12,12,0.0108948408105261,0.009859417,0.0133619969056498,0.011143928,0.042523436,0.9166666666666666,0.6666666666666666,0.5833333333333334,0.5833333333333334,0.0024458297217885,0.0361526808701455,30.0,30.0,30.0,30.0,0.0118031305630594,0.0090371035,0.0121411156673873,0.01223127,0.051706832,0.6333333333333333,0.6333333333333333,0.5333333333333333,0.4,0.0003703014614681,0.0483279809666176,True,True,True,True,True,True,False,False,True,True,True,True,False,False,True,True,True,True,False,False
momentum|18m-1m|h21,momentum,18m-1m,21,"{""skip"": 21, ""window"": 378}",12,12,12,12,0.0062682902793464,0.0043349536,0.010230242689137,0.010613656,0.059658673,0.6666666666666666,0.5833333333333334,0.4166666666666667,0.3333333333333333,0.0039601823082193,0.047824328027976,30.0,30.0,30.0,30.0,0.0085506294934192,0.0018860415,0.008754708687605,0.0025100566,0.07420799,0.5,0.5333333333333333,0.5666666666666667,0.3,0.0002411239295421,0.0698389697645325,True,True,True,True,True,False,False,False,True,True,True,False,False,False,True,True,True,False,False,False
momentum|18m-1m|h42,momentum,18m-1m,42,"{""skip"": 21, ""window"": 378}",12,12,12,12,-0.0013522094362526,-0.0053696614,0.0044499328452538,0.0033723116,0.08043407,0.4166666666666667,0.5,0.25,0.0833333333333333,0.005848488304764,0.0726500446908176,30.0,30.0,29.0,29.0,0.0036393178570735,0.0034796237,0.0018100700450206,-0.008745271,0.10151147,0.5333333333333333,0.4827586206896552,0.4137931034482758,0.2068965517241379,0.0008193244836453,0.0951655925219429,True,True,True,True,False,False,False,False,True,False,False,False,False,False,True,False,False,False,False,False
momentum|18m-1m|h63,momentum,18m-1m,63,"{""skip"": 21, ""window"": 378}",12,12,12,12,-0.0046364604072903,-0.0052228672,0.0013204823656043,0.020674843,0.09201574,0.3333333333333333,0.5,0.3333333333333333,0.0833333333333333,0.0060590291395783,0.0880896681919694,30.0,30.0,29.0,29.0,0.0009773940977624,0.009356026,-0.0013718485902695,0.0063041835,0.1190997,0.5333333333333333,0.5517241379310345,0.4137931034482758,0.2413793103448276,0.0011627607304474,0.1075525076995635,True,True,True,False,True,False,False,False,True,False,False,False,False,False,True,False,False,False,False,False
momentum|18m-1m|h126,momentum,18m-1m,126,"{""skip"": 21, ""window"": 378}",12,12,12,12,-0.0071778914709096,-0.0018674822,0.0063487352260849,0.03971718,0.12226002,0.5,0.5833333333333334,0.4166666666666667,0.25,0.0136916791088879,0.1236328564894696,30.0,30.0,29.0,29.0,0.0062033872658267,0.020343207,0.0009846036021848,0.032495312,0.16141483,0.6,0.6206896551724138,0.5517241379310345,0.3793103448275862,2.4866569658805582e-05,0.1506349874724601,True,True,True,True,True,True,False,False,True,False,False,False,False,False,True,False,False,False,False,False
momentum|18m-1m|h252,momentum,18m-1m,252,"{""skip"": 21, ""window"": 378}",12,12,11,11,-0.0405289605287665,-0.03393625,-0.0165442267918657,0.030047659,0.15120022,0.1666666666666666,0.5454545454545454,0.4545454545454545,0.0909090909090909,0.0196362680501558,0.1479164105416699,,,,,,,,,,,,,,,,False,True,,,,,,True,True,False,False,False,False,False,True,False,False,False,False,False
momentum|18m-2m|h1,momentum,18m-2m,1,"{""skip"": 42, ""window"": 378}",12,12,12,12,0.0104982446207457,0.01102416,0.0130827822415448,0.01143161,0.015199914,1.0,0.75,0.75,0.75,0.0025763203157112,0.0145952372113242,30.0,30.0,30.0,30.0,0.0113188448035908,0.009685862,0.0123281234126727,0.016809102,0.016626813,0.9,0.7666666666666667,0.6666666666666666,0.6666666666666666,0.0009991238359361,0.0159966615183899,True,True,True,True,True,True,True,True,True,True,True,True,True,True,True,True,True,True,True,True
momentum|18m-2m|h5,momentum,18m-2m,5,"{""skip"": 42, ""window"": 378}",12,12,12,12,0.0141995438204571,0.012314664,0.0158631094505194,0.016554741,0.029409213,1.0,0.6666666666666666,0.6666666666666666,0.6666666666666666,0.001643852253134,0.0262704483078171,30.0,30.0,30.0,30.0,0.0146150984185267,0.012428276,0.0143763931804096,0.016519703,0.03770081,0.8,0.6333333333333333,0.5666666666666667,0.5,-0.0001975483493879,0.0355543752899393,True,True,True,True,True,True,False,False,True,True,True,True,True,True,True,True,True,True,False,False
momentum|18m-2m|h10,momentum,18m-2m,10,"{""skip"": 42, ""window"": 378}",12,12,12,12,0.0122493234545507,0.012063891,0.0145899115490274,0.01406914,0.041839384,0.9166666666666666,0.6666666666666666,0.5833333333333334,0.5833333333333334,0.0023190393888701,0.035056588317578,30.0,30.0,30.0,30.0,0.0131301732497454,0.011588965,0.0132441772156659,0.016074242,0.052261997,0.6333333333333333,0.6,0.5,0.3666666666666666,0.0001661612341801,0.0510598533476392,True,True,True,True,True,True,False,False,True,True,True,True,False,False,True,True,True,True,False,False
momentum|18m-2m|h21,momentum,18m-2m,21,"{""skip"": 42, ""window"": 378}",12,12,12,12,0.0078422488026065,0.008513907,0.0120894222336989,0.015745122,0.057599526,0.8333333333333334,0.5833333333333334,0.4166666666666667,0.4166666666666667,0.0042450028316428,0.047079190534229,30.0,30.0,30.0,30.0,0.0104494255063204,0.004849702,0.0108694387540537,0.0049591893,0.073810935,0.5333333333333333,0.5666666666666667,0.4333333333333333,0.2666666666666666,0.0004843073897063,0.0722317106090486,True,True,True,True,True,False,False,False,True,True,True,False,False,False,True,True,True,False,False,False
momentum|18m-2m|h42,momentum,18m-2m,42,"{""skip"": 42, ""window"": 378}",12,12,12,12,-0.0013926687494189,-0.0029922165,0.0042931944905793,0.0061308425,0.077538416,0.4166666666666667,0.5,0.25,0.0833333333333333,0.0057381285975376,0.0712701647231976,30.0,30.0,29.0,29.0,0.0044268074161251,-0.00016787287,0.002844232048207,-0.013145984,0.10255346,0.5,0.4482758620689655,0.4137931034482758,0.1724137931034483,0.0012852350121428,0.0954676320904801,True,True,True,True,False,False,False,False,True,False,False,False,False,False,True,False,False,False,False,False
momentum|18m-2m|h63,momentum,18m-2m,63,"{""skip"": 42, ""window"": 378}",12,12,12,12,-0.0031045278966098,-0.0018418848,0.002640941651196,0.021805327,0.092154756,0.3333333333333333,0.5,0.3333333333333333,0.0833333333333333,0.0058475428571303,0.0901934616267681,30.0,30.0,29.0,29.0,0.0034929745070759,0.010440747,0.0008005237843701,0.007905136,0.122507446,0.5333333333333333,0.5172413793103449,0.3793103448275862,0.2068965517241379,0.0009915092638854,0.1109108209353068,True,True,True,True,True,False,False,False,True,False,False,False,False,False,True,False,False,False,False,False
momentum|18m-2m|h126,momentum,18m-2m,126,"{""skip"": 42, ""window"": 378}",12,12,12,12,-0.0068511074438237,-0.0030625288,0.0041717734114397,0.03738569,0.119664796,0.5,0.5833333333333334,0.4166666666666667,0.25,0.0111771433924635,0.1206048916404445,30.0,30.0,29.0,29.0,0.0071149336445447,0.022902314,0.0003150455528027,0.019638643,0.16136448,0.6,0.6206896551724138,0.4827586206896552,0.3448275862068966,-0.0013343315443088,0.1500323539407088,True,True,True,True,True,True,False,False,True,False,False,False,False,False,True,False,False,False,False,False
momentum|18m-2m|h252,momentum,18m-2m,252,"{""skip"": 42, ""window"": 378}",12,12,11,11,-0.0413598729961941,-0.032355815,-0.018694676055083,0.025332164,0.14669079,0.1666666666666666,0.5454545454545454,0.4545454545454545,0.0909090909090909,0.0179909439757466,0.1430203967981717,,,,,,,,,,,,,,,,False,True,,,,,,True,True,False,False,False,False,False,True,False,False,False,False,False
momentum|24m-0m|h1,momentum,24m-0m,1,"{""skip"": 0, ""window"": 504}",12,12,12,12,0.0085458764516967,0.00830696,0.0108168232672822,0.00807199,0.016776618,1.0,0.75,0.75,0.75,0.0022633305440346,0.0165214911103248,30.0,30.0,30.0,30.0,0.009344216137328,0.008217541,0.0102467950095054,0.010159612,0.019820023,0.8333333333333334,0.7333333333333333,0.6333333333333333,0.6,0.0008828832224632,0.0168337520910426,True,True,True,True,True,True,True,True,True,True,True,True,True,True,True,True,True,True,True,True
momentum|24m-0m|h5,momentum,24m-0m,5,"{""skip"": 0, ""window"": 504}",12,12,12,12,0.009491874804642,0.008776318,0.0101488697792497,0.0103273615,0.032834306,0.8333333333333334,0.5833333333333334,0.4166666666666667,0.4166666666666667,0.0006399739068001,0.0316957796458154,30.0,30.0,30.0,30.0,0.0101310935765012,0.01280852,0.0097928027646178,0.008105742,0.04161165,0.7,0.6,0.6333333333333333,0.4666666666666667,-0.0003139412806679,0.036536649785315,True,True,True,True,True,True,True,True,True,True,True,False,False,False,True,True,True,False,False,False
momentum|24m-0m|h10,momentum,24m-0m,10,"{""skip"": 0, ""window"": 504}",12,12,12,12,0.0055871871576891,0.0056325225,0.0066115107174994,0.0039624567,0.046208926,0.6666666666666666,0.5,0.1666666666666666,0.1666666666666666,0.0010078108559052,0.0434379319970806,30.0,30.0,30.0,30.0,0.0072528409879626,0.005685034,0.0068980578426991,0.0034862233,0.055782273,0.6,0.5666666666666667,0.5,0.3333333333333333,-0.0003178687843804,0.0513217437313869,True,True,True,True,True,False,False,False,True,True,True,False,False,False,True,True,True,False,False,False
momentum|24m-0m|h21,momentum,24m-0m,21,"{""skip"": 0, ""window"": 504}",12,12,12,12,-0.0036494666345707,-0.004297708,-0.0001870206721692,0.008697319,0.065128006,0.4166666666666667,0.5833333333333334,0.1666666666666666,0.0833333333333333,0.0034666559658944,0.0614412611660858,30.0,30.0,30.0,30.0,0.0004099037482747,-0.00024384295,-0.0002243971557106,0.0034960604,0.07641242,0.5,0.5333333333333333,0.5,0.2666666666666666,-0.0005867408588528,0.0725103392576178,True,True,True,False,False,False,False,False,True,False,False,False,False,False,True,False,False,False,False,False
momentum|24m-0m|h42,momentum,24m-0m,42,"{""skip"": 0, ""window"": 504}",12,12,12,12,-0.0141843085042673,-0.015388466,-0.0094720517865933,-0.013480445,0.08629717,0.25,0.5,0.25,0.0,0.0047580474056303,0.0854350143733124,30.0,30.0,29.0,29.0,-0.0088668071702741,-0.0081457235,-0.0105608027006522,-0.026522432,0.10499529,0.4,0.4482758620689655,0.5172413793103449,0.1724137931034483,0.0012117098888446,0.1007165776501441,True,True,True,False,False,False,False,False,True,False,False,False,False,False,True,False,False,False,False,False
momentum|24m-0m|h63,momentum,24m-0m,63,"{""skip"": 0, ""window"": 504}",12,12,12,12,-0.019555675830846,-0.021979537,-0.0128977706333692,-0.019143023,0.09480703,0.1666666666666666,0.5,0.3333333333333333,0.0,0.0067489553863803,0.0986421024426817,30.0,30.0,29.0,29.0,-0.0146990875464175,-0.012748739,-0.0143677849166273,0.005622885,0.122489184,0.4333333333333333,0.5517241379310345,0.4482758620689655,0.2068965517241379,0.0039603341178133,0.1165252172805625,True,True,True,False,False,False,False,False,True,False,False,False,False,False,True,False,False,False,False,False
momentum|24m-0m|h126,momentum,24m-0m,126,"{""skip"": 0, ""window"": 504}",12,12,12,12,-0.0302953134167749,-0.026765374,-0.0080436546506077,0.022286497,0.12786114,0.0833333333333333,0.5,0.4166666666666667,0.0,0.0224183872342109,0.1330647841095924,30.0,30.0,29.0,29.0,-0.0206232245511857,-0.02750577,-0.0156884263717771,0.022600848,0.16528313,0.4333333333333333,0.6206896551724138,0.3793103448275862,0.2068965517241379,0.0103939583139686,0.1578412790429489,True,True,True,False,False,False,False,False,True,False,False,False,False,False,True,False,False,False,False,False
momentum|24m-0m|h252,momentum,24m-0m,252,"{""skip"": 0, ""window"": 504}",12,12,11,11,-0.0450871218601678,-0.038641118,-0.0119730638692726,-0.028440438,0.17254554,0.1666666666666666,0.4545454545454545,0.5454545454545454,0.0909090909090909,0.0300918382338502,0.1664051703092726,,,,,,,,,,,,,,,,False,True,,,,,,True,True,False,False,False,False,False,True,False,False,False,False,False
momentum|24m-1m|h1,momentum,24m-1m,1,"{""skip"": 21, ""window"": 504}",12,12,12,12,0.0100684456966074,0.009755161,0.0125820762730858,0.008783775,0.016024439,1.0,0.75,0.75,0.75,0.0025069862604141,0.0155487886319557,30.0,30.0,30.0,30.0,0.0109621335456917,0.010025902,0.0118135909929708,0.012100495,0.0189526,0.8666666666666667,0.7333333333333333,0.6666666666666666,0.6333333333333333,0.0008364969903292,0.015722538162178,True,True,True,True,True,True,True,True,True,True,True,True,True,True,True,True,True,True,True,True
momentum|24m-1m|h5,momentum,24m-1m,5,"{""skip"": 21, ""window"": 504}",12,12,12,12,0.012417420356819,0.0122799,0.0132974020936486,0.014608141,0.031718772,1.0,0.6666666666666666,0.6666666666666666,0.6666666666666666,0.0008632909351338,0.0312034373637288,30.0,30.0,30.0,30.0,0.0131286954529776,0.016626474,0.0126369731982038,0.01294614,0.040708534,0.7666666666666667,0.6333333333333333,0.6,0.5,-0.0004607072526899,0.035462236276362,True,True,True,True,True,True,True,True,True,True,True,True,True,True,True,True,True,True,True,True
momentum|24m-1m|h10,momentum,24m-1m,10,"{""skip"": 21, ""window"": 504}",12,12,12,12,0.0091653165181604,0.010319823,0.010142676309467,0.006739015,0.044273634,0.75,0.5,0.25,0.25,0.0009607371563712,0.042327228312691,30.0,30.0,30.0,30.0,0.0105962007145533,0.011124272,0.0101369782098981,0.0039794254,0.05449453,0.6666666666666666,0.5666666666666667,0.5,0.3666666666666666,-0.0004077299653242,0.0502156293795754,True,True,True,True,True,False,False,False,True,True,True,False,False,False,True,True,True,False,False,False
momentum|24m-1m|h21,momentum,24m-1m,21,"{""skip"": 21, ""window"": 504}",12,12,12,12,0.0007435160211385,0.00073666126,0.0033484693268539,0.008266854,0.06311061,0.5,0.5833333333333334,0.0833333333333333,0.0833333333333333,0.002605182894816,0.0592433637939393,30.0,30.0,30.0,30.0,0.0036727568338087,0.003686131,0.0031349292158369,0.003559422,0.07550725,0.5666666666666667,0.5,0.5333333333333333,0.3,-0.0004619784497966,0.0718292458758999,True,True,True,True,True,False,False,False,True,True,True,False,False,False,True,True,True,False,False,False
momentum|24m-1m|h42,momentum,24m-1m,42,"{""skip"": 21, ""window"": 504}",12,12,12,12,-0.0104341778245233,-0.012052681,-0.006163622573576,-0.013604995,0.08301207,0.25,0.5,0.25,0.0,0.0043121085812648,0.0829256518433491,30.0,30.0,29.0,29.0,-0.0054067404456729,-0.0029561706,-0.0068202677645322,-0.021065582,0.10279167,0.4333333333333333,0.4482758620689655,0.4827586206896552,0.1724137931034483,0.0013454456267685,0.0980786227717481,True,True,True,False,False,False,False,False,True,False,False,False,False,False,True,False,False,False,False,False
momentum|24m-1m|h63,momentum,24m-1m,63,"{""skip"": 21, ""window"": 504}",12,12,12,12,-0.0175007069204981,-0.019883927,-0.0112453063245124,-0.022134189,0.09335199,0.1666666666666666,0.5,0.3333333333333333,0.0,0.0063448920845985,0.0977376302083333,30.0,30.0,29.0,29.0,-0.0127751870485788,-0.009221947,-0.0118993619369551,-0.0006802019,0.12273202,0.4333333333333333,0.4827586206896552,0.4482758620689655,0.1724137931034483,0.0045233198987512,0.115441288831162,True,True,True,False,False,False,False,False,True,False,False,False,False,False,True,False,False,False,False,False
momentum|24m-1m|h126,momentum,24m-1m,126,"{""skip"": 21, ""window"": 504}",12,12,12,12,-0.0296007211320895,-0.027713146,-0.0086640934870288,0.02052853,0.12725586,0.0833333333333333,0.5,0.4166666666666667,0.0,0.0210950582598646,0.1306757340207696,30.0,30.0,29.0,29.0,-0.0198747397883026,-0.024889478,-0.0150834738836407,0.033121396,0.16774873,0.4333333333333333,0.5517241379310345,0.3793103448275862,0.1724137931034483,0.010469665686632,0.1593462093893824,True,True,True,False,False,False,False,False,True,False,False,False,False,False,True,False,False,False,False,False
momentum|24m-1m|h252,momentum,24m-1m,252,"{""skip"": 21, ""window"": 504}",12,12,11,11,-0.0455297860822448,-0.039580464,-0.0134449738657877,-0.030693362,0.16926116,0.1666666666666666,0.4545454545454545,0.5454545454545454,0.0909090909090909,0.0287416374141519,0.1618309965865178,,,,,,,,,,,,,,,,False,True,,,,,,True,True,False,False,False,False,False,True,False,False,False,False,False
momentum|24m-2m|h1,momentum,24m-2m,1,"{""skip"": 42, ""window"": 504}",12,12,12,12,0.0099415097937785,0.009713676,0.0121671735529551,0.009810276,0.01583672,1.0,0.75,0.75,0.75,0.0022180876694619,0.0154948287333051,30.0,30.0,30.0,30.0,0.0105253919531545,0.009686654,0.0113556256393015,0.013413236,0.019212913,0.8666666666666667,0.7333333333333333,0.6666666666666666,0.6333333333333333,0.0008181787949676,0.0162479102999592,True,True,True,True,True,True,True,True,True,True,True,True,True,True,True,True,True,True,True,True
momentum|24m-2m|h5,momentum,24m-2m,5,"{""skip"": 42, ""window"": 504}",12,12,12,12,0.0129521304136672,0.012723504,0.0134696692954736,0.013668159,0.03175259,1.0,0.6666666666666666,0.6666666666666666,0.6666666666666666,0.0005000417586416,0.0310517356265336,30.0,30.0,30.0,30.0,0.0131876774464782,0.01519398,0.0127012877558238,0.010060226,0.04144768,0.8,0.6,0.5333333333333333,0.4666666666666667,-0.000436601692733,0.0368320613148777,True,True,True,True,True,True,False,False,True,True,True,True,True,True,True,True,True,True,False,False
momentum|24m-2m|h10,momentum,24m-2m,10,"{""skip"": 42, ""window"": 504}",12,12,12,12,0.0098723920532323,0.011441637,0.0106884349297856,0.00924452,0.044066492,0.8333333333333334,0.5,0.3333333333333333,0.3333333333333333,0.0007989650281767,0.0416896040551364,30.0,30.0,30.0,30.0,0.0111858911737308,0.010424681,0.0105918980393786,0.0074214176,0.05494717,0.7333333333333333,0.5333333333333333,0.5333333333333333,0.4,-0.0005238536434868,0.0507526511636873,True,True,True,True,True,False,False,False,True,True,True,False,False,False,True,True,True,False,False,False
momentum|24m-2m|h21,momentum,24m-2m,21,"{""skip"": 42, ""window"": 504}",12,12,12,12,0.0014564684650695,0.0027638385,0.0041700708741572,0.012149675,0.06180034,0.5,0.5833333333333334,0.0833333333333333,0.0833333333333333,0.002713106572628,0.0589782608052094,30.0,30.0,30.0,30.0,0.0045750305192026,0.00090163224,0.0041978200862989,-0.005694324,0.0752028,0.5,0.5,0.4666666666666667,0.2333333333333333,-0.0002739298467834,0.0710558591410517,True,True,True,True,False,False,False,False,True,True,True,False,False,False,True,True,False,False,False,False
momentum|24m-2m|h42,momentum,24m-2m,42,"{""skip"": 42, ""window"": 504}",12,12,12,12,-0.0108940299554701,-0.010941305,-0.0066595900090345,-0.015090057,0.0814385,0.25,0.5,0.25,0.0,0.0042790449224412,0.0823338328239818,30.0,30.0,29.0,29.0,-0.0054985641867224,-0.0031518722,-0.0065042547695696,-0.02543079,0.10367156,0.4666666666666667,0.4482758620689655,0.3793103448275862,0.1379310344827586,0.0019487840733651,0.0993003789335489,True,True,True,False,False,False,False,False,True,False,False,False,False,False,True,False,False,False,False,False
momentum|24m-2m|h63,momentum,24m-2m,63,"{""skip"": 42, ""window"": 504}",12,12,12,12,-0.01660147491336,-0.01798376,-0.0106738610767109,-0.021150129,0.09436496,0.1666666666666666,0.5,0.3333333333333333,0.0,0.0060140900313854,0.0999469676365455,30.0,30.0,29.0,29.0,-0.0115122027435948,-0.004014345,-0.0106048429885857,-0.013698746,0.12602308,0.4666666666666667,0.4827586206896552,0.4827586206896552,0.2068965517241379,0.0047171918097241,0.1170377007460799,True,True,True,False,False,False,False,False,True,False,False,False,False,False,True,False,False,False,False,False
momentum|24m-2m|h126,momentum,24m-2m,126,"{""skip"": 42, ""window"": 504}",12,12,12,12,-0.0302502416486571,-0.029699137,-0.0119389878169956,0.017772546,0.124969155,0.0833333333333333,0.5,0.4166666666666667,0.0,0.0184581630552808,0.1269453034425775,30.0,30.0,29.0,29.0,-0.0204496322381074,-0.024235161,-0.0166179800004151,0.032873843,0.16747591,0.4333333333333333,0.5517241379310345,0.3793103448275862,0.1724137931034483,0.0096588720535409,0.1576524733983237,True,True,True,False,False,False,False,False,True,False,False,False,False,False,True,False,False,False,False,False
momentum|24m-2m|h252,momentum,24m-2m,252,"{""skip"": 42, ""window"": 504}",12,12,11,11,-0.0469877994304583,-0.04051196,-0.0160427428189815,-0.035031073,0.16539238,0.1666666666666666,0.4545454545454545,0.5454545454545454,0.0909090909090909,0.0272130981426347,0.1571648708460006,,,,,,,,,,,,,,,,False,True,,,,,,True,True,False,False,False,False,False,True,False,False,False,False,False
momentum|3m-0m|h1,momentum,3m-0m,1,"{""skip"": 0, ""window"": 63}",12,12,12,12,0.0005493298032156,0.00048648132,0.0008191323164551,0.00012612318,0.009051478,0.5833333333333334,0.5,0.4166666666666667,0.25,0.0002784548851195,0.0078827613906469,30.0,30.0,30.0,30.0,0.0011427450705616,0.0006872002,0.0019737362510534,0.0033768457,0.011812975,0.5333333333333333,0.6,0.3333333333333333,0.2333333333333333,0.0008086546013752,0.0122539496670166,True,True,True,True,True,False,False,False,True,True,True,False,False,False,True,True,True,False,False,False
momentum|3m-0m|h5,momentum,3m-0m,5,"{""skip"": 0, ""window"": 63}",12,12,12,12,-0.0051173710513329,-0.004031082,-0.0061377953785651,-0.0061621023,0.02041836,0.25,0.3333333333333333,0.4166666666666667,0.0,-0.0010220432498802,0.0181315705801049,30.0,30.0,30.0,30.0,-0.0049548821863837,-0.0077351723,-0.0044729260486903,-0.0067741056,0.025552731,0.3,0.4333333333333333,0.4,0.0666666666666666,0.0004006048354009,0.0256732223865886,True,True,True,False,False,False,False,False,True,False,False,False,False,False,True,False,False,False,False,False
momentum|3m-0m|h10,momentum,3m-0m,10,"{""skip"": 0, ""window"": 63}",12,12,12,12,-0.0079139998343936,-0.0061024656,-0.0105433630836649,-0.0072990004,0.029626366,0.25,0.3333333333333333,0.4166666666666667,0.0,-0.0026396251826857,0.0263248229166492,30.0,30.0,30.0,30.0,-0.0080349584036162,-0.01167286,-0.0079125439365263,-0.008450506,0.040879436,0.3,0.4666666666666667,0.5,0.1333333333333333,-1.915832981467247e-05,0.0402778268170853,True,True,True,False,False,False,False,False,True,False,False,False,False,False,True,False,False,False,False,False
momentum|3m-0m|h21,momentum,3m-0m,21,"{""skip"": 0, ""window"": 63}",12,12,12,12,-0.0067438998335539,-0.0035788647,-0.0089033205291124,-0.009980543,0.03758066,0.3333333333333333,0.4166666666666667,0.4166666666666667,0.0833333333333333,-0.0021745209426929,0.0324837212295581,30.0,30.0,30.0,30.0,-0.0061380019645281,-0.005247731,-0.0079584804674813,-0.016209789,0.057841256,0.4333333333333333,0.4666666666666667,0.5666666666666667,0.2333333333333333,-0.0021070135446886,0.057938480284065,True,True,True,False,False,False,False,False,True,False,False,False,False,False,True,False,False,False,False,False
momentum|3m-0m|h42,momentum,3m-0m,42,"{""skip"": 0, ""window"": 63}",12,12,12,12,-0.0114461166678676,-0.014004188,-0.0135820056711409,-0.008688897,0.04626806,0.1666666666666666,0.3333333333333333,0.5,0.0,-0.0021473585317532,0.0372774141530195,30.0,30.0,29.0,29.0,-0.0131741620435438,-0.017734066,-0.0149181399906571,-0.0058958177,0.07674438,0.3333333333333333,0.4137931034482758,0.3793103448275862,0.0689655172413793,-0.0019902362134949,0.0796328256356305,True,True,True,False,False,False,False,False,True,False,False,False,False,False,True,False,False,False,False,False
momentum|3m-0m|h63,momentum,3m-0m,63,"{""skip"": 0, ""window"": 63}",12,12,12,12,-0.0086375630736959,-0.010673596,-0.0083979011292342,-0.014593764,0.046334483,0.3333333333333333,0.4166666666666667,0.5833333333333334,0.1666666666666666,0.0002602708215514,0.039583107146124,30.0,30.0,29.0,29.0,-0.0127826181913978,-0.02062923,-0.0131586009624492,-0.013246723,0.08097022,0.4,0.4137931034482758,0.4482758620689655,0.1379310344827586,-0.0010637994534496,0.0810231379843477,True,True,True,False,False,False,False,False,True,False,False,False,False,False,True,False,False,False,False,False
momentum|3m-0m|h126,momentum,3m-0m,126,"{""skip"": 0, ""window"": 63}",12,12,12,12,-0.0030078519523298,0.0012676842,0.0153607512954462,0.019516509,0.05754423,0.5,0.75,0.5833333333333334,0.4166666666666667,0.01846876515386,0.0535349900989482,30.0,30.0,29.0,29.0,-0.0032908354764827,0.0043548765,0.005764373966544,0.023575483,0.0851049,0.6,0.5517241379310345,0.6206896551724138,0.3793103448275862,0.009321730744479,0.0799775275498114,True,True,True,False,True,False,True,False,True,False,True,False,False,False,True,False,True,False,False,False
momentum|3m-0m|h252,momentum,3m-0m,252,"{""skip"": 0, ""window"": 63}",12,12,11,11,0.0001271335695562,-0.0030601537,0.0107011234622773,0.0031521206,0.062404905,0.3333333333333333,0.5454545454545454,0.3636363636363636,0.0909090909090909,0.0130517550490119,0.0544592253863811,,,,,,,,,,,,,,,,False,True,,,,,,True,True,True,False,False,False,False,True,True,False,False,False,False
momentum|3m-1m|h1,momentum,3m-1m,1,"{""skip"": 21, ""window"": 63}",12,12,12,12,0.0036112233301912,0.0038681421,0.004644095509122,0.003139778,0.00738423,0.75,0.75,0.5,0.5,0.0010429035173729,0.0071273669988537,30.0,30.0,30.0,30.0,0.004342881036888,0.004546751,0.0048137423549002,0.0060951,0.011572517,0.7666666666666667,0.6,0.5,0.4333333333333333,0.0004412425138677,0.0111731875455006,True,True,True,True,True,True,False,False,True,True,True,True,False,False,True,True,True,True,False,False
momentum|3m-1m|h5,momentum,3m-1m,5,"{""skip"": 21, ""window"": 63}",12,12,12,12,-0.0003934541579556,0.00023939216,-0.0009139144800558,-4.09981e-05,0.018260645,0.5,0.5,0.3333333333333333,0.1666666666666666,-0.0005257635105711,0.0164934750064276,30.0,30.0,30.0,30.0,-0.0002727667212735,-0.0010410416,-0.0008366117514367,-0.00069531484,0.02816235,0.4666666666666667,0.4666666666666667,0.4,0.1666666666666666,-0.000689714991798,0.0277105427347123,True,True,True,False,False,False,False,False,True,False,False,False,False,False,True,False,False,False,False,False
momentum|3m-1m|h10,momentum,3m-1m,10,"{""skip"": 21, ""window"": 63}",12,12,12,12,-0.0025039631432005,-0.0011066652,-0.0055463509556989,-0.0046281107,0.027776316,0.4166666666666667,0.3333333333333333,0.5833333333333334,0.1666666666666666,-0.0030629338580183,0.0229974210378713,30.0,30.0,30.0,30.0,-0.0042961947979578,-0.00935398,-0.005148909854442,-0.0010577075,0.0435195,0.4666666666666667,0.4666666666666667,0.4666666666666667,0.2,-0.0010219715225199,0.0434630194989343,True,True,True,False,False,False,False,False,True,False,False,False,False,False,True,False,False,False,False,False
momentum|3m-1m|h21,momentum,3m-1m,21,"{""skip"": 21, ""window"": 63}",12,12,12,12,0.0010687168996657,0.0015925798,-0.0030883476113427,0.0043376954,0.03969551,0.5,0.5833333333333334,0.5833333333333334,0.3333333333333333,-0.0041903187520802,0.0284733038085202,30.0,30.0,30.0,30.0,-0.0029687405439328,-0.010312913,-0.0051715968522571,-0.014832244,0.06500168,0.4666666666666667,0.4666666666666667,0.4666666666666667,0.2,-0.0024920960888266,0.0678695843244592,True,True,True,False,False,False,False,False,True,False,True,False,False,False,True,False,False,False,False,False
momentum|3m-1m|h42,momentum,3m-1m,42,"{""skip"": 21, ""window"": 63}",12,12,12,12,-0.0020395067045927,0.000900542,-0.0044866147527632,0.003697291,0.039074726,0.5833333333333334,0.5833333333333334,0.5,0.3333333333333333,-0.0024651571099335,0.0308893958184247,30.0,30.0,29.0,29.0,-0.0058782877357738,-0.010453744,-0.0065578130822836,-0.0049376297,0.07181035,0.4,0.4827586206896552,0.3793103448275862,0.1379310344827586,-0.0014389588593922,0.0760802612800536,True,True,True,False,False,False,False,False,True,False,True,False,False,False,True,False,False,False,False,False
momentum|3m-1m|h63,momentum,3m-1m,63,"{""skip"": 21, ""window"": 63}",12,12,12,12,-0.0019707709604135,-0.00044253696,-0.0016880548567461,-0.0052450774,0.035842348,0.5,0.4166666666666667,0.4166666666666667,0.1666666666666666,0.0003196228062734,0.029345957445912,30.0,30.0,29.0,29.0,-0.0070682436506958,-0.012652584,-0.005094589332855,-1.5049234e-05,0.066647746,0.4333333333333333,0.4827586206896552,0.4827586206896552,0.2068965517241379,0.0012046352093075,0.0686937771287971,True,True,True,False,False,False,False,False,True,False,False,False,False,False,True,False,False,False,False,False
momentum|3m-1m|h126,momentum,3m-1m,126,"{""skip"": 21, ""window"": 63}",12,12,12,12,-5.8797518323020754e-05,0.0063851885,0.0183891463664349,0.033219934,0.044544652,0.5833333333333334,0.6666666666666666,0.5833333333333334,0.4166666666666667,0.0185478028530875,0.0456793187186121,30.0,30.0,29.0,29.0,0.0004846877195565,0.0048915674,0.0109071361500088,0.028938776,0.07201766,0.5,0.6206896551724138,0.5862068965517241,0.3448275862068966,0.0110102288168052,0.0596749476831534,True,True,True,True,True,False,False,False,True,False,True,False,False,False,True,False,True,False,False,False
momentum|3m-1m|h252,momentum,3m-1m,252,"{""skip"": 21, ""window"": 63}",12,12,11,11,0.0032228971677672,-0.002248863,0.0124959472564824,0.0043027475,0.049502194,0.4166666666666667,0.7272727272727273,0.4545454545454545,0.2727272727272727,0.0112924685024402,0.0414333012463016,,,,,,,,,,,,,,,,False,True,,,,,,True,True,True,False,False,False,False,True,True,False,False,False,False
momentum|6m-0m|h1,momentum,6m-0m,1,"{""skip"": 0, ""window"": 126}",12,12,12,12,0.00740280352136,0.007406299,0.0083366656676551,0.010550665,0.00941113,1.0,0.75,0.75,0.75,0.0009400383181249,0.0086418961097175,30.0,30.0,30.0,30.0,0.0076965755701858,0.007734687,0.0092808305488439,0.008157443,0.012623501,0.9,0.8,0.7,0.7,0.0015753152780234,0.01313215320309,True,True,True,True,True,True,True,True,True,True,True,True,True,True,True,True,True,True,True,True
momentum|6m-0m|h5,momentum,6m-0m,5,"{""skip"": 0, ""window"": 126}",12,12,12,12,0.0041258858040709,0.0022338931,0.0047034159200259,0.006170517,0.018265793,0.6666666666666666,0.5833333333333334,0.5833333333333334,0.4166666666666667,0.0005793374148197,0.01634404953802,30.0,30.0,30.0,30.0,0.0034902670817425,0.0027639265,0.0057679969149787,0.010769725,0.02493401,0.5666666666666667,0.6,0.3666666666666666,0.2666666666666666,0.0022543319733813,0.026776701483565,True,True,True,True,True,False,False,False,True,True,True,False,False,False,True,True,True,False,False,False
momentum|6m-0m|h10,momentum,6m-0m,10,"{""skip"": 0, ""window"": 126}",12,12,12,12,-0.0003183120749507,-0.0048862873,0.0004652488488451,0.003071161,0.026217042,0.4166666666666667,0.5,0.4166666666666667,0.1666666666666666,0.0007856642672171,0.0232852924770365,30.0,30.0,30.0,30.0,-0.0013076514477746,-0.002273203,0.0019038322626857,0.008179478,0.035227887,0.4,0.5666666666666667,0.3,0.1333333333333333,0.0031539433790991,0.0375860129017382,True,True,True,False,False,False,False,False,True,False,False,False,False,False,True,False,False,False,False,False
momentum|6m-0m|h21,momentum,6m-0m,21,"{""skip"": 0, ""window"": 126}",12,12,12,12,-0.002445609809919,-0.0065533896,-0.0002671793400081,0.0102126645,0.036480486,0.3333333333333333,0.6666666666666666,0.3333333333333333,0.1666666666666666,0.0021898533450439,0.0339511767573033,30.0,30.0,30.0,30.0,-0.0024444033846627,-0.00027321957,-1.857661214763353e-06,0.011069706,0.04890367,0.5,0.6,0.5,0.3,0.0022879076345513,0.0470249891746789,True,True,True,False,False,False,False,False,True,False,False,False,False,False,True,False,False,False,False,False
momentum|6m-0m|h42,momentum,6m-0m,42,"{""skip"": 0, ""window"": 126}",12,12,12,12,-0.0057430558045018,-0.0056905113,0.0017775560753429,0.010536226,0.045544643,0.3333333333333333,0.6666666666666666,0.3333333333333333,0.1666666666666666,0.007558098838975,0.0441302638500928,30.0,30.0,29.0,29.0,-0.00647010651101,-0.005236864,-0.0029967350318102,0.008845898,0.06940036,0.4333333333333333,0.5517241379310345,0.4482758620689655,0.2068965517241379,0.0042337511890921,0.0629306923726509,True,True,True,False,False,False,False,False,True,False,False,False,False,False,True,False,False,False,False,False
momentum|6m-0m|h63,momentum,6m-0m,63,"{""skip"": 0, ""window"": 126}",12,12,12,12,-0.0052088521978244,-0.0008401923,0.00650683772578,0.01275491,0.04841704,0.5,0.6666666666666666,0.5,0.3333333333333333,0.0117906149243935,0.0466241489242141,30.0,30.0,29.0,29.0,-0.0066003677240852,0.0039611985,-0.0006564309948726,0.015539816,0.07863025,0.5666666666666667,0.5172413793103449,0.4827586206896552,0.2758620689655172,0.0069340477087374,0.0702700024663374,True,True,True,False,True,False,False,False,True,False,False,False,False,False,True,False,False,False,False,False
momentum|6m-0m|h126,momentum,6m-0m,126,"{""skip"": 0, ""window"": 126}",12,12,12,12,0.0079258885646625,0.012059857,0.0258478301613066,0.041520704,0.08498269,0.75,0.6666666666666666,0.5833333333333334,0.5,0.0180613290673742,0.0847272921819239,30.0,30.0,29.0,29.0,0.0094925251655462,0.008707629,0.0222054364163278,0.04054739,0.10198066,0.5333333333333333,0.6206896551724138,0.4137931034482758,0.2758620689655172,0.0146557733673473,0.1066942416645329,True,True,True,True,True,False,False,False,True,True,True,True,False,False,True,True,True,False,False,False
momentum|6m-0m|h252,momentum,6m-0m,252,"{""skip"": 0, ""window"": 126}",12,12,11,11,-0.0098976623578576,-0.013928865,0.0082582667920162,-0.0018134874,0.10944907,0.25,0.4545454545454545,0.5454545454545454,0.0909090909090909,0.0201879447664726,0.0982472452081062,,,,,,,,,,,,,,,,False,True,,,,,,True,True,False,False,False,False,False,True,False,False,False,False,False
momentum|6m-1m|h1,momentum,6m-1m,1,"{""skip"": 21, ""window"": 126}",12,12,12,12,0.0088317038041335,0.00848745,0.0103692559048908,0.009811105,0.0076845596,1.0,0.9166666666666666,0.9166666666666666,0.9166666666666666,0.0015463913441635,0.0067587280063889,30.0,30.0,30.0,30.0,0.0092375493068375,0.00936464,0.0107968383121448,0.011213423,0.013017088,0.9,0.8333333333333334,0.7333333333333333,0.7333333333333333,0.0015490943177913,0.013118162479562,True,True,True,True,True,True,True,True,True,True,True,True,True,True,True,True,True,True,True,True
momentum|6m-1m|h5,momentum,6m-1m,5,"{""skip"": 21, ""window"": 126}",12,12,12,12,0.0055110354865667,0.0043251673,0.0064774446965197,0.0077341124,0.01431049,0.5833333333333334,0.6666666666666666,0.4166666666666667,0.3333333333333333,0.0009707271431883,0.0128332880946497,30.0,30.0,30.0,30.0,0.0047335178919417,0.0059681903,0.0069522660459078,0.0067301253,0.025087006,0.6666666666666666,0.6333333333333333,0.5,0.4,0.0021824826175967,0.0254030484395722,True,True,True,True,True,True,False,False,True,True,True,False,False,False,True,True,True,False,False,False
momentum|6m-1m|h10,momentum,6m-1m,10,"{""skip"": 21, ""window"": 126}",12,12,12,12,0.0001958863725131,-0.0002649391,0.0009894682068378,0.0017055206,0.01997291,0.5,0.5833333333333334,0.4166666666666667,0.25,0.0007972726598381,0.0177705106325447,30.0,30.0,30.0,30.0,-0.0018025488814711,-3.4590485e-05,0.0016679921655746,0.0017442678,0.035036888,0.5,0.5,0.4,0.2,0.0034158997780953,0.0361810221569612,True,True,True,False,False,False,False,False,True,True,False,False,False,False,True,False,False,False,False,False
momentum|6m-1m|h21,momentum,6m-1m,21,"{""skip"": 21, ""window"": 126}",12,12,12,12,-0.0020277610823822,-0.003763123,-0.0008484702043138,0.0018921007,0.029087828,0.4166666666666667,0.5833333333333334,0.3333333333333333,0.1666666666666666,0.0011906206297377,0.0269053980397681,30.0,30.0,30.0,30.0,-0.0046504291969028,0.00016853341,-0.0013854491255747,0.003956802,0.04875438,0.5,0.5666666666666667,0.4,0.2333333333333333,0.0031310664257034,0.0465845481414968,True,True,True,False,True,False,False,False,True,False,False,False,False,False,True,False,False,False,False,False
momentum|6m-1m|h42,momentum,6m-1m,42,"{""skip"": 21, ""window"": 126}",12,12,12,12,-0.0040968363840217,-0.0014748444,0.0038354318166821,0.00847726,0.03272179,0.5,0.6666666666666666,0.5,0.3333333333333333,0.0079715517155515,0.0322424668314245,30.0,30.0,29.0,29.0,-0.0060110967455636,0.0032435642,-0.0012878959453025,0.008106747,0.060226925,0.5333333333333333,0.5517241379310345,0.4827586206896552,0.2758620689655172,0.0051270283694411,0.0523723592210946,True,True,True,False,True,False,False,False,True,False,False,False,False,False,True,False,False,False,False,False
momentum|6m-1m|h63,momentum,6m-1m,63,"{""skip"": 21, ""window"": 126}",12,12,12,12,-0.0043611320956017,-0.00091551454,0.0076274214095418,0.013886414,0.04023171,0.4166666666666667,0.5833333333333334,0.3333333333333333,0.1666666666666666,0.0120726295281201,0.0395993106843282,30.0,30.0,29.0,29.0,-0.0062539600752007,0.003360304,0.0017959687272497,0.008693389,0.06813969,0.5666666666666667,0.5517241379310345,0.5172413793103449,0.3103448275862069,0.0089560283733339,0.0611779456958174,True,True,True,False,True,False,False,False,True,False,False,False,False,False,True,False,False,False,False,False
momentum|6m-1m|h126,momentum,6m-1m,126,"{""skip"": 21, ""window"": 126}",12,12,12,12,0.008637121368527,0.014176426,0.0250653209554486,0.038235135,0.084180914,0.75,0.6666666666666666,0.5833333333333334,0.5,0.0165619392646476,0.0821998425526544,30.0,30.0,29.0,29.0,0.0104758132121365,0.008210946,0.0236594670888599,0.04465165,0.10226175,0.5666666666666667,0.5862068965517241,0.4827586206896552,0.3103448275862069,0.0153395690280815,0.1034190487758866,True,True,True,True,True,False,False,False,True,True,True,True,False,False,True,True,True,False,False,False
momentum|6m-1m|h252,momentum,6m-1m,252,"{""skip"": 21, ""window"": 126}",12,12,11,11,-0.0080862895805185,-0.009950923,0.0082866563394428,-0.0131829865,0.10187336,0.3333333333333333,0.4545454545454545,0.4545454545454545,0.0909090909090909,0.017976311628114,0.0894322464750571,,,,,,,,,,,,,,,,False,True,,,,,,True,True,False,False,False,False,False,True,False,False,False,False,False
momentum|6m-2m|h1,momentum,6m-2m,1,"{""skip"": 42, ""window"": 126}",12,12,12,12,0.0083480015383333,0.0076328376,0.0094206305484567,0.007699999,0.007520163,1.0,0.9166666666666666,0.9166666666666666,0.9166666666666666,0.0010815159378883,0.0072192189788135,30.0,30.0,30.0,30.0,0.0080583454493894,0.00885968,0.0098080685719957,0.011198593,0.013200139,0.8333333333333334,0.8333333333333334,0.6666666666666666,0.6666666666666666,0.00175724242193,0.01291416369689,True,True,True,True,True,True,True,True,True,True,True,True,True,True,True,True,True,True,True,True
momentum|6m-2m|h5,momentum,6m-2m,5,"{""skip"": 42, ""window"": 126}",12,12,12,12,0.006189068882398,0.004539565,0.0070456301338595,0.00564015,0.013894505,0.5833333333333334,0.75,0.5,0.4166666666666667,0.0008652628942703,0.0128712635099266,30.0,30.0,30.0,30.0,0.0042325254051425,0.0035331808,0.0069823398005923,0.012880777,0.02558304,0.6666666666666666,0.6,0.4666666666666667,0.3666666666666666,0.0027717624635746,0.0242005288756142,True,True,True,True,True,True,False,False,True,True,True,False,False,False,True,True,True,False,False,False
momentum|6m-2m|h10,momentum,6m-2m,10,"{""skip"": 42, ""window"": 126}",12,12,12,12,0.0019164424705895,0.00081766665,0.003804753057571,0.0030240328,0.016793983,0.5,0.5833333333333334,0.4166666666666667,0.25,0.0019005748714941,0.0158621823453965,30.0,30.0,30.0,30.0,-0.0006363709310613,-0.00053668645,0.0033674782646921,0.011204587,0.03294714,0.4666666666666667,0.5666666666666667,0.4333333333333333,0.2333333333333333,0.0040130629902705,0.0328028712344045,True,True,True,False,False,False,False,False,True,True,True,False,False,False,True,False,False,False,False,False
momentum|6m-2m|h21,momentum,6m-2m,21,"{""skip"": 42, ""window"": 126}",12,12,12,12,0.0008441528721462,0.001430848,0.0035914666166885,0.011501394,0.02322588,0.5,0.5833333333333334,0.25,0.1666666666666666,0.0027651416603475,0.0240632501275589,30.0,30.0,30.0,30.0,-0.0019076298468315,0.0036829573,0.0027685603935923,0.009832768,0.04033984,0.5333333333333333,0.6,0.4,0.2666666666666666,0.0045975675495962,0.0401519989284376,True,True,True,False,True,False,False,False,True,True,True,False,False,False,True,False,True,False,False,False
momentum|6m-2m|h42,momentum,6m-2m,42,"{""skip"": 42, ""window"": 126}",12,12,12,12,-0.0018797207653238,0.0024546478,0.0068881323513742,0.009202287,0.03055657,0.5833333333333334,0.5833333333333334,0.5,0.3333333333333333,0.0088218065017523,0.0270284272458714,30.0,30.0,29.0,29.0,-0.0030873301272605,0.0057637687,0.0034439604201714,0.00053295365,0.048876107,0.5333333333333333,0.5172413793103449,0.3793103448275862,0.2068965517241379,0.0072484810932956,0.0450677638552312,True,True,True,False,True,False,False,False,True,False,True,False,False,False,True,False,True,False,False,False
momentum|6m-2m|h63,momentum,6m-2m,63,"{""skip"": 42, ""window"": 126}",12,12,12,12,0.000335476988293,0.0063994834,0.0127536608577404,0.018379835,0.04069766,0.75,0.5833333333333334,0.5,0.4166666666666667,0.0125059253380944,0.0392648019672681,30.0,30.0,29.0,29.0,-0.0008118499605894,0.00062610675,0.008778017791793,0.011754995,0.06671344,0.5333333333333333,0.5862068965517241,0.5172413793103449,0.3103448275862069,0.0108838431207976,0.0592357203693546,True,True,True,False,True,False,False,False,True,True,True,False,False,False,True,False,True,False,False,False
momentum|6m-2m|h126,momentum,6m-2m,126,"{""skip"": 42, ""window"": 126}",12,12,12,12,0.0125821098893968,0.010820677,0.0252525430270504,0.028652715,0.078063995,0.75,0.5833333333333334,0.5,0.4166666666666667,0.0127852710429579,0.0726712190080434,30.0,30.0,29.0,29.0,0.0144612113758239,0.01411583,0.0262091879638165,0.026304357,0.09823248,0.6,0.6206896551724138,0.5517241379310345,0.3793103448275862,0.0141524896989094,0.1008175982419272,True,True,True,True,True,True,False,False,True,True,True,False,False,False,True,True,True,False,False,False
momentum|6m-2m|h252,momentum,6m-2m,252,"{""skip"": 42, ""window"": 126}",12,12,11,11,-0.0053718412974576,-0.0056578955,0.0084822937964617,-0.021617189,0.09019236,0.4166666666666667,0.4545454545454545,0.5454545454545454,0.1818181818181818,0.0148729996078393,0.0805860013616356,,,,,,,,,,,,,,,,False,True,,,,,,True,True,False,False,False,False,False,True,False,False,False,False,False
momentum|9m-0m|h1,momentum,9m-0m,1,"{""skip"": 0, ""window"": 189}",12,12,12,12,0.0091357674972417,0.010081267,0.0115454041751933,0.0111756455,0.013840144,1.0,0.8333333333333334,0.8333333333333334,0.8333333333333334,0.0024103715938205,0.013145694315123,30.0,30.0,30.0,30.0,0.009886785226022,0.00855042,0.0112962694060791,0.010499146,0.01522781,0.9,0.8,0.7,0.7,0.0014129437506198,0.0142684046799937,True,True,True,True,True,True,True,True,True,True,True,True,True,True,True,True,True,True,True,True
momentum|9m-0m|h5,momentum,9m-0m,5,"{""skip"": 0, ""window"": 189}",12,12,12,12,0.0070223208923529,0.006307225,0.0088100552557664,0.009936164,0.027123988,0.9166666666666666,0.5833333333333334,0.5,0.5,0.0017758331766041,0.0251095150403368,30.0,30.0,30.0,30.0,0.0071608241336288,0.007690917,0.0084117245425615,0.008248641,0.03325046,0.6666666666666666,0.6333333333333333,0.4333333333333333,0.3666666666666666,0.001271088514477,0.0312676244415342,True,True,True,True,True,True,False,False,True,True,True,False,False,False,True,True,True,False,False,False
momentum|9m-0m|h10,momentum,9m-0m,10,"{""skip"": 0, ""window"": 189}",12,12,12,12,0.0048308110099039,0.0045138723,0.0065241683801578,0.011620825,0.038699593,0.5833333333333334,0.5833333333333334,0.3333333333333333,0.25,0.0016770647683491,0.0348297632299363,30.0,30.0,30.0,30.0,0.0044870491975756,0.004230477,0.0064765535977753,0.010584321,0.046173155,0.6,0.5333333333333333,0.4666666666666667,0.3,0.0020126013706127,0.0439137944330771,True,True,True,True,True,False,False,False,True,True,True,False,False,False,True,True,True,False,False,False
momentum|9m-0m|h21,momentum,9m-0m,21,"{""skip"": 0, ""window"": 189}",12,12,12,12,0.0039486484439139,0.00091246207,0.0061268181665976,0.014656821,0.0502084,0.6666666666666666,0.6666666666666666,0.3333333333333333,0.3333333333333333,0.0021766658949976,0.0424882656661793,30.0,30.0,30.0,30.0,0.0052430606084397,0.0057590283,0.0057990725879249,0.009441081,0.060880568,0.5333333333333333,0.5666666666666667,0.4333333333333333,0.2666666666666666,0.000531159962217,0.0569669004529714,True,True,True,True,True,False,False,False,True,True,True,True,False,False,True,True,True,False,False,False
momentum|9m-0m|h42,momentum,9m-0m,42,"{""skip"": 0, ""window"": 189}",12,12,12,12,0.0075760509924999,0.004718548,0.0081316918728955,0.0075455625,0.059620205,0.5833333333333334,0.6666666666666666,0.4166666666666667,0.3333333333333333,0.0005823771546905,0.0475372585545604,30.0,30.0,29.0,29.0,0.0083689648932419,0.0130759105,0.0076423838506328,0.021574914,0.08330465,0.5666666666666667,0.5862068965517241,0.4827586206896552,0.3103448275862069,0.0007213811422216,0.0813389534837213,True,True,True,True,True,False,False,False,True,True,True,False,False,False,True,True,True,False,False,False
momentum|9m-0m|h63,momentum,9m-0m,63,"{""skip"": 0, ""window"": 189}",12,12,12,12,0.0103122259661837,0.0049876333,0.0091787662602111,0.010418085,0.06898417,0.75,0.5,0.5833333333333334,0.4166666666666667,-0.0010587032884359,0.0641785260910789,30.0,30.0,29.0,29.0,0.0102655523689562,0.009804279,0.0113240222390184,0.023213938,0.101083264,0.5666666666666667,0.5862068965517241,0.4827586206896552,0.3103448275862069,0.0026664810640544,0.0990449072921584,True,True,True,True,True,False,False,False,True,True,True,False,False,False,True,True,True,False,False,False
momentum|9m-0m|h126,momentum,9m-0m,126,"{""skip"": 0, ""window"": 189}",12,12,12,12,0.0060061968319129,0.0059911436,0.0134577630817932,0.033484936,0.11925764,0.5833333333333334,0.5833333333333334,0.5,0.3333333333333333,0.0076239441211024,0.1102753247444828,30.0,30.0,29.0,29.0,0.0101871034846737,0.008100742,0.0178710653326337,0.038003024,0.13994345,0.5666666666666667,0.6206896551724138,0.4482758620689655,0.3103448275862069,0.0102610045337471,0.1457285516863239,True,True,True,True,True,False,False,False,True,True,True,False,False,False,True,True,True,False,False,False
momentum|9m-0m|h252,momentum,9m-0m,252,"{""skip"": 0, ""window"": 189}",12,12,11,11,-0.0143576603114897,-0.007158285,0.0042116293593476,-0.005024891,0.14775847,0.3333333333333333,0.4545454545454545,0.5454545454545454,0.1818181818181818,0.0191914626735855,0.1325905426744033,,,,,,,,,,,,,,,,False,True,,,,,,True,True,False,False,False,False,False,True,False,False,False,False,False
momentum|9m-1m|h1,momentum,9m-1m,1,"{""skip"": 21, ""window"": 189}",12,12,12,12,0.0107514392261181,0.011615356,0.0134876940487047,0.012017315,0.012363283,1.0,0.9166666666666666,0.9166666666666666,0.9166666666666666,0.0027385887612278,0.0113501996189976,30.0,30.0,30.0,30.0,0.0116294547402377,0.010167923,0.0129793058653468,0.013043105,0.014132287,0.9333333333333332,0.8,0.7333333333333333,0.7333333333333333,0.001354152127169,0.0129198546133314,True,True,True,True,True,True,True,True,True,True,True,True,True,True,True,True,True,True,True,True
momentum|9m-1m|h5,momentum,9m-1m,5,"{""skip"": 21, ""window"": 189}",12,12,12,12,0.0096299799420263,0.009466721,0.0114432473446633,0.009591568,0.024103861,1.0,0.75,0.75,0.75,0.001799508735227,0.0224257075460627,30.0,30.0,30.0,30.0,0.0096258271040274,0.009534905,0.010697967601126,0.011201335,0.030208647,0.7333333333333333,0.6333333333333333,0.4333333333333333,0.4,0.0010851770018537,0.0276603036249677,True,True,True,True,True,True,False,False,True,True,True,True,True,True,True,True,True,True,False,False
momentum|9m-1m|h10,momentum,9m-1m,10,"{""skip"": 21, ""window"": 189}",12,12,12,12,0.0075308974291426,0.008753958,0.0088666183164255,0.009265602,0.032729212,0.6666666666666666,0.75,0.4166666666666667,0.4166666666666667,0.0013157984164233,0.0287647352476293,30.0,30.0,30.0,30.0,0.0063374354371235,0.0057856813,0.008271004033055,0.010961071,0.04100617,0.6,0.5666666666666667,0.4333333333333333,0.3,0.0019614621375997,0.0389172098288933,True,True,True,True,True,False,False,False,True,True,True,True,False,False,True,True,True,False,False,False
momentum|9m-1m|h21,momentum,9m-1m,21,"{""skip"": 21, ""window"": 189}",12,12,12,12,0.0067678735921129,0.008718747,0.0071011626366383,0.01132256,0.04266146,0.75,0.75,0.5,0.5,0.0003241725304784,0.0338140531093813,30.0,30.0,30.0,30.0,0.0058100530648647,0.007434248,0.0065429779406963,0.012741536,0.055561706,0.6,0.6,0.4,0.3,0.0007443602507313,0.0534785394246379,True,True,True,True,True,True,False,False,True,True,True,True,False,False,True,True,True,True,False,False
momentum|9m-1m|h42,momentum,9m-1m,42,"{""skip"": 21, ""window"": 189}",12,12,12,12,0.0111549060177457,0.013837259,0.0106035605688475,0.0036267908,0.052591033,0.75,0.5833333333333334,0.6666666666666666,0.5,-0.0005323202834309,0.0424003301983854,30.0,30.0,29.0,29.0,0.0109799645318676,0.017498989,0.0106996634836156,0.019956527,0.0776981,0.5666666666666667,0.5862068965517241,0.4827586206896552,0.3103448275862069,0.0007788040193504,0.0741090669521483,True,True,True,True,True,False,False,False,True,True,True,False,True,False,True,True,True,False,False,False
momentum|9m-1m|h63,momentum,9m-1m,63,"{""skip"": 21, ""window"": 189}",12,12,12,12,0.0123674643040873,0.0076816003,0.0101167205751998,0.010127664,0.066879235,0.9166666666666666,0.5,0.4166666666666667,0.4166666666666667,-0.002176074621578,0.0628657654548684,30.0,30.0,29.0,29.0,0.0119421636731983,0.011602862,0.014040020945545,0.025673067,0.10108668,0.6333333333333333,0.6896551724137931,0.5172413793103449,0.4137931034482758,0.0035607475016651,0.0975217926476536,True,True,True,True,True,True,False,False,True,True,True,False,False,False,True,True,True,False,False,False
momentum|9m-1m|h126,momentum,9m-1m,126,"{""skip"": 21, ""window"": 189}",12,12,12,12,0.0072512294204922,0.00715076,0.0127753389785736,0.030085713,0.117924646,0.5833333333333334,0.5833333333333334,0.5,0.3333333333333333,0.0056851608678698,0.1064668834830323,30.0,30.0,29.0,29.0,0.0118748881337151,0.0079298485,0.0191858754278021,0.035920613,0.1410396,0.6,0.6206896551724138,0.4827586206896552,0.3448275862068966,0.0100642542258418,0.1452043094383231,True,True,True,True,True,True,False,False,True,True,True,False,False,False,True,True,True,False,False,False
momentum|9m-1m|h252,momentum,9m-1m,252,"{""skip"": 21, ""window"": 189}",12,12,11,11,-0.0132729718194475,-0.00964871,0.0039132806402496,-0.0190567,0.14276317,0.25,0.4545454545454545,0.6363636363636364,0.1818181818181818,0.0172898574647578,0.130121100185947,,,,,,,,,,,,,,,,False,True,,,,,,True,True,False,False,False,True,False,True,False,False,False,True,False
momentum|9m-2m|h1,momentum,9m-2m,1,"{""skip"": 42, ""window"": 189}",12,12,12,12,0.0101487327284408,0.010733331,0.0124095895484931,0.012685545,0.011935898,1.0,0.9166666666666666,0.9166666666666666,0.9166666666666666,0.0022615980124101,0.0111689364615206,30.0,30.0,30.0,30.0,0.0104724451506469,0.009941512,0.0118007144560509,0.011785403,0.013471007,0.9333333333333332,0.8666666666666667,0.8,0.8,0.0013401151789973,0.0126176330416152,True,True,True,True,True,True,True,True,True,True,True,True,True,True,True,True,True,True,True,True
momentum|9m-2m|h5,momentum,9m-2m,5,"{""skip"": 42, ""window"": 189}",12,12,12,12,0.0099709557186054,0.010673659,0.0115048376559585,0.012228644,0.023269761,1.0,0.8333333333333334,0.8333333333333334,0.8333333333333334,0.0015213259806235,0.0208506416529417,30.0,30.0,30.0,30.0,0.0091994410641279,0.009484828,0.0104649126176433,0.014818878,0.030271787,0.7,0.7333333333333333,0.5666666666666667,0.5,0.0013135912866952,0.0286382668457614,True,True,True,True,True,True,False,False,True,True,True,True,True,True,True,True,True,True,False,False
momentum|9m-2m|h10,momentum,9m-2m,10,"{""skip"": 42, ""window"": 189}",12,12,12,12,0.0086765582341888,0.011232108,0.0104900951519012,0.010695304,0.031040797,0.75,0.75,0.5,0.5,0.0017963281522194,0.02643030625768,30.0,30.0,30.0,30.0,0.0072886258876847,0.008373255,0.0092738608975427,0.013640924,0.040148497,0.6333333333333333,0.6333333333333333,0.4,0.3333333333333333,0.0020482187780241,0.0394020073426266,True,True,True,True,True,True,False,False,True,True,True,True,False,False,True,True,True,True,False,False
momentum|9m-2m|h21,momentum,9m-2m,21,"{""skip"": 42, ""window"": 189}",12,12,12,12,0.0086554260516163,0.010406904,0.0098409849787445,0.008232127,0.038763855,0.6666666666666666,0.75,0.4166666666666667,0.4166666666666667,0.0011785417251909,0.0300357204784328,30.0,30.0,30.0,30.0,0.0078415498045871,0.012287611,0.0093763063471537,0.015358675,0.053852476,0.6666666666666666,0.6333333333333333,0.5,0.4,0.0015767392391959,0.0507872771471738,True,True,True,True,True,True,False,False,True,True,True,True,False,False,True,True,True,True,False,False
momentum|9m-2m|h42,momentum,9m-2m,42,"{""skip"": 42, ""window"": 189}",12,12,12,12,0.0111620576332321,0.0113476515,0.010589022734656,0.014274679,0.05203364,0.8333333333333334,0.5833333333333334,0.5833333333333334,0.5,-0.0005427250871434,0.0447178824882333,30.0,30.0,29.0,29.0,0.0118782903572596,0.016194947,0.0124898497379135,0.016013011,0.08194442,0.5666666666666667,0.6206896551724138,0.5172413793103449,0.3448275862068966,0.0019412600788576,0.0776056490581611,True,True,True,True,True,False,False,False,True,True,True,False,False,False,True,True,True,False,False,False
momentum|9m-2m|h63,momentum,9m-2m,63,"{""skip"": 42, ""window"": 189}",12,12,12,12,0.0141024188497814,0.010129764,0.0115724053644902,0.01317571,0.07168941,0.9166666666666666,0.5,0.4166666666666667,0.4166666666666667,-0.0024520449029902,0.0689723310060799,30.0,30.0,29.0,29.0,0.014579623965661,0.02025606,0.0171306319739072,0.03393399,0.11002372,0.6333333333333333,0.6206896551724138,0.5172413793103449,0.3793103448275862,0.0043510285302482,0.1040113999283519,True,True,True,True,True,True,False,False,True,True,True,False,False,False,True,True,True,False,False,False
momentum|9m-2m|h126,momentum,9m-2m,126,"{""skip"": 42, ""window"": 189}",12,12,12,12,0.0080751178091566,0.010475498,0.009860095752229,0.02427118,0.11653918,0.5833333333333334,0.5,0.5833333333333334,0.3333333333333333,0.0019343166301647,0.1030617958555619,30.0,30.0,29.0,29.0,0.013252735451294,0.0146700945,0.0185487538699723,0.041174747,0.14263181,0.6,0.5862068965517241,0.4482758620689655,0.3103448275862069,0.0082099695914778,0.1448411553584296,True,True,True,True,True,False,False,False,True,True,True,False,False,False,True,True,True,False,False,False
momentum|9m-2m|h252,momentum,9m-2m,252,"{""skip"": 42, ""window"": 189}",12,12,11,11,-0.0125671707347759,-0.011819789,0.0030078373720191,-0.02931944,0.13706517,0.3333333333333333,0.4545454545454545,0.5454545454545454,0.1818181818181818,0.0149605978618968,0.1280502033504572,,,,,,,,,,,,,,,,False,True,,,,,,True,True,False,False,False,False,False,True,False,False,False,False,False
price_volume_confirmation|pvc_12m_1m_liq20_252|h1,price_volume_confirmation,pvc_12m_1m_liq20_252,1,"{""confirmation_strength"": 0.25, ""liquidity_clip"": 2, ""long_window"": 252, ""short_window"": 20, ""skip"": 21, ""window"": 252}",12,12,12,12,0.0119859369619004,0.01199294,0.0137294253872582,0.016733684,0.01601836,1.0,0.8333333333333334,0.8333333333333334,0.8333333333333334,0.0017460330078999,0.0153395008916656,30.0,30.0,30.0,30.0,0.0134305028693487,0.013800252,0.0147933858122543,0.015712287,0.01645933,0.9333333333333332,0.8666666666666667,0.8,0.8,0.0013692382878313,0.0162295343509564,True,True,True,True,True,True,True,True,True,True,True,True,True,True,True,True,True,True,True,True
price_volume_confirmation|pvc_12m_1m_liq20_252|h5,price_volume_confirmation,pvc_12m_1m_liq20_252,5,"{""confirmation_strength"": 0.25, ""liquidity_clip"": 2, ""long_window"": 252, ""short_window"": 20, ""skip"": 21, ""window"": 252}",12,12,12,12,0.0110267328091403,0.009498177,0.0101167265718618,0.0150027415,0.031245725,0.9166666666666666,0.75,0.6666666666666666,0.6666666666666666,-0.000914345573013,0.0268839432392269,30.0,30.0,30.0,30.0,0.0128682787318475,0.015418395,0.0135228157919196,0.013199305,0.03755195,0.8333333333333334,0.6666666666666666,0.5,0.5,0.0006792842255284,0.0353699440602213,True,True,True,True,True,True,False,False,True,True,True,True,True,True,True,True,True,True,False,False
price_volume_confirmation|pvc_12m_1m_liq20_252|h10,price_volume_confirmation,pvc_12m_1m_liq20_252,10,"{""confirmation_strength"": 0.25, ""liquidity_clip"": 2, ""long_window"": 252, ""short_window"": 20, ""skip"": 21, ""window"": 252}",12,12,12,12,0.0069404053862546,0.0059397584,0.0046295075291752,0.005729247,0.042865206,0.75,0.75,0.5,0.5,-0.0023125193547457,0.0337828058594216,30.0,30.0,30.0,30.0,0.0087378531243923,0.014422195,0.0098740633253492,0.010415035,0.051796578,0.8,0.5333333333333333,0.4666666666666667,0.4,0.0011681588677068,0.0502980954013764,True,True,True,True,True,False,False,False,True,True,True,True,False,False,True,True,True,False,False,False
price_volume_confirmation|pvc_12m_1m_liq20_252|h21,price_volume_confirmation,pvc_12m_1m_liq20_252,21,"{""confirmation_strength"": 0.25, ""liquidity_clip"": 2, ""long_window"": 252, ""short_window"": 20, ""skip"": 21, ""window"": 252}",12,12,12,12,0.0021930120826234,0.0029411083,-2.2391264059632087e-05,0.00311998,0.05666465,0.6666666666666666,0.5,0.3333333333333333,0.25,-0.0021923215050871,0.0457595170397932,30.0,30.0,30.0,30.0,0.0049767513654172,0.013989942,0.0057726512077593,0.02067452,0.07093162,0.7,0.6,0.5,0.4,0.0007873256380359,0.0684094882880648,True,True,True,True,True,True,False,False,True,False,True,False,False,False,True,False,True,False,False,False
price_volume_confirmation|pvc_12m_1m_liq20_252|h42,price_volume_confirmation,pvc_12m_1m_liq20_252,42,"{""confirmation_strength"": 0.25, ""liquidity_clip"": 2, ""long_window"": 252, ""short_window"": 20, ""skip"": 21, ""window"": 252}",12,12,12,12,-0.0017855358788176,-0.0012457003,-0.0030198029468984,0.0025378207,0.073064044,0.4166666666666667,0.5833333333333334,0.3333333333333333,0.1666666666666666,-0.0011647028538088,0.0642665300207833,30.0,30.0,29.0,29.0,0.003675701493922,0.013362166,0.0018160932206157,0.009298964,0.097994864,0.6666666666666666,0.5862068965517241,0.5172413793103449,0.3793103448275862,-0.0005698007820495,0.0965328311933011,True,True,True,True,True,False,False,False,True,False,False,False,False,False,True,False,False,False,False,False
price_volume_confirmation|pvc_12m_1m_liq20_252|h63,price_volume_confirmation,pvc_12m_1m_liq20_252,63,"{""confirmation_strength"": 0.25, ""liquidity_clip"": 2, ""long_window"": 252, ""short_window"": 20, ""skip"": 21, ""window"": 252}",12,12,12,12,-0.0045818470748771,-0.005121105,-0.0053871757149661,0.0092020575,0.08521489,0.4166666666666667,0.5,0.4166666666666667,0.1666666666666666,-0.0006835538273056,0.0785743137821555,30.0,30.0,29.0,29.0,0.000816694392822,0.008256659,0.000563252751731,0.015245429,0.11777108,0.6,0.5517241379310345,0.4827586206896552,0.3103448275862069,0.0015744033815531,0.1144890624644427,True,True,True,True,True,False,False,False,True,False,False,False,False,False,True,False,False,False,False,False
price_volume_confirmation|pvc_12m_1m_liq20_252|h126,price_volume_confirmation,pvc_12m_1m_liq20_252,126,"{""confirmation_strength"": 0.25, ""liquidity_clip"": 2, ""long_window"": 252, ""short_window"": 20, ""skip"": 21, ""window"": 252}",12,12,12,12,-0.0044527722283682,-0.0030212733,0.0056528652542331,0.018456321,0.12789701,0.4166666666666667,0.5,0.4166666666666667,0.1666666666666666,0.0102741013591488,0.1130235763266682,30.0,30.0,29.0,29.0,0.0068821563519417,0.011934111,0.0085792750374125,0.03764313,0.14645939,0.6,0.6206896551724138,0.4827586206896552,0.3448275862068966,0.0050821114363598,0.1491799765459165,True,True,True,True,True,True,False,False,True,False,False,False,False,False,True,False,False,False,False,False
price_volume_confirmation|pvc_12m_1m_liq20_252|h252,price_volume_confirmation,pvc_12m_1m_liq20_252,252,"{""confirmation_strength"": 0.25, ""liquidity_clip"": 2, ""long_window"": 252, ""short_window"": 20, ""skip"": 21, ""window"": 252}",12,12,11,11,-0.0208957186318661,-0.022070747,-0.0003171377920281,0.031661116,0.14948252,0.25,0.5454545454545454,0.5454545454545454,0.1818181818181818,0.018846248191866,0.1415721281346949,,,,,,,,,,,,,,,,False,True,,,,,,True,True,False,False,False,False,False,True,False,False,False,False,False
price_volume_confirmation|pvc_6m_1m_liq5_60|h1,price_volume_confirmation,pvc_6m_1m_liq5_60,1,"{""confirmation_strength"": 0.25, ""liquidity_clip"": 2, ""long_window"": 60, ""short_window"": 5, ""skip"": 21, ""window"": 126}",12,12,12,12,0.0087559739264516,0.0085174795,0.0102961953014081,0.009643554,0.007612392,1.0,0.9166666666666666,0.9166666666666666,0.9166666666666666,0.0015484781664175,0.0064801918924786,30.0,30.0,30.0,30.0,0.0091399159158893,0.009273225,0.0107334941566769,0.011264145,0.012694402,0.9,0.8,0.7,0.7,0.0015843821223825,0.0128818774440636,True,True,True,True,True,True,True,True,True,True,True,True,True,True,True,True,True,True,True,True
price_volume_confirmation|pvc_6m_1m_liq5_60|h5,price_volume_confirmation,pvc_6m_1m_liq5_60,5,"{""confirmation_strength"": 0.25, ""liquidity_clip"": 2, ""long_window"": 60, ""short_window"": 5, ""skip"": 21, ""window"": 126}",12,12,12,12,0.0054960283533003,0.0047345133,0.0064706068305141,0.0077410843,0.014153254,0.5833333333333334,0.6666666666666666,0.4166666666666667,0.3333333333333333,0.000978419285578,0.0128794283373281,30.0,30.0,30.0,30.0,0.0046819854412693,0.0053109457,0.0069381901735578,0.0071681095,0.024821773,0.6333333333333333,0.6333333333333333,0.4666666666666667,0.3666666666666666,0.0022199822744975,0.025086648374175,True,True,True,True,True,True,False,False,True,True,True,False,False,False,True,True,True,False,False,False
price_volume_confirmation|pvc_6m_1m_liq5_60|h10,price_volume_confirmation,pvc_6m_1m_liq5_60,10,"{""confirmation_strength"": 0.25, ""liquidity_clip"": 2, ""long_window"": 60, ""short_window"": 5, ""skip"": 21, ""window"": 126}",12,12,12,12,-8.275726356779799e-05,-3.1755597e-05,0.0008187811323944,0.0016818721,0.020004887,0.5,0.5833333333333334,0.4166666666666667,0.25,0.0009045631547148,0.0179293463394666,30.0,30.0,30.0,30.0,-0.0021146252303841,-0.0007074076,0.0014157571214737,0.002190575,0.034713116,0.4333333333333333,0.5,0.3333333333333333,0.1333333333333333,0.0034759074294318,0.0360343108419328,True,True,True,False,False,False,False,False,True,False,False,False,False,False,True,False,False,False,False,False
price_volume_confirmation|pvc_6m_1m_liq5_60|h21,price_volume_confirmation,pvc_6m_1m_liq5_60,21,"{""confirmation_strength"": 0.25, ""liquidity_clip"": 2, ""long_window"": 60, ""short_window"": 5, ""skip"": 21, ""window"": 126}",12,12,12,12,-0.0023045309418781,-0.0033803768,-0.0011143898675875,0.0014582317,0.029287895,0.4166666666666667,0.5833333333333334,0.3333333333333333,0.1666666666666666,0.0011996430694125,0.0268874291990262,30.0,30.0,30.0,30.0,-0.0051004134511676,-0.0014427945,-0.0017946800367337,0.0031165634,0.048805855,0.5,0.5666666666666667,0.4,0.2333333333333333,0.003169406876744,0.0468911661029172,True,True,True,False,False,False,False,False,True,False,False,False,False,False,True,False,False,False,False,False
price_volume_confirmation|pvc_6m_1m_liq5_60|h42,price_volume_confirmation,pvc_6m_1m_liq5_60,42,"{""confirmation_strength"": 0.25, ""liquidity_clip"": 2, ""long_window"": 60, ""short_window"": 5, ""skip"": 21, ""window"": 126}",12,12,12,12,-0.0039094080365932,-0.0008123564,0.0039414868384878,0.0075082155,0.032746255,0.5,0.6666666666666666,0.5,0.3333333333333333,0.0078877334793408,0.0319841783493757,30.0,30.0,29.0,29.0,-0.0060302973407097,0.002378246,-0.0013695598133306,0.00865783,0.060622476,0.5,0.5517241379310345,0.5172413793103449,0.2758620689655172,0.0050128960725048,0.0527706648190987,True,True,True,False,True,False,False,False,True,False,False,False,False,False,True,False,False,False,False,False
price_volume_confirmation|pvc_6m_1m_liq5_60|h63,price_volume_confirmation,pvc_6m_1m_liq5_60,63,"{""confirmation_strength"": 0.25, ""liquidity_clip"": 2, ""long_window"": 60, ""short_window"": 5, ""skip"": 21, ""window"": 126}",12,12,12,12,-0.0041709122336017,-0.00056172337,0.0076866230929413,0.014517903,0.040385913,0.5,0.5833333333333334,0.4166666666666667,0.25,0.0119393954519182,0.0393955612089484,30.0,30.0,29.0,29.0,-0.006167136981408,0.0022571075,0.0017117406355233,0.00866237,0.06852622,0.5666666666666667,0.5517241379310345,0.5172413793103449,0.3103448275862069,0.0087133211822345,0.061935579468464,True,True,True,False,True,False,False,False,True,False,False,False,False,False,True,False,False,False,False,False
price_volume_confirmation|pvc_6m_1m_liq5_60|h126,price_volume_confirmation,pvc_6m_1m_liq5_60,126,"{""confirmation_strength"": 0.25, ""liquidity_clip"": 2, ""long_window"": 60, ""short_window"": 5, ""skip"": 21, ""window"": 126}",12,12,12,12,0.0083568995131968,0.014681941,0.0249626180323703,0.036859937,0.08400617,0.75,0.6666666666666666,0.5833333333333334,0.5,0.0167386366520077,0.0824998846122374,30.0,30.0,29.0,29.0,0.0102210248985176,0.008340867,0.0232719513436428,0.04361526,0.101925574,0.5666666666666667,0.5862068965517241,0.4827586206896552,0.3103448275862069,0.0152145821665381,0.1031438332886017,True,True,True,True,True,False,False,False,True,True,True,True,False,False,True,True,True,False,False,False
price_volume_confirmation|pvc_6m_1m_liq5_60|h252,price_volume_confirmation,pvc_6m_1m_liq5_60,252,"{""confirmation_strength"": 0.25, ""liquidity_clip"": 2, ""long_window"": 60, ""short_window"": 5, ""skip"": 21, ""window"": 126}",12,12,11,11,-0.007772350481396,-0.008926182,0.00846675341354,-0.011772258,0.10166781,0.3333333333333333,0.4545454545454545,0.4545454545454545,0.0909090909090909,0.0178916637193072,0.0890231874178756,,,,,,,,,,,,,,,,False,True,,,,,,True,True,False,False,False,False,False,True,False,False,False,False,False
price_volume_confirmation|pvc_9m_1m_liq20_126|h1,price_volume_confirmation,pvc_9m_1m_liq20_126,1,"{""confirmation_strength"": 0.25, ""liquidity_clip"": 2, ""long_window"": 126, ""short_window"": 20, ""skip"": 21, ""window"": 189}",12,12,12,12,0.0105413750514512,0.0113715045,0.0133102728588404,0.011581784,0.012492927,1.0,0.9166666666666666,0.9166666666666666,0.9166666666666666,0.0027710248638565,0.0115495007873202,30.0,30.0,30.0,30.0,0.0113793835177566,0.010075038,0.0127682993569552,0.012946432,0.014213364,0.9333333333333332,0.8,0.7333333333333333,0.7333333333333333,0.0013917627278715,0.0130877788023402,True,True,True,True,True,True,True,True,True,True,True,True,True,True,True,True,True,True,True,True
price_volume_confirmation|pvc_9m_1m_liq20_126|h5,price_volume_confirmation,pvc_9m_1m_liq20_126,5,"{""confirmation_strength"": 0.25, ""liquidity_clip"": 2, ""long_window"": 126, ""short_window"": 20, ""skip"": 21, ""window"": 189}",12,12,12,12,0.0093325509902005,0.009162039,0.0111393659783563,0.0089593325,0.02431508,1.0,0.75,0.75,0.75,0.0017922822541246,0.0229331934048483,30.0,30.0,30.0,30.0,0.0091592898690466,0.009209018,0.01036726512454,0.009396135,0.03020199,0.7333333333333333,0.6333333333333333,0.4333333333333333,0.4,0.0012187179333219,0.0279361779646327,True,True,True,True,True,True,False,False,True,True,True,True,True,True,True,True,True,True,False,False
price_volume_confirmation|pvc_9m_1m_liq20_126|h10,price_volume_confirmation,pvc_9m_1m_liq20_126,10,"{""confirmation_strength"": 0.25, ""liquidity_clip"": 2, ""long_window"": 126, ""short_window"": 20, ""skip"": 21, ""window"": 189}",12,12,12,12,0.007053386534144,0.008457357,0.0084339081428696,0.008466353,0.032817367,0.6666666666666666,0.75,0.4166666666666667,0.4166666666666667,0.0013593147353579,0.0291504612347732,30.0,30.0,30.0,30.0,0.0056370267543556,0.005387397,0.0077120637597419,0.009672336,0.040992156,0.6,0.5333333333333333,0.4666666666666667,0.3,0.0020994706079363,0.0388806184132893,True,True,True,True,True,False,False,False,True,True,True,True,False,False,True,True,True,False,False,False
price_volume_confirmation|pvc_9m_1m_liq20_126|h21,price_volume_confirmation,pvc_9m_1m_liq20_126,21,"{""confirmation_strength"": 0.25, ""liquidity_clip"": 2, ""long_window"": 126, ""short_window"": 20, ""skip"": 21, ""window"": 189}",12,12,12,12,0.0060651412621551,0.008503374,0.0064641387278067,0.01071071,0.04264529,0.5833333333333334,0.6666666666666666,0.4166666666666667,0.3333333333333333,0.0003882295762499,0.0341955258821447,30.0,30.0,30.0,30.0,0.0047388370926972,0.006832675,0.0056590434325616,0.01139156,0.055402365,0.5666666666666667,0.6,0.4333333333333333,0.3,0.0009297186508774,0.0536902305359641,True,True,True,True,True,False,False,False,True,True,True,False,False,False,True,True,True,False,False,False
price_volume_confirmation|pvc_9m_1m_liq20_126|h42,price_volume_confirmation,pvc_9m_1m_liq20_126,42,"{""confirmation_strength"": 0.25, ""liquidity_clip"": 2, ""long_window"": 126, ""short_window"": 20, ""skip"": 21, ""window"": 189}",12,12,12,12,0.010369803448274,0.013674161,0.0100315388427969,0.0016305839,0.052805185,0.6666666666666666,0.5,0.5,0.3333333333333333,-0.0003210269884827,0.0429044697860566,30.0,30.0,29.0,29.0,0.0098947619943076,0.016613878,0.0098381767165368,0.019407498,0.077636,0.5666666666666667,0.5862068965517241,0.4827586206896552,0.3103448275862069,0.0009262583636004,0.0741812679274328,True,True,True,True,True,False,False,False,True,True,True,False,False,False,True,True,True,False,False,False
price_volume_confirmation|pvc_9m_1m_liq20_126|h63,price_volume_confirmation,pvc_9m_1m_liq20_126,63,"{""confirmation_strength"": 0.25, ""liquidity_clip"": 2, ""long_window"": 126, ""short_window"": 20, ""skip"": 21, ""window"": 189}",12,12,12,12,0.0117550152232211,0.007750094,0.0099107561225035,0.009015674,0.06647059,0.8333333333333334,0.5,0.5,0.4166666666666667,-0.0017701823574801,0.0627319520960251,30.0,30.0,29.0,29.0,0.0111108135834954,0.010483219,0.0135585514547723,0.023312718,0.1002243,0.6333333333333333,0.6551724137931034,0.4827586206896552,0.3793103448275862,0.0038494787596423,0.0966360012775865,True,True,True,True,True,True,False,False,True,True,True,False,False,False,True,True,True,False,False,False
price_volume_confirmation|pvc_9m_1m_liq20_126|h126,price_volume_confirmation,pvc_9m_1m_liq20_126,126,"{""confirmation_strength"": 0.25, ""liquidity_clip"": 2, ""long_window"": 126, ""short_window"": 20, ""skip"": 21, ""window"": 189}",12,12,12,12,0.0074530492917995,0.006257369,0.0136394236417374,0.030351164,0.11763093,0.5833333333333334,0.5,0.5833333333333334,0.3333333333333333,0.0063469878708322,0.1063082010174791,30.0,30.0,29.0,29.0,0.0120842368599584,0.0071662664,0.0198096474645389,0.03571137,0.13987865,0.6,0.6206896551724138,0.4827586206896552,0.3448275862068966,0.0104528113814263,0.14500200793404,True,True,True,True,True,True,False,False,True,True,True,False,False,False,True,True,True,False,False,False
price_volume_confirmation|pvc_9m_1m_liq20_126|h252,price_volume_confirmation,pvc_9m_1m_liq20_126,252,"{""confirmation_strength"": 0.25, ""liquidity_clip"": 2, ""long_window"": 126, ""short_window"": 20, ""skip"": 21, ""window"": 189}",12,12,11,11,-0.0127323280801012,-0.009093829,0.004485431374885,-0.016034743,0.14257652,0.3333333333333333,0.4545454545454545,0.5454545454545454,0.1818181818181818,0.0174193429675969,0.1297862184318629,,,,,,,,,,,,,,,,False,True,,,,,,True,True,False,False,False,False,False,True,False,False,False,False,False
residual_momentum|resmom_12m_1m|h1,residual_momentum,resmom_12m_1m,1,"{""skip"": 21, ""window"": 252}",12,12,12,12,0.0116787947082384,0.011620987,0.0137584472742892,0.015444762,0.016150927,1.0,0.8333333333333334,0.8333333333333334,0.8333333333333334,0.0020829802767063,0.0152426274726167,30.0,30.0,30.0,30.0,0.0131871475033118,0.013024051,0.0144910413757045,0.0153113045,0.016113928,0.9666666666666668,0.8666666666666667,0.8333333333333334,0.8333333333333334,0.001310150216644,0.0155573227598021,True,True,True,True,True,True,True,True,True,True,True,True,True,True,True,True,True,True,True,True
residual_momentum|resmom_12m_1m|h5,residual_momentum,resmom_12m_1m,5,"{""skip"": 21, ""window"": 252}",12,12,12,12,0.0109726726889953,0.010039017,0.0106697874590016,0.014199547,0.030994931,0.9166666666666666,0.75,0.6666666666666666,0.6666666666666666,-0.0003058906101311,0.0264253260490174,30.0,30.0,30.0,30.0,0.012967246662399,0.016099637,0.0136368852749773,0.013167132,0.03600458,0.8333333333333334,0.7,0.5333333333333333,0.5333333333333333,0.00068406619442,0.0334210619796067,True,True,True,True,True,True,False,False,True,True,True,True,True,True,True,True,True,True,False,False
residual_momentum|resmom_12m_1m|h10,residual_momentum,resmom_12m_1m,10,"{""skip"": 21, ""window"": 252}",12,12,12,12,0.0071070177855513,0.00639105,0.0055489778661245,0.006418326,0.041934036,0.75,0.6666666666666666,0.4166666666666667,0.4166666666666667,-0.0015588816992628,0.0327786368822368,30.0,30.0,30.0,30.0,0.0090328371574284,0.014145093,0.0103015903860888,0.008398997,0.049208518,0.8,0.5666666666666667,0.5,0.4333333333333333,0.0012841422576457,0.0471495763864368,True,True,True,True,True,False,False,False,True,True,True,True,False,False,True,True,True,False,False,False
residual_momentum|resmom_12m_1m|h21,residual_momentum,resmom_12m_1m,21,"{""skip"": 21, ""window"": 252}",12,12,12,12,0.0025669125897069,0.0012439269,0.0012475586104539,0.0055644056,0.054768972,0.5833333333333334,0.5833333333333334,0.5,0.3333333333333333,-0.0012973366926113,0.0435549843435486,30.0,30.0,30.0,30.0,0.0056894510128764,0.015845887,0.0065498970581134,0.01819083,0.06689792,0.6333333333333333,0.6333333333333333,0.4666666666666667,0.3666666666666666,0.0008335617060462,0.0636962338661154,True,True,True,True,True,True,False,False,True,True,True,False,False,False,True,True,True,False,False,False
residual_momentum|resmom_12m_1m|h42,residual_momentum,resmom_12m_1m,42,"{""skip"": 21, ""window"": 252}",12,12,12,12,-0.0004051218306309,-0.0024149858,-0.0008646026042316,0.005251675,0.0698145,0.4166666666666667,0.5,0.4166666666666667,0.1666666666666666,-0.000398384174332,0.0582130713543544,30.0,30.0,29.0,29.0,0.005423651317323,0.014776408,0.0038103524609288,0.01187116,0.091767736,0.6666666666666666,0.5862068965517241,0.5172413793103449,0.3793103448275862,-0.0002668530294864,0.0903878609714066,True,True,True,True,True,False,False,False,True,False,False,False,False,False,True,False,False,False,False,False
residual_momentum|resmom_12m_1m|h63,residual_momentum,resmom_12m_1m,63,"{""skip"": 21, ""window"": 252}",12,12,12,12,-0.0033233326213776,-0.0071710553,-0.0029835400262303,0.011370787,0.08117117,0.4166666666666667,0.5,0.4166666666666667,0.1666666666666666,0.0004502657490471,0.0724925446944932,30.0,30.0,29.0,29.0,0.0027608502909401,0.012049904,0.0028146597497269,0.027095545,0.11111428,0.5666666666666667,0.5517241379310345,0.4482758620689655,0.2758620689655172,0.0019230600446462,0.1098671701319258,True,True,True,True,True,False,False,False,True,False,False,False,False,False,True,False,False,False,False,False
residual_momentum|resmom_12m_1m|h126,residual_momentum,resmom_12m_1m,126,"{""skip"": 21, ""window"": 252}",12,12,12,12,-0.0034447637299542,-0.005690349,0.0085198268370864,0.024509653,0.12168437,0.4166666666666667,0.5,0.4166666666666667,0.1666666666666666,0.0121198641136288,0.106268308746318,30.0,30.0,29.0,29.0,0.0088884632063639,0.009740495,0.0115381543996225,0.045324992,0.13798487,0.6333333333333333,0.6206896551724138,0.5172413793103449,0.3793103448275862,0.0060851873894189,0.1446584182438151,True,True,True,True,True,True,False,False,True,False,False,False,False,False,True,False,False,False,False,False
residual_momentum|resmom_12m_1m|h252,residual_momentum,resmom_12m_1m,252,"{""skip"": 21, ""window"": 252}",12,12,11,11,-0.0193133495463143,-0.020374587,0.0013890660319455,0.017088085,0.14243224,0.25,0.5454545454545454,0.5454545454545454,0.1818181818181818,0.0194297343153845,0.1324336865747516,,,,,,,,,,,,,,,,False,True,,,,,,True,True,False,False,False,False,False,True,False,False,False,False,False
residual_momentum|resmom_6m_1m|h1,residual_momentum,resmom_6m_1m,1,"{""skip"": 21, ""window"": 126}",12,12,12,12,0.0084675203243507,0.008367483,0.0102366584003208,0.00903721,0.00817652,1.0,0.9166666666666666,0.9166666666666666,0.9166666666666666,0.0017791032247866,0.0072597484492386,30.0,30.0,30.0,30.0,0.0089623566269646,0.009243317,0.0104515938063227,0.010667948,0.013487735,0.9,0.8,0.7,0.7,0.001478438048313,0.0136664777683715,True,True,True,True,True,True,True,True,True,True,True,True,True,True,True,True,True,True,True,True
residual_momentum|resmom_6m_1m|h5,residual_momentum,resmom_6m_1m,5,"{""skip"": 21, ""window"": 126}",12,12,12,12,0.0053406264364058,0.0041085663,0.0068310453867998,0.008498947,0.014649949,0.5833333333333334,0.5833333333333334,0.5,0.3333333333333333,0.0014957354481642,0.0132480130220452,30.0,30.0,30.0,30.0,0.0047013220278652,0.006077995,0.0069147811431205,0.005374388,0.02549143,0.6666666666666666,0.6333333333333333,0.5,0.4,0.0021744960763802,0.0263762669793019,True,True,True,True,True,True,False,False,True,True,True,False,False,False,True,True,True,False,False,False
residual_momentum|resmom_6m_1m|h10,residual_momentum,resmom_6m_1m,10,"{""skip"": 21, ""window"": 126}",12,12,12,12,0.0002810230667455,-0.00027157346,0.0016925772419045,0.0016681463,0.01977774,0.5,0.5,0.5,0.25,0.0014159894393136,0.0172491653356701,30.0,30.0,30.0,30.0,-0.0015988482350133,-0.000111199755,0.0019414098669011,0.0038791602,0.035550818,0.5,0.5333333333333333,0.3,0.1666666666666666,0.0034831075696274,0.0376240754577641,True,True,True,False,False,False,False,False,True,True,False,False,False,False,True,False,False,False,False,False
residual_momentum|resmom_6m_1m|h21,residual_momentum,resmom_6m_1m,21,"{""skip"": 21, ""window"": 126}",12,12,12,12,-0.0014591947969875,-0.0024880462,0.0004130393663832,0.0056036264,0.027876928,0.4166666666666667,0.6666666666666666,0.25,0.1666666666666666,0.0018819640390574,0.0264699316273132,30.0,30.0,30.0,30.0,-0.0038926464120774,-0.0009106799,-0.0006759881700601,0.0052491724,0.048824668,0.4666666666666667,0.6333333333333333,0.3,0.2,0.0030766263759384,0.0472070347672949,True,True,True,False,False,False,False,False,True,False,False,False,False,False,True,False,False,False,False,False
residual_momentum|resmom_6m_1m|h42,residual_momentum,resmom_6m_1m,42,"{""skip"": 21, ""window"": 126}",12,12,12,12,-0.002520092925978,0.0010334139,0.0061484906844661,0.011396855,0.032108743,0.6666666666666666,0.6666666666666666,0.6666666666666666,0.5,0.0087005699363847,0.0320698296030362,30.0,30.0,29.0,29.0,-0.0043394996994911,0.004559739,0.0003855892077592,0.009018086,0.060507264,0.5666666666666667,0.5517241379310345,0.5172413793103449,0.3103448275862069,0.0051216038008188,0.0543048011203264,True,True,True,False,True,False,False,False,True,False,True,True,True,False,True,False,True,False,False,False
residual_momentum|resmom_6m_1m|h63,residual_momentum,resmom_6m_1m,63,"{""skip"": 21, ""window"": 126}",12,12,12,12,-0.0030339937111796,0.002545766,0.0104779586166012,0.013829756,0.03897052,0.5833333333333334,0.6666666666666666,0.5833333333333334,0.4166666666666667,0.0135882935331513,0.0374888437024007,30.0,30.0,29.0,29.0,-0.0047562760000326,0.008383985,0.0035540600240124,0.014039634,0.06628425,0.5666666666666667,0.5517241379310345,0.5172413793103449,0.3103448275862069,0.0091593240323508,0.0585783982874247,True,True,True,False,True,False,False,False,True,False,True,False,False,False,True,False,True,False,False,False
residual_momentum|resmom_6m_1m|h126,residual_momentum,resmom_6m_1m,126,"{""skip"": 21, ""window"": 126}",12,12,12,12,0.0110378132230903,0.019812535,0.0293603736985625,0.03969002,0.0778844,0.75,0.6666666666666666,0.5833333333333334,0.5,0.0184453340868155,0.0765795597496132,30.0,30.0,29.0,29.0,0.0132059085842882,0.007923432,0.0265684362999126,0.03924439,0.09628504,0.5333333333333333,0.6206896551724138,0.4827586206896552,0.3103448275862069,0.0154325899443235,0.0999716480808525,True,True,True,True,True,False,False,False,True,True,True,True,False,False,True,True,True,False,False,False
residual_momentum|resmom_6m_1m|h252,residual_momentum,resmom_6m_1m,252,"{""skip"": 21, ""window"": 126}",12,12,11,11,-0.0058784069109775,-0.008758107,0.0113376893440929,-0.020318856,0.0966742,0.4166666666666667,0.4545454545454545,0.5454545454545454,0.1818181818181818,0.019140736030584,0.0837528846988623,,,,,,,,,,,,,,,,False,True,,,,,,True,True,False,False,False,False,False,True,False,False,False,False,False
residual_momentum|resmom_9m_1m|h1,residual_momentum,resmom_9m_1m,1,"{""skip"": 21, ""window"": 189}",12,12,12,12,0.010258081442731,0.0108329095,0.0135508814796983,0.011215932,0.012793136,1.0,0.9166666666666666,0.9166666666666666,0.9166666666666666,0.0032958695470976,0.0115919968617769,30.0,30.0,30.0,30.0,0.0112068620203891,0.0100055,0.0124949983468425,0.012333097,0.014620201,0.9333333333333332,0.8,0.7333333333333333,0.7333333333333333,0.0012910149273617,0.0133588487689849,True,True,True,True,True,True,True,True,True,True,True,True,True,True,True,True,True,True,True,True
residual_momentum|resmom_9m_1m|h5,residual_momentum,resmom_9m_1m,5,"{""skip"": 21, ""window"": 189}",12,12,12,12,0.0090540852894447,0.009410718,0.0119061633829407,0.008000705,0.024470365,0.8333333333333334,0.6666666666666666,0.6666666666666666,0.5833333333333334,0.0028393880371974,0.0233530265371276,30.0,30.0,30.0,30.0,0.009106517917537,0.008098606,0.0101685511193173,0.004911338,0.030044772,0.7,0.6666666666666666,0.5,0.4333333333333333,0.001068989028378,0.0264765786045851,True,True,True,True,True,True,False,False,True,True,True,True,True,True,True,True,True,True,False,False
residual_momentum|resmom_9m_1m|h10,residual_momentum,resmom_9m_1m,10,"{""skip"": 21, ""window"": 189}",12,12,12,12,0.0070426711110054,0.008662069,0.0096892000109974,0.010769472,0.032643065,0.6666666666666666,0.6666666666666666,0.5,0.4166666666666667,0.0026266699812064,0.0293928501972307,30.0,30.0,30.0,30.0,0.0058586589992569,0.0049853893,0.0078377058057207,0.005835284,0.04045069,0.6,0.6,0.4666666666666667,0.3333333333333333,0.0019991926072786,0.0373335238080471,True,True,True,True,True,True,False,False,True,True,True,True,False,False,True,True,True,True,False,False
residual_momentum|resmom_9m_1m|h21,residual_momentum,resmom_9m_1m,21,"{""skip"": 21, ""window"": 189}",12,12,12,12,0.0068060558034862,0.009827506,0.0088315539002156,0.0113311075,0.04159136,0.6666666666666666,0.75,0.4166666666666667,0.4166666666666667,0.0020139531698077,0.0346028383355587,30.0,30.0,30.0,30.0,0.0059180213527964,0.0077746212,0.006685633181572,0.012537123,0.053212643,0.6,0.6333333333333333,0.3666666666666666,0.3,0.0007703993469476,0.0512725584208965,True,True,True,True,True,True,False,False,True,True,True,True,False,False,True,True,True,True,False,False
residual_momentum|resmom_9m_1m|h42,residual_momentum,resmom_9m_1m,42,"{""skip"": 21, ""window"": 189}",12,12,12,12,0.0122265721369156,0.015621545,0.0137550853822964,0.008071243,0.05008024,0.6666666666666666,0.5833333333333334,0.5833333333333334,0.4166666666666667,0.0015392595669254,0.0397487923425311,30.0,30.0,29.0,29.0,0.0120677619184667,0.01586698,0.012143292946959,0.020355929,0.07198164,0.6333333333333333,0.5517241379310345,0.4482758620689655,0.3103448275862069,0.0011723449710628,0.0694429185562606,True,True,True,True,True,False,False,False,True,True,True,False,False,False,True,True,True,False,False,False
residual_momentum|resmom_9m_1m|h63,residual_momentum,resmom_9m_1m,63,"{""skip"": 21, ""window"": 189}",12,12,12,12,0.0136990943080278,0.015565393,0.0139397728292986,0.015196917,0.06276232,0.75,0.5,0.4166666666666667,0.3333333333333333,0.0003052052731315,0.0595742942144473,30.0,30.0,29.0,29.0,0.0134853745642905,0.009708194,0.0161761405589459,0.02433549,0.09270138,0.6333333333333333,0.6896551724137931,0.5172413793103449,0.4137931034482758,0.0041751061919434,0.091157191465127,True,True,True,True,True,True,False,False,True,True,True,False,False,False,True,True,True,False,False,False
residual_momentum|resmom_9m_1m|h126,residual_momentum,resmom_9m_1m,126,"{""skip"": 21, ""window"": 189}",12,12,12,12,0.0095698927293218,0.006478171,0.0173402256425686,0.03689849,0.11120435,0.6666666666666666,0.5833333333333334,0.5833333333333334,0.4166666666666667,0.0079202212703724,0.1007599080912768,30.0,30.0,29.0,29.0,0.0149552971647884,0.011427734,0.0230122890077226,0.047450125,0.1318898,0.6,0.6206896551724138,0.4827586206896552,0.3448275862068966,0.0109077458237779,0.1388983762469784,True,True,True,True,True,True,False,False,True,True,True,False,False,False,True,True,True,False,False,False
residual_momentum|resmom_9m_1m|h252,residual_momentum,resmom_9m_1m,252,"{""skip"": 21, ""window"": 189}",12,12,11,11,-0.0113706943336287,-0.0059774383,0.006819178288361,-0.029283853,0.13736053,0.25,0.4545454545454545,0.6363636363636364,0.1818181818181818,0.0186262342401526,0.1246353555470705,,,,,,,,,,,,,,,,False,True,,,,,,True,True,False,False,False,True,False,True,False,False,False,True,False
risk_adjusted_trend|risk_trend_100d|h1,risk_adjusted_trend,risk_trend_100d,1,"{""window"": 100}",12,12,12,12,0.0073069432773343,0.0068604276,0.0071730308280671,0.008894574,0.00874494,1.0,0.75,0.75,0.75,-0.0001329578226432,0.0075365508673712,30.0,30.0,30.0,30.0,0.0073474346823373,0.0068239653,0.0077801211519164,0.008787984,0.01269963,0.9,0.6333333333333333,0.5333333333333333,0.5333333333333333,0.0003850385857125,0.0145994197887678,True,True,True,True,True,True,False,False,True,True,True,True,True,True,True,True,True,True,False,False
risk_adjusted_trend|risk_trend_100d|h5,risk_adjusted_trend,risk_trend_100d,5,"{""window"": 100}",12,12,12,12,0.0022653580465824,0.00083554396,0.001263563304268,0.0019174592,0.018802732,0.5833333333333334,0.5,0.5833333333333334,0.3333333333333333,-0.0010114784430091,0.0161300494413202,30.0,30.0,30.0,30.0,0.0015468373007816,0.0012900631,0.0017811681434823,0.00942776,0.027911484,0.5333333333333333,0.5666666666666667,0.3666666666666666,0.2333333333333333,0.000121744753172,0.0306360127093891,True,True,True,True,True,False,False,False,True,True,True,False,False,False,True,True,True,False,False,False
risk_adjusted_trend|risk_trend_100d|h10,risk_adjusted_trend,risk_trend_100d,10,"{""window"": 100}",12,12,12,12,-0.0025030775181419,-0.0035163937,-0.0038041108595843,-2.2124732e-06,0.02443158,0.1666666666666666,0.5,0.3333333333333333,0.0,-0.0013103506256205,0.0217665940484342,30.0,30.0,30.0,30.0,-0.0036747101883158,-0.004009387,-0.002822296180829,0.0090784,0.040089726,0.3666666666666666,0.5666666666666667,0.3333333333333333,0.1333333333333333,0.0006930323317646,0.0431628851220011,True,True,True,False,False,False,False,False,True,False,False,False,False,False,True,False,False,False,False,False
risk_adjusted_trend|risk_trend_100d|h21,risk_adjusted_trend,risk_trend_100d,21,"{""window"": 100}",12,12,12,12,-0.007837787244993,-0.009342536,-0.0086628344112722,-0.0053265784,0.03135247,0.0833333333333333,0.5,0.4166666666666667,0.0,-0.0008180258640398,0.0282270134581873,30.0,30.0,30.0,30.0,-0.0090399881578949,-0.012389809,-0.0083745957191648,-0.012353641,0.055359192,0.3666666666666666,0.4,0.5,0.1333333333333333,0.0004179060847188,0.0558689017081633,True,True,True,False,False,False,False,False,True,False,False,False,False,False,True,False,False,False,False,False
risk_adjusted_trend|risk_trend_100d|h42,risk_adjusted_trend,risk_trend_100d,42,"{""window"": 100}",12,12,12,12,-0.0107939618865438,-0.014402699,-0.0087991269886113,-0.010401836,0.03531959,0.3333333333333333,0.4166666666666667,0.4166666666666667,0.0833333333333333,0.0020393407903611,0.0351067211789389,30.0,30.0,29.0,29.0,-0.0134046755373317,-0.017683335,-0.0121408714794724,-0.0144706,0.07113727,0.3666666666666666,0.4137931034482758,0.4827586206896552,0.1379310344827586,0.0010266816243529,0.0643537073749406,True,True,True,False,False,False,False,False,True,False,False,False,False,False,True,False,False,False,False,False
risk_adjusted_trend|risk_trend_100d|h63,risk_adjusted_trend,risk_trend_100d,63,"{""window"": 100}",12,12,12,12,-0.0089396243721837,-0.012279682,-0.0032831027022531,-0.0067413896,0.040444065,0.25,0.5,0.25,0.0,0.005748620412002,0.0435668337158858,30.0,30.0,29.0,29.0,-0.0116120310313398,-0.0065271454,-0.008457943440799,-0.019797323,0.07842081,0.4,0.4482758620689655,0.5517241379310345,0.2068965517241379,0.0030172741490191,0.070029167458415,True,True,True,False,False,False,False,False,True,False,False,False,False,False,True,False,False,False,False,False
risk_adjusted_trend|risk_trend_100d|h126,risk_adjusted_trend,risk_trend_100d,126,"{""window"": 100}",12,12,12,12,-0.0045876520215386,0.00026714563,0.0166990322550305,0.048593868,0.07479568,0.5,0.6666666666666666,0.5,0.3333333333333333,0.0214399082275728,0.0781946612211565,30.0,30.0,29.0,29.0,0.0003999598446706,-0.010195945,0.0097561412159757,0.010809574,0.0943545,0.4333333333333333,0.5172413793103449,0.5517241379310345,0.2413793103448276,0.0112048373075908,0.0860669312613277,True,True,True,True,False,False,False,False,True,False,True,False,False,False,True,False,False,False,False,False
risk_adjusted_trend|risk_trend_100d|h252,risk_adjusted_trend,risk_trend_100d,252,"{""window"": 100}",12,12,11,11,-0.0070962529941109,-0.015101785,0.0100013525522989,0.008265193,0.08971334,0.25,0.7272727272727273,0.4545454545454545,0.1818181818181818,0.0212308501147411,0.0725086833435026,,,,,,,,,,,,,,,,False,True,,,,,,True,True,False,False,False,False,False,True,False,False,False,False,False
risk_adjusted_trend|risk_trend_200d|h1,risk_adjusted_trend,risk_trend_200d,1,"{""window"": 200}",12,12,12,12,0.0114879201222595,0.011928527,0.0131548709738931,0.011293946,0.012283366,1.0,0.9166666666666666,0.9166666666666666,0.9166666666666666,0.0016668339570363,0.0118719668438037,30.0,30.0,30.0,30.0,0.0122832655328932,0.011364372,0.0135613538788023,0.014395575,0.013873247,0.9666666666666668,0.8666666666666667,0.8333333333333334,0.8333333333333334,0.0012753648993869,0.0135505460513134,True,True,True,True,True,True,True,True,True,True,True,True,True,True,True,True,True,True,True,True
risk_adjusted_trend|risk_trend_200d|h5,risk_adjusted_trend,risk_trend_200d,5,"{""window"": 200}",12,12,12,12,0.0082663087842839,0.0059189964,0.0101670554062814,0.010003158,0.023433182,1.0,0.5833333333333334,0.5833333333333334,0.5833333333333334,0.0018978460381428,0.0227817362174391,30.0,30.0,30.0,30.0,0.0091423605308386,0.008791573,0.0105849305429033,0.013448324,0.032138728,0.7666666666666667,0.7333333333333333,0.5666666666666667,0.5333333333333333,0.0014688367489725,0.0294292126937458,True,True,True,True,True,True,False,False,True,True,True,False,False,False,True,True,True,False,False,False
risk_adjusted_trend|risk_trend_200d|h10,risk_adjusted_trend,risk_trend_200d,10,"{""window"": 200}",12,12,12,12,0.0045101951265807,0.0025023168,0.0072666402863594,0.013614643,0.03225732,0.75,0.5833333333333334,0.5,0.4166666666666667,0.002759890553231,0.0292394854283581,30.0,30.0,30.0,30.0,0.0055712409085666,0.0051792907,0.007667187562111,0.009619779,0.043712985,0.5333333333333333,0.6666666666666666,0.2666666666666666,0.2333333333333333,0.002135600708425,0.0407067480186621,True,True,True,True,True,False,False,False,True,True,True,False,False,False,True,True,True,False,False,False
risk_adjusted_trend|risk_trend_200d|h21,risk_adjusted_trend,risk_trend_200d,21,"{""window"": 200}",12,12,12,12,0.0010015656489179,-0.00040585702,0.0060425106037316,0.01085317,0.041905113,0.4166666666666667,0.75,0.1666666666666666,0.1666666666666666,0.0050710590245823,0.0357127448854347,30.0,30.0,30.0,30.0,0.0037679215006746,0.003107896,0.0056913076251478,0.014052415,0.058992673,0.5333333333333333,0.6666666666666666,0.4666666666666667,0.3333333333333333,0.00194392617171,0.0505587042930225,True,True,True,True,True,False,False,False,True,True,False,False,False,False,True,True,False,False,False,False
risk_adjusted_trend|risk_trend_200d|h42,risk_adjusted_trend,risk_trend_200d,42,"{""window"": 200}",12,12,12,12,0.0005187904494905,0.001022897,0.0075295891404778,0.02475421,0.05484987,0.5,0.5833333333333334,0.4166666666666667,0.25,0.0070728802432616,0.0485207429155707,30.0,30.0,29.0,29.0,0.0043791741178732,0.0033434397,0.0046244006050321,0.017208554,0.08362455,0.5333333333333333,0.6551724137931034,0.5172413793103449,0.3448275862068966,0.0020818194567129,0.074448963113386,True,True,True,True,True,False,False,False,True,True,True,False,False,False,True,True,True,False,False,False
risk_adjusted_trend|risk_trend_200d|h63,risk_adjusted_trend,risk_trend_200d,63,"{""window"": 200}",12,12,12,12,0.0020533766875043,-0.000628524,0.0093107343578218,0.027037097,0.0688766,0.4166666666666667,0.5833333333333334,0.3333333333333333,0.1666666666666666,0.0073573408493151,0.0654431541915983,30.0,30.0,29.0,29.0,0.0063789819325642,0.00900252,0.0074299102143977,0.020191655,0.10264997,0.5333333333333333,0.6551724137931034,0.5172413793103449,0.3448275862068966,0.0034752484924834,0.0939230210436829,True,True,True,True,True,False,False,False,True,True,False,False,False,False,True,True,False,False,False,False
risk_adjusted_trend|risk_trend_200d|h126,risk_adjusted_trend,risk_trend_200d,126,"{""window"": 200}",12,12,12,12,0.0052408225377125,0.0006739102,0.0201523854969516,0.04110653,0.119420394,0.5,0.5833333333333334,0.4166666666666667,0.25,0.0150758711000283,0.1045598151783148,30.0,30.0,29.0,29.0,0.0144036360478734,0.010804493,0.0176597148821489,0.023513813,0.14259036,0.6666666666666666,0.6896551724137931,0.4827586206896552,0.4137931034482758,0.0069969143590022,0.1435030382768861,True,True,True,True,True,True,False,False,True,True,True,False,False,False,True,True,True,False,False,False
risk_adjusted_trend|risk_trend_200d|h252,risk_adjusted_trend,risk_trend_200d,252,"{""window"": 200}",12,12,11,11,-0.0140334320144315,-0.022716012,0.0112330074021,-0.019830992,0.1412714,0.4166666666666667,0.4545454545454545,0.5454545454545454,0.1818181818181818,0.027041909200224,0.1277784490111199,,,,,,,,,,,,,,,,False,True,,,,,,True,True,False,False,False,False,False,True,False,False,False,False,False
risk_adjusted_trend|risk_trend_250d|h1,risk_adjusted_trend,risk_trend_250d,1,"{""window"": 250}",12,12,12,12,0.0129859737941216,0.013584114,0.0144954031383318,0.01348986,0.014278121,1.0,0.9166666666666666,0.9166666666666666,0.9166666666666666,0.0015057249693199,0.0134692553353185,30.0,30.0,30.0,30.0,0.0139069473605122,0.012707727,0.0150455832133682,0.01566104,0.015610907,0.9666666666666668,0.8333333333333334,0.8,0.8,0.0011378524204095,0.0147090125828981,True,True,True,True,True,True,True,True,True,True,True,True,True,True,True,True,True,True,True,True
risk_adjusted_trend|risk_trend_250d|h5,risk_adjusted_trend,risk_trend_250d,5,"{""window"": 250}",12,12,12,12,0.0115386302073555,0.010410503,0.0124492376866565,0.0137626305,0.027049586,1.0,0.75,0.75,0.75,0.0009014829217145,0.0243957287166267,30.0,30.0,30.0,30.0,0.0127370211601498,0.012752036,0.0135685577349575,0.017230976,0.037160657,0.8,0.6666666666666666,0.5333333333333333,0.5,0.0008698301079372,0.0323157659731805,True,True,True,True,True,True,False,False,True,True,True,True,True,True,True,True,True,True,False,False
risk_adjusted_trend|risk_trend_250d|h10,risk_adjusted_trend,risk_trend_250d,10,"{""window"": 250}",12,12,12,12,0.0082825458164205,0.009024613,0.0091117360470835,0.010301093,0.03716403,0.9166666666666666,0.6666666666666666,0.5833333333333334,0.5833333333333334,0.0008255558786913,0.0305834915100907,30.0,30.0,30.0,30.0,0.0099729901624771,0.008327445,0.0109989942613475,0.012721004,0.050784733,0.7333333333333333,0.6333333333333333,0.5666666666666667,0.4666666666666667,0.0010790550770858,0.0455628204159438,True,True,True,True,True,True,False,False,True,True,True,True,False,False,True,True,True,True,False,False
risk_adjusted_trend|risk_trend_250d|h21,risk_adjusted_trend,risk_trend_250d,21,"{""window"": 250}",12,12,12,12,0.0049612104360637,0.0037204982,0.0073896545590925,0.010048164,0.04981918,0.8333333333333334,0.8333333333333334,0.6666666666666666,0.6666666666666666,0.0024545070482417,0.0366374680694813,30.0,30.0,30.0,30.0,0.0088174815586726,0.009919571,0.0093557210672468,0.011876313,0.07028103,0.6333333333333333,0.7,0.6,0.4666666666666667,0.0005670403440793,0.0645557018617788,True,True,True,True,True,True,True,True,True,True,True,True,True,True,True,True,True,True,True,True
risk_adjusted_trend|risk_trend_250d|h42,risk_adjusted_trend,risk_trend_250d,42,"{""window"": 250}",12,12,12,12,0.0032969990504209,0.0036296244,0.0065934373130015,0.011913297,0.0691941,0.5833333333333334,0.5,0.4166666666666667,0.25,0.0033698567034055,0.0591882851440459,30.0,30.0,29.0,29.0,0.0095627800368241,0.011829358,0.0065156212564295,0.01996446,0.099031165,0.6,0.6206896551724138,0.4827586206896552,0.3448275862068966,-0.0011856088350559,0.0944558645373788,True,True,True,True,True,True,False,False,True,True,True,False,False,False,True,True,True,False,False,False
risk_adjusted_trend|risk_trend_250d|h63,risk_adjusted_trend,risk_trend_250d,63,"{""window"": 250}",12,12,12,12,0.0016639199470856,-0.0017358836,0.0062058930932695,0.011181675,0.08635206,0.4166666666666667,0.5,0.4166666666666667,0.1666666666666666,0.0046625879282752,0.0761874727904796,30.0,30.0,29.0,29.0,0.0092752605891898,0.007921241,0.0063683260771034,0.026271619,0.11895678,0.6,0.6896551724137931,0.4827586206896552,0.3793103448275862,-0.0003659100079073,0.1139245908546807,True,True,True,True,True,True,False,False,True,True,False,False,False,False,True,True,False,False,False,False
risk_adjusted_trend|risk_trend_250d|h126,risk_adjusted_trend,risk_trend_250d,126,"{""window"": 250}",12,12,12,12,0.0007390173337084,-0.0039833393,0.0133400546335766,0.031840574,0.1336585,0.4166666666666667,0.6666666666666666,0.4166666666666667,0.25,0.012767519801855,0.1145430194834868,30.0,30.0,29.0,29.0,0.012967699155567,0.01521975,0.0110044663520195,0.03872932,0.15476285,0.6333333333333333,0.5862068965517241,0.4137931034482758,0.3103448275862069,0.0018972389656921,0.1633343974064136,True,True,True,True,True,False,False,False,True,True,False,False,False,False,True,True,False,False,False,False
risk_adjusted_trend|risk_trend_250d|h252,risk_adjusted_trend,risk_trend_250d,252,"{""window"": 250}",12,12,11,11,-0.0168415916422284,-0.019436382,0.0087376315482472,0.0026658338,0.15577109,0.3333333333333333,0.5454545454545454,0.6363636363636364,0.2727272727272727,0.0258225398984822,0.1439628865231167,,,,,,,,,,,,,,,,False,True,,,,,,True,True,False,False,False,True,False,True,False,False,False,True,False
risk_adjusted_trend|risk_trend_50d|h1,risk_adjusted_trend,risk_trend_50d,1,"{""window"": 50}",12,12,12,12,0.0006823404956018,0.0017897198,0.001367556175266,0.0010468895,0.008768685,0.6666666666666666,0.5,0.5,0.3333333333333333,0.0006831205876854,0.007803803794862,30.0,30.0,30.0,30.0,0.0018037441961849,0.0014542288,0.0021490495480348,0.005105001,0.01293656,0.5666666666666667,0.6333333333333333,0.4666666666666667,0.3333333333333333,0.0003152295481413,0.0122367039167632,True,True,True,True,True,False,False,False,True,True,True,False,False,False,True,True,True,False,False,False
risk_adjusted_trend|risk_trend_50d|h5,risk_adjusted_trend,risk_trend_50d,5,"{""window"": 50}",12,12,12,12,-0.006598187161738,-0.006950165,-0.0047249211979112,-0.0019838647,0.017886313,0.0,0.5,0.5,0.0,0.0018717780088384,0.0164588465510557,30.0,30.0,30.0,30.0,-0.0045382675130441,-0.005114299,-0.0039159097454315,-0.0021964018,0.028215721,0.3333333333333333,0.4666666666666667,0.5333333333333333,0.1666666666666666,0.0005529317927236,0.0257650891862188,True,True,True,False,False,False,False,False,True,False,False,False,False,False,True,False,False,False,False,False
risk_adjusted_trend|risk_trend_50d|h10,risk_adjusted_trend,risk_trend_50d,10,"{""window"": 50}",12,12,12,12,-0.0112311064328125,-0.01100793,-0.0087982905143136,0.0012272277,0.025956098,0.0,0.5,0.5,0.0,0.0024336662997181,0.0236212329861397,30.0,30.0,30.0,30.0,-0.0088997563441003,-0.008849777,-0.008190293975708,-0.0065256977,0.038646277,0.2333333333333333,0.4,0.6333333333333333,0.1333333333333333,0.0006080004697044,0.0336188180372118,True,True,True,False,False,False,True,False,True,False,False,False,False,False,True,False,False,False,False,False
risk_adjusted_trend|risk_trend_50d|h21,risk_adjusted_trend,risk_trend_50d,21,"{""window"": 50}",12,12,12,12,-0.0136900735064856,-0.009917244,-0.0119332198911939,-0.0024802508,0.035132155,0.0,0.4166666666666667,0.5833333333333334,0.0,0.0017615830292925,0.030813026203153,30.0,30.0,30.0,30.0,-0.0110847035287292,-0.012823427,-0.0122552600667616,-0.007107064,0.051378667,0.4,0.3666666666666666,0.5666666666666667,0.1666666666666666,-0.0013223271196087,0.0453670340900619,True,True,True,False,False,False,False,False,True,False,False,False,False,False,True,False,False,False,False,False
risk_adjusted_trend|risk_trend_50d|h42,risk_adjusted_trend,risk_trend_50d,42,"{""window"": 50}",12,12,12,12,-0.0069228831865295,-0.01038249,-0.0066659377230241,-0.004112237,0.050153103,0.3333333333333333,0.5,0.5,0.1666666666666666,0.0002455355133861,0.0451766009597728,30.0,30.0,29.0,29.0,-0.0097075268534729,-0.016726747,-0.0126748038325606,-0.018378519,0.08004306,0.3333333333333333,0.4137931034482758,0.5172413793103449,0.1379310344827586,-0.0031165733355386,0.0745306401352944,True,True,True,False,False,False,False,False,True,False,False,False,False,False,True,False,False,False,False,False
risk_adjusted_trend|risk_trend_50d|h63,risk_adjusted_trend,risk_trend_50d,63,"{""window"": 50}",12,12,12,12,-0.0075061780333416,-0.009406936,-0.0050753591495156,-0.0020238296,0.04355598,0.3333333333333333,0.5,0.5,0.1666666666666666,0.0024512138528128,0.0387855158187449,30.0,30.0,29.0,29.0,-0.0116750810577713,-0.02140845,-0.0133199607823192,-0.021315848,0.0737002,0.4,0.3448275862068966,0.5172413793103449,0.1379310344827586,-0.0021126364068738,0.0676727869130414,True,True,True,False,False,False,False,False,True,False,False,False,False,False,True,False,False,False,False,False
risk_adjusted_trend|risk_trend_50d|h126,risk_adjusted_trend,risk_trend_50d,126,"{""window"": 50}",12,12,12,12,-0.0058974866358302,-0.00927324,0.0111194027987703,0.019269072,0.05491225,0.3333333333333333,0.6666666666666666,0.3333333333333333,0.1666666666666666,0.0171278975127885,0.0583472074164698,30.0,30.0,29.0,29.0,-0.0048843851404669,-0.008750566,0.0012675416362166,-0.0064857746,0.07716257,0.4666666666666667,0.4482758620689655,0.5862068965517241,0.2413793103448276,0.0069160316267917,0.0645762657553985,True,True,True,False,False,False,False,False,True,False,False,False,False,False,True,False,False,False,False,False
risk_adjusted_trend|risk_trend_50d|h252,risk_adjusted_trend,risk_trend_50d,252,"{""window"": 50}",12,12,11,11,-0.0014782616235401,-0.0066590495,0.0113851775842882,0.0148107475,0.06322464,0.25,0.8181818181818182,0.3636363636363636,0.1818181818181818,0.0157331323081796,0.0558958981524814,,,,,,,,,,,,,,,,False,True,,,,,,True,True,False,False,False,False,False,True,False,False,False,False,False
short_term_reversal|reversal_10d|h1,short_term_reversal,reversal_10d,1,"{""window"": 10}",12,12,12,12,0.0048824300687385,0.0039309477,0.0063942134706731,0.006198476,0.006202306,1.0,0.8333333333333334,0.8333333333333334,0.8333333333333334,0.0015112187829799,0.0064758000468524,30.0,30.0,30.0,30.0,0.005024053263664,0.005323574,0.0042811496086816,0.005576131,0.011967304,0.8,0.6333333333333333,0.5,0.4666666666666667,-0.0007470707331473,0.0109107331605628,True,True,True,True,True,True,False,False,True,True,True,True,True,True,True,True,True,True,False,False
short_term_reversal|reversal_10d|h5,short_term_reversal,reversal_10d,5,"{""window"": 10}",12,12,12,12,0.0095461462823707,0.008081259,0.011663147991025,0.008034568,0.014017425,0.9166666666666666,0.8333333333333334,0.75,0.75,0.0021261783937613,0.013848978249977,30.0,30.0,30.0,30.0,0.0103333589150682,0.012170967,0.0088513145539773,0.011809211,0.02307721,0.7666666666666667,0.6666666666666666,0.5666666666666667,0.5,-0.001514400797896,0.0217136744953071,True,True,True,True,True,True,False,False,True,True,True,True,True,True,True,True,True,True,False,False
short_term_reversal|reversal_10d|h10,short_term_reversal,reversal_10d,10,"{""window"": 10}",12,12,12,12,0.0097453018117505,0.00822221,0.0118230055826929,0.011840318,0.021133058,0.9166666666666666,0.75,0.6666666666666666,0.6666666666666666,0.0020909625842856,0.0177918515206935,30.0,30.0,30.0,30.0,0.0107336294226456,0.012769425,0.0082927711944118,0.010905682,0.033144396,0.7333333333333333,0.6666666666666666,0.4666666666666667,0.4333333333333333,-0.0025148757422963,0.0318083420395851,True,True,True,True,True,True,False,False,True,True,True,True,True,True,True,True,True,True,False,False
short_term_reversal|reversal_10d|h21,short_term_reversal,reversal_10d,21,"{""window"": 10}",12,12,12,12,0.0126007885617797,0.010119171,0.0124802165536667,0.005449799,0.030939907,0.9166666666666666,0.5833333333333334,0.5,0.5,-0.0001153644213142,0.0246368861407972,30.0,30.0,30.0,30.0,0.0091373169401733,0.009239691,0.0097272249771805,0.0051299008,0.038700234,0.7666666666666667,0.6333333333333333,0.5333333333333333,0.4666666666666667,0.0006118247751146,0.0332017434916148,True,True,True,True,True,True,False,False,True,True,True,False,False,False,True,True,True,False,False,False
short_term_reversal|reversal_10d|h42,short_term_reversal,reversal_10d,42,"{""window"": 10}",12,12,12,12,0.0138421663700464,0.012902478,0.0134525470929516,0.0134942485,0.026630746,1.0,0.5833333333333334,0.5833333333333334,0.5833333333333334,-0.0003861399988333,0.0273914793506264,30.0,30.0,29.0,29.0,0.0113719650324428,0.009718784,0.0132160933170143,0.010320109,0.03915495,0.7666666666666667,0.6896551724137931,0.5517241379310345,0.5172413793103449,0.0009685959988113,0.0346719509247561,True,True,True,True,True,True,False,False,True,True,True,False,False,False,True,True,True,False,False,False
short_term_reversal|reversal_10d|h63,short_term_reversal,reversal_10d,63,"{""window"": 10}",12,12,12,12,0.0097316857405048,0.010841189,0.0099776294812988,0.009771009,0.028783822,0.8333333333333334,0.5833333333333334,0.4166666666666667,0.4166666666666667,0.0002584701869636,0.0282418297138065,30.0,30.0,29.0,29.0,0.0090376965486209,0.015105525,0.0125361157015716,0.012780709,0.041729026,0.6666666666666666,0.5517241379310345,0.5172413793103449,0.3793103448275862,0.0030584574901852,0.0382379761672225,True,True,True,True,True,False,False,False,True,True,True,False,False,False,True,True,True,False,False,False
short_term_reversal|reversal_10d|h126,short_term_reversal,reversal_10d,126,"{""window"": 10}",12,12,12,12,0.0038848604904344,0.008428727,-0.0015212094241992,-0.00052850065,0.033203676,0.5833333333333334,0.5,0.5833333333333334,0.3333333333333333,-0.0054286199932297,0.0322728481454153,30.0,30.0,29.0,29.0,0.00469181778657,0.0047932127,0.0034227051231693,-0.0017936357,0.041814383,0.6,0.4827586206896552,0.3793103448275862,0.2413793103448276,-0.0014968008959087,0.0442337411102549,True,True,True,True,False,False,False,False,True,False,False,False,False,False,True,False,False,False,False,False
short_term_reversal|reversal_10d|h252,short_term_reversal,reversal_10d,252,"{""window"": 10}",12,12,11,11,0.0018158052196599,0.0030461382,-0.0037765390476608,-0.0012155956,0.02536617,0.5833333333333334,0.4545454545454545,0.2727272727272727,0.1818181818181818,-0.0059426971287889,0.0263165070421316,,,,,,,,,,,,,,,,False,True,,,,,,True,True,False,False,False,False,False,True,False,False,False,False,False
short_term_reversal|reversal_21d|h1,short_term_reversal,reversal_21d,1,"{""window"": 21}",12,12,12,12,0.0043736128039945,0.003840731,0.0049850896603845,0.0019228103,0.010622957,0.9166666666666666,0.6666666666666666,0.5833333333333334,0.5833333333333334,0.0006132305522138,0.0095385866006836,30.0,30.0,30.0,30.0,0.004327125600648,0.0034894976,0.0036536844393524,0.0018566448,0.013249765,0.7,0.6,0.3666666666666666,0.3333333333333333,-0.0006671545755428,0.0134819369413889,True,True,True,True,True,True,False,False,True,True,True,True,False,False,True,True,True,True,False,False
short_term_reversal|reversal_21d|h5,short_term_reversal,reversal_21d,5,"{""window"": 21}",12,12,12,12,0.0102724103570831,0.009896751,0.0103960575112856,0.0062980065,0.017831964,1.0,0.75,0.75,0.75,0.0001246551595007,0.0142682042981808,30.0,30.0,30.0,30.0,0.0100137565024805,0.0065704854,0.0088459089147257,0.008648245,0.02372667,0.8,0.6666666666666666,0.4666666666666667,0.4666666666666667,-0.0011501567981516,0.0241772591369226,True,True,True,True,True,True,False,False,True,True,True,True,True,True,True,True,True,True,False,False
short_term_reversal|reversal_21d|h10,short_term_reversal,reversal_21d,10,"{""window"": 21}",12,12,12,12,0.0130948914320958,0.01067287,0.013057482748094,0.008541459,0.02763797,0.9166666666666666,0.6666666666666666,0.5833333333333334,0.5833333333333334,-3.4914856466154255e-05,0.0232240008578325,30.0,30.0,30.0,30.0,0.0109833557001741,0.009701197,0.0106451615704154,0.0062267426,0.03619741,0.7666666666666667,0.6,0.4333333333333333,0.4,-0.0002805952448397,0.0337078049313277,True,True,True,True,True,True,False,False,True,True,True,True,False,False,True,True,True,True,False,False
short_term_reversal|reversal_21d|h21,short_term_reversal,reversal_21d,21,"{""window"": 21}",12,12,12,12,0.0169969577478831,0.013367508,0.0144666319595655,0.011504475,0.035097033,1.0,0.6666666666666666,0.6666666666666666,0.6666666666666666,-0.0025360993264863,0.033765416049088,30.0,30.0,30.0,30.0,0.0113889848020836,0.013482878,0.0120966565160362,0.00271007,0.045945253,0.7,0.5,0.6,0.4,0.0008182957419194,0.0376397189412576,True,True,True,True,True,False,True,False,True,True,True,True,True,True,True,True,True,False,True,False
short_term_reversal|reversal_21d|h42,short_term_reversal,reversal_21d,42,"{""window"": 21}",12,12,12,12,0.0184645831425619,0.013628764,0.0171883008427389,0.010992821,0.039343894,1.0,0.6666666666666666,0.6666666666666666,0.6666666666666666,-0.0012834796992441,0.0357756990318497,30.0,30.0,29.0,29.0,0.0162060731756017,0.01807775,0.01870411495797,0.010058911,0.0526207,0.7666666666666667,0.6551724137931034,0.5172413793103449,0.4827586206896552,0.0015724643840101,0.0474359391674656,True,True,True,True,True,True,False,False,True,True,True,True,True,True,True,True,True,True,False,False
short_term_reversal|reversal_21d|h63,short_term_reversal,reversal_21d,63,"{""window"": 21}",12,12,12,12,0.0101658084893199,0.010179518,0.0103560502209186,0.0064300043,0.04327632,0.75,0.5833333333333334,0.3333333333333333,0.3333333333333333,0.0002031448918084,0.0409001498483121,30.0,30.0,29.0,29.0,0.0101031802968455,0.017471666,0.0146567488890034,0.011388604,0.05866189,0.7,0.6551724137931034,0.4827586206896552,0.4137931034482758,0.0045132888802166,0.0575191811497869,True,True,True,True,True,True,False,False,True,True,True,False,False,False,True,True,True,False,False,False
short_term_reversal|reversal_21d|h126,short_term_reversal,reversal_21d,126,"{""window"": 21}",12,12,12,12,0.0024448485220588,0.008701171,-0.0048759086874244,-0.009462341,0.044605233,0.5833333333333334,0.4166666666666667,0.5,0.25,-0.007359909126535,0.0432790063787251,30.0,30.0,29.0,29.0,0.004207709709028,0.0034688022,0.0021321103216624,-0.0061259978,0.05888996,0.5333333333333333,0.4827586206896552,0.3448275862068966,0.1724137931034483,-0.0019502402303322,0.0615969752262603,True,True,True,True,False,False,False,False,True,False,False,False,False,False,True,False,False,False,False,False
short_term_reversal|reversal_21d|h252,short_term_reversal,reversal_21d,252,"{""window"": 21}",12,12,11,11,0.001373299724391,0.0018665853,-0.0054773984666519,-0.0021020037,0.03349659,0.5833333333333334,0.4545454545454545,0.2727272727272727,0.1818181818181818,-0.0075074687642468,0.0350132567003708,,,,,,,,,,,,,,,,False,True,,,,,,True,True,False,False,False,False,False,True,False,False,False,False,False
short_term_reversal|reversal_5d|h1,short_term_reversal,reversal_5d,1,"{""window"": 5}",12,12,12,12,0.0072947954675455,0.0073754,0.0061448670457855,0.0053363745,0.0052805515,1.0,0.8333333333333334,0.8333333333333334,0.8333333333333334,-0.001158877799753,0.0048706274052771,30.0,30.0,30.0,30.0,0.0069804223230076,0.007088654,0.0062211222447632,0.004263972,0.010975622,0.8666666666666667,0.6333333333333333,0.5,0.5,-0.0007427877746522,0.0111413926507035,True,True,True,True,True,True,False,False,True,True,True,True,True,True,True,True,True,True,False,False
short_term_reversal|reversal_5d|h5,short_term_reversal,reversal_5d,5,"{""window"": 5}",12,12,12,12,0.0121668523563934,0.012224759,0.0114151722767913,0.013035884,0.009486019,1.0,0.8333333333333334,0.8333333333333334,0.8333333333333334,-0.0007570111192762,0.0078151028137654,30.0,30.0,30.0,30.0,0.0121471060489385,0.011448959,0.0116001069467389,0.010761509,0.018936558,0.9333333333333332,0.7,0.6333333333333333,0.6333333333333333,-0.0005607109051197,0.0178101621723423,True,True,True,True,True,True,True,True,True,True,True,True,True,True,True,True,True,True,True,True
short_term_reversal|reversal_5d|h10,short_term_reversal,reversal_5d,10,"{""window"": 5}",12,12,12,12,0.0100523350778719,0.007706375,0.0117701541689263,0.007760425,0.0148869185,1.0,0.8333333333333334,0.8333333333333334,0.8333333333333334,0.0017231934859106,0.0140053772677977,30.0,30.0,30.0,30.0,0.0098545935161346,0.011693244,0.0088695780705754,0.013541084,0.023301005,0.8,0.6666666666666666,0.4666666666666667,0.4666666666666667,-0.0010337167264272,0.0224182854872196,True,True,True,True,True,True,False,False,True,True,True,True,True,True,True,True,True,True,False,False
short_term_reversal|reversal_5d|h21,short_term_reversal,reversal_5d,21,"{""window"": 5}",12,12,12,12,0.0109448390790982,0.009745324,0.011130952685016,0.007804899,0.018229218,0.9166666666666666,0.6666666666666666,0.5833333333333334,0.5833333333333334,0.0001865662634372,0.0149381899585326,30.0,30.0,30.0,30.0,0.009306535063012,0.008457345,0.0094267465364878,0.008024823,0.025295854,0.8333333333333334,0.6666666666666666,0.5666666666666667,0.5333333333333333,0.00010456716797,0.0225461543460066,True,True,True,True,True,True,False,False,True,True,True,True,False,False,True,True,True,True,False,False
short_term_reversal|reversal_5d|h42,short_term_reversal,reversal_5d,42,"{""window"": 5}",12,12,12,12,0.0106216164172645,0.011474287,0.0104401628304702,0.0132404575,0.019232294,0.9166666666666666,0.6666666666666666,0.5833333333333334,0.5833333333333334,-0.0001738539043193,0.0192743924368793,30.0,30.0,29.0,29.0,0.0087081566252627,0.007095785,0.0096419168356448,0.007134814,0.028299438,0.7333333333333333,0.6206896551724138,0.5862068965517241,0.4827586206896552,0.0003509719751711,0.0241041719263162,True,True,True,True,True,True,False,False,True,True,True,True,False,False,True,True,True,True,False,False
short_term_reversal|reversal_5d|h63,short_term_reversal,reversal_5d,63,"{""window"": 5}",12,12,12,12,0.0081478310757571,0.008238737,0.0076485299320139,0.009251799,0.02096554,0.75,0.5833333333333334,0.3333333333333333,0.3333333333333333,-0.0004931647951404,0.0212618711714943,30.0,30.0,29.0,29.0,0.0071951556016521,0.009794001,0.0094437517146355,0.011211535,0.030697746,0.7333333333333333,0.6206896551724138,0.6551724137931034,0.5172413793103449,0.0017421390411668,0.0264981980274977,True,True,True,True,True,True,True,True,True,True,True,False,False,False,True,True,True,False,False,False
short_term_reversal|reversal_5d|h126,short_term_reversal,reversal_5d,126,"{""window"": 5}",12,12,12,12,0.0020757078576427,0.0050507137,-0.0020372059401137,-0.0015473303,0.024149954,0.5833333333333334,0.5,0.4166666666666667,0.25,-0.0041298168556143,0.0239564260312666,30.0,30.0,29.0,29.0,0.0022564260983734,0.004101288,0.0011048555362781,-0.002331788,0.029660968,0.6,0.4827586206896552,0.4482758620689655,0.2758620689655172,-0.0014879966821071,0.0312460312772349,True,True,True,True,False,False,False,False,True,False,False,False,False,False,True,False,False,False,False,False
short_term_reversal|reversal_5d|h252,short_term_reversal,reversal_5d,252,"{""window"": 5}",12,12,11,11,0.0018110591597645,0.0013251562,-0.0027695604280122,-0.0020543293,0.02089371,0.5833333333333334,0.3636363636363636,0.4545454545454545,0.1818181818181818,-0.0047063099389726,0.0207257146354426,,,,,,,,,,,,,,,,False,True,,,,,,True,True,False,False,False,False,False,True,False,False,False,False,False
trend|SMA100|h1,trend,SMA100,1,"{""window"": 100}",12,12,12,12,0.0006629362020862,0.0017880136,0.0005298933172271,0.0038100854,0.009833259,0.6666666666666666,0.6666666666666666,0.5,0.4166666666666667,-0.000129932227234,0.0086037260092174,30.0,30.0,30.0,30.0,0.0012292841572215,0.0010177251,0.0021212624145402,0.005962009,0.013840754,0.6,0.6333333333333333,0.3666666666666666,0.3,0.0008616158971562,0.0152365585245812,True,True,True,True,True,True,False,False,True,True,True,True,False,False,True,True,True,True,False,False
trend|SMA100|h5,trend,SMA100,5,"{""window"": 100}",12,12,12,12,-0.0048674149718856,-0.0046354756,-0.0057727987183602,-0.002146414,0.020713134,0.0833333333333333,0.3333333333333333,0.5833333333333334,0.0,-0.0009134208085015,0.0189637121511623,30.0,30.0,30.0,30.0,-0.0046524672195189,-0.004707482,-0.0034367953889709,1.6432838e-05,0.027040115,0.3,0.5,0.2666666666666666,0.0333333333333333,0.0011346854967996,0.0291707064413155,True,True,True,False,False,False,False,False,True,False,False,False,False,False,True,False,False,False,False,False
trend|SMA100|h10,trend,SMA100,10,"{""window"": 100}",12,12,12,12,-0.008816339398713,-0.009683144,-0.010135745017427,-0.0054083006,0.030076664,0.0833333333333333,0.3333333333333333,0.5833333333333334,0.0,-0.0013301794727643,0.0278540183790028,30.0,30.0,30.0,30.0,-0.0085837499517786,-0.009069199,-0.0069896644011637,-0.0044509415,0.04097299,0.1666666666666666,0.4333333333333333,0.4666666666666667,0.0333333333333333,0.0014648862803975,0.0410968092580636,True,True,True,False,False,False,False,False,True,False,False,False,False,False,True,False,False,False,False,False
trend|SMA100|h21,trend,SMA100,21,"{""window"": 100}",12,12,12,12,-0.0116572665266919,-0.008673903,-0.0119931506131063,-0.004307682,0.03789688,0.0833333333333333,0.3333333333333333,0.5833333333333334,0.0,-0.0003398641517075,0.0338879398574742,30.0,30.0,30.0,30.0,-0.0095556896558699,-0.009904623,-0.0096544398832942,-0.001878059,0.05413839,0.2666666666666666,0.4333333333333333,0.4333333333333333,0.0666666666666666,-0.0003368457003186,0.0541537416633218,True,True,True,False,False,False,False,False,True,False,False,False,False,False,True,False,False,False,False,False
trend|SMA100|h42,trend,SMA100,42,"{""window"": 100}",12,12,12,12,-0.0132349235202149,-0.016550595,-0.0134042405365284,-0.010310225,0.046968378,0.25,0.3333333333333333,0.4166666666666667,0.0,-0.0001738991122692,0.0409385615494102,30.0,30.0,29.0,29.0,-0.0149305272566109,-0.017165959,-0.0162948313805555,-0.016833704,0.07491125,0.2333333333333333,0.4482758620689655,0.4482758620689655,0.0689655172413793,-0.0012831895066232,0.0740834856405854,True,True,True,False,False,False,False,False,True,False,False,False,False,False,True,False,False,False,False,False
trend|SMA100|h63,trend,SMA100,63,"{""window"": 100}",12,12,12,12,-0.0093156675064422,-0.010829693,-0.0071201237503962,-0.010312037,0.05020589,0.3333333333333333,0.4166666666666667,0.5833333333333334,0.1666666666666666,0.0022107422507057,0.0457848725685228,30.0,30.0,29.0,29.0,-0.0132363536849223,-0.02134068,-0.013672118139289,-0.0055290298,0.08338972,0.3,0.4482758620689655,0.4482758620689655,0.1034482758620689,-0.0008201454444948,0.0815483324454519,True,True,True,False,False,False,False,False,True,False,False,False,False,False,True,False,False,False,False,False
trend|SMA100|h126,trend,SMA100,126,"{""window"": 100}",12,12,12,12,-0.0030774235422394,-0.00092363125,0.014827629505003,0.01920251,0.061796237,0.5,0.75,0.5833333333333334,0.4166666666666667,0.018007999829327,0.0588447792300333,30.0,30.0,29.0,29.0,-0.0034791565109765,0.0017700361,0.0053187416481328,0.023195218,0.08780593,0.5333333333333333,0.5517241379310345,0.5517241379310345,0.3103448275862069,0.0091939675139969,0.0811009829671218,True,True,True,False,True,False,False,False,True,False,False,False,False,False,True,False,False,False,False,False
trend|SMA100|h252,trend,SMA100,252,"{""window"": 100}",12,12,11,11,-0.0032807906873345,-0.008453763,0.0084777392216603,0.0067758295,0.07391534,0.3333333333333333,0.5454545454545454,0.3636363636363636,0.0909090909090909,0.0140520867637612,0.0664330104535276,,,,,,,,,,,,,,,,False,True,,,,,,True,True,False,False,False,False,False,True,False,False,False,False,False
trend|SMA150|h1,trend,SMA150,1,"{""window"": 150}",12,12,12,12,0.0042215936502752,0.004408745,0.0044888271240236,0.0075190184,0.010354981,0.9166666666666666,0.6666666666666666,0.5833333333333334,0.5833333333333334,0.0002682736764351,0.0093714084941893,30.0,30.0,30.0,30.0,0.0045499277166076,0.005590016,0.0057142698601572,0.007097942,0.013879562,0.7,0.6333333333333333,0.3333333333333333,0.3333333333333333,0.0011366307192171,0.0156671170843765,True,True,True,True,True,True,False,False,True,True,True,True,False,False,True,True,True,True,False,False
trend|SMA150|h5,trend,SMA150,5,"{""window"": 150}",12,12,12,12,-0.0002662514479168,2.4641558e-05,-0.0006433345571933,0.0016027064,0.021185441,0.5,0.5,0.5,0.25,-0.0003873159294016,0.0194359555413636,30.0,30.0,30.0,30.0,-0.0005755919480562,-0.0019746295,0.0008995373455427,0.0005925966,0.027370129,0.3666666666666666,0.5,0.2666666666666666,0.0666666666666666,0.0014073665409038,0.0304644479881972,True,True,True,False,False,False,False,False,True,False,True,False,False,False,True,False,False,False,False,False
trend|SMA150|h10,trend,SMA150,10,"{""window"": 150}",12,12,12,12,-0.0039652426796737,-0.0065109134,-0.0043621531162612,-0.00024048053,0.030148232,0.25,0.5,0.25,0.0,-0.000407494061316,0.0277768097973118,30.0,30.0,30.0,30.0,-0.0044026280821639,-0.006070716,-0.0022504019209453,0.00146234,0.039227754,0.3,0.5,0.4,0.1,0.0020451431317875,0.0411929728308071,True,True,True,False,False,False,False,False,True,False,False,False,False,False,True,False,False,False,False,False
trend|SMA150|h21,trend,SMA150,21,"{""window"": 150}",12,12,12,12,-0.0064448085081623,-0.0089348685,-0.0048262625240531,-0.00041243507,0.039287467,0.3333333333333333,0.4166666666666667,0.4166666666666667,0.0833333333333333,0.0016212885966524,0.0353045992475623,30.0,30.0,30.0,30.0,-0.0052100017772884,-0.003263867,-0.0040297021240796,0.0052694683,0.052633654,0.4,0.5333333333333333,0.2666666666666666,0.1,0.0009727870735029,0.0537429884386559,True,True,True,False,False,False,False,False,True,False,False,False,False,False,True,False,False,False,False,False
trend|SMA150|h42,trend,SMA150,42,"{""window"": 150}",12,12,12,12,-0.0091974984151643,-0.010513747,-0.0055756846288832,-0.00417264,0.047894266,0.25,0.4166666666666667,0.5,0.0833333333333333,0.0036365363824491,0.0434600415561969,30.0,30.0,29.0,29.0,-0.0105772354999752,-0.015659068,-0.0099201348524371,-0.00044549062,0.07489391,0.3333333333333333,0.4827586206896552,0.3448275862068966,0.0689655172413793,0.0010189872620434,0.0726293415344994,True,True,True,False,False,False,False,False,True,False,False,False,False,False,True,False,False,False,False,False
trend|SMA150|h63,trend,SMA150,63,"{""window"": 150}",12,12,12,12,-0.0075961994275366,-0.008790126,-0.000700179474506,0.00801241,0.0494718,0.3333333333333333,0.5833333333333334,0.4166666666666667,0.1666666666666666,0.006940852307404,0.0458700539699445,30.0,30.0,29.0,29.0,-0.0105443696913802,-0.009072153,-0.008094737870087,0.012137646,0.083132505,0.4666666666666667,0.5172413793103449,0.4482758620689655,0.2068965517241379,0.0026871689820084,0.0805785124800328,True,True,True,False,False,False,False,False,True,False,False,False,False,False,True,False,False,False,False,False
trend|SMA150|h126,trend,SMA150,126,"{""window"": 150}",12,12,12,12,0.0011411554346242,0.0068711946,0.0193677014863208,0.038343877,0.077343985,0.5833333333333334,0.6666666666666666,0.4166666666666667,0.3333333333333333,0.0183576365622381,0.076835381022344,30.0,30.0,29.0,29.0,0.0018041286374493,0.0009164491,0.0125641223469155,0.043454975,0.097012304,0.5,0.5517241379310345,0.4482758620689655,0.2413793103448276,0.0118631994159057,0.0967425615366163,True,True,True,True,True,False,False,False,True,True,True,False,False,False,True,True,True,False,False,False
trend|SMA150|h252,trend,SMA150,252,"{""window"": 150}",12,12,11,11,-0.0080891729687859,-0.01452375,0.0079971746254895,0.012839866,0.10046088,0.25,0.5454545454545454,0.4545454545454545,0.0909090909090909,0.0184434054588729,0.0901594587009061,,,,,,,,,,,,,,,,False,True,,,,,,True,True,False,False,False,False,False,True,False,False,False,False,False
trend|SMA20|h1,trend,SMA20,1,"{""window"": 20}",12,12,12,12,-0.0058959993132496,-0.004990473,-0.006667458067242,-0.0046660174,0.00624967,0.0,0.1666666666666666,0.8333333333333334,0.0,-0.0007710162705431,0.0063933396401504,30.0,30.0,30.0,30.0,-0.0059166372824263,-0.006545907,-0.005089960662745,-0.0041061975,0.01094009,0.1666666666666666,0.3333333333333333,0.6333333333333333,0.0666666666666666,0.0008274818576561,0.0117501323382991,True,True,True,False,False,False,True,False,True,False,False,False,True,False,True,False,False,False,True,False
trend|SMA20|h5,trend,SMA20,5,"{""window"": 20}",12,12,12,12,-0.0118746887782936,-0.012696818,-0.0127644905710708,-0.013400633,0.013156343,0.0,0.0833333333333333,0.9166666666666666,0.0,-0.0008931857688973,0.0112720136530697,30.0,30.0,30.0,30.0,-0.012487568028284,-0.013225185,-0.0107797723894676,-0.0113312425,0.020614589,0.1,0.3,0.6,0.0,0.0017421123571693,0.0202653827456136,True,True,True,False,False,False,True,False,True,False,False,False,True,False,True,False,False,False,True,False
trend|SMA20|h10,trend,SMA20,10,"{""window"": 20}",12,12,12,12,-0.0127712584741429,-0.013041623,-0.0140656780268619,-0.011216758,0.022674737,0.0833333333333333,0.25,0.6666666666666666,0.0,-0.0012989071741079,0.0169468589204673,30.0,30.0,30.0,30.0,-0.0127412914317599,-0.012914893,-0.010929235964717,-0.008274936,0.032744825,0.2,0.3,0.5666666666666667,0.0333333333333333,0.0018582271877676,0.0310662055543313,True,True,True,False,False,False,False,False,True,False,False,False,True,False,True,False,False,False,False,False
trend|SMA20|h21,trend,SMA20,21,"{""window"": 20}",12,12,12,12,-0.0161848537537813,-0.011556869,-0.0147184228618376,-0.008195145,0.032725282,0.0833333333333333,0.4166666666666667,0.5,0.0,0.0014715627767145,0.0293368177178005,30.0,30.0,30.0,30.0,-0.0117046877207531,-0.010830151,-0.0121695438816473,-0.003390856,0.041981142,0.2333333333333333,0.4666666666666667,0.5666666666666667,0.1333333333333333,-0.0005079439297939,0.0339366902830079,True,True,True,False,False,False,False,False,True,False,False,False,False,False,True,False,False,False,False,False
trend|SMA20|h42,trend,SMA20,42,"{""window"": 20}",12,12,12,12,-0.0177132582675754,-0.015116813,-0.0164585666400192,-0.015702631,0.031866424,0.0,0.4166666666666667,0.5833333333333334,0.0,0.0012605848411719,0.0314388135448098,30.0,30.0,29.0,29.0,-0.0148703706545601,-0.014658875,-0.0169302117463057,-0.011185751,0.045151733,0.2333333333333333,0.3103448275862069,0.5517241379310345,0.0344827586206896,-0.0010056114466539,0.0404692657356118,True,True,True,False,False,False,False,False,True,False,False,False,False,False,True,False,False,False,False,False
trend|SMA20|h63,trend,SMA20,63,"{""window"": 20}",12,12,12,12,-0.0116342133353018,-0.0109732635,-0.0114936500174722,-0.009373229,0.034846287,0.1666666666666666,0.3333333333333333,0.5,0.0,0.0001304862865557,0.0342390912119299,30.0,30.0,29.0,29.0,-0.0107518207351018,-0.019311786,-0.0151643334076621,-0.015557002,0.04964345,0.3,0.4137931034482758,0.4482758620689655,0.0689655172413793,-0.0040219078033134,0.0463798924766737,True,True,True,False,False,False,False,False,True,False,False,False,False,False,True,False,False,False,False,False
trend|SMA20|h126,trend,SMA20,126,"{""window"": 20}",12,12,12,12,-0.0043330177334426,-0.010269213,0.0020874073498094,0.0035947864,0.03908459,0.4166666666666667,0.5,0.5833333333333334,0.25,0.0064525968239953,0.0378587526114036,30.0,30.0,29.0,29.0,-0.0054055543799237,-0.0058028437,-0.0038313929577367,0.0011540516,0.049879435,0.4,0.5172413793103449,0.3793103448275862,0.1379310344827586,0.0017219120636582,0.0524487673658235,True,True,True,False,False,False,False,False,True,False,False,False,False,False,True,False,False,False,False,False
trend|SMA20|h252,trend,SMA20,252,"{""window"": 20}",12,12,11,11,-0.0024109734558875,-0.001482144,0.0039193268928937,0.005496076,0.031093376,0.4166666666666667,0.5454545454545454,0.2727272727272727,0.0909090909090909,0.0067127157764678,0.0325125523165545,,,,,,,,,,,,,,,,False,True,,,,,,True,True,False,False,False,False,False,True,False,False,False,False,False
trend|SMA200|h1,trend,SMA200,1,"{""window"": 200}",12,12,12,12,0.0060116162062596,0.00651465,0.0071299935523861,0.010418855,0.011962331,1.0,0.75,0.75,0.75,0.0011195492309828,0.0111671568204959,30.0,30.0,30.0,30.0,0.0065431125292413,0.007826202,0.0079287084174621,0.009809773,0.014184878,0.8,0.6666666666666666,0.4666666666666667,0.4666666666666667,0.0013680168737967,0.0155937697738409,True,True,True,True,True,True,False,False,True,True,True,True,True,True,True,True,True,True,False,False
trend|SMA200|h5,trend,SMA200,5,"{""window"": 200}",12,12,12,12,0.0018013914147632,0.0015159944,0.0026268027127258,0.0077899415,0.024160657,0.6666666666666666,0.5833333333333334,0.4166666666666667,0.3333333333333333,0.000817422561037,0.0229266308791314,30.0,30.0,30.0,30.0,0.0018650778903758,0.0011936397,0.0035267316851152,0.002872848,0.029004248,0.5333333333333333,0.5,0.2333333333333333,0.1333333333333333,0.0016242408348868,0.030265309397752,True,True,True,True,True,False,False,False,True,True,True,False,False,False,True,True,True,False,False,False
trend|SMA200|h10,trend,SMA200,10,"{""window"": 200}",12,12,12,12,-0.0019078300326745,-0.0039768303,-0.0007554942595718,0.007541229,0.03476302,0.3333333333333333,0.5833333333333334,0.25,0.0833333333333333,0.0011453862146784,0.0327722860965877,30.0,30.0,30.0,30.0,-0.0018995099152066,-0.005415337,0.0005590166572965,0.006997877,0.04117294,0.4333333333333333,0.5666666666666667,0.2666666666666666,0.1333333333333333,0.0023937878819803,0.0420648293880124,True,True,True,False,False,False,False,False,True,False,False,False,False,False,True,False,False,False,False,False
trend|SMA200|h21,trend,SMA200,21,"{""window"": 200}",12,12,12,12,-0.0046701066745578,-0.008138196,-0.0011288933025461,0.008955321,0.0445542,0.4166666666666667,0.5833333333333334,0.3333333333333333,0.1666666666666666,0.003552085137926,0.0399146338071053,30.0,30.0,30.0,30.0,-0.0027356564266216,-0.002100536,-0.0012072530147725,0.007905354,0.05434395,0.5,0.5666666666666667,0.4666666666666667,0.2666666666666666,0.0013796314131468,0.05163651703236,True,True,True,False,False,False,False,False,True,False,False,False,False,False,True,False,False,False,False,False
trend|SMA200|h42,trend,SMA200,42,"{""window"": 200}",12,12,12,12,-0.005853369118863,-0.009620957,-0.0012204928039801,0.001756629,0.052103262,0.4166666666666667,0.5833333333333334,0.3333333333333333,0.1666666666666666,0.0046603107669701,0.0458564318250864,30.0,30.0,29.0,29.0,-0.0060984853079366,-0.004488915,-0.0053783697614008,0.0005780816,0.07530537,0.4333333333333333,0.5172413793103449,0.4137931034482758,0.1724137931034483,0.0016128569359666,0.0732638395776779,True,True,True,False,False,False,False,False,True,False,False,False,False,False,True,False,False,False,False,False
trend|SMA200|h63,trend,SMA200,63,"{""window"": 200}",12,12,12,12,-0.0029423771243937,-0.0013413094,0.0030298781393909,0.0062860446,0.05409696,0.5,0.6666666666666666,0.3333333333333333,0.25,0.0060334367832789,0.0479758669777462,30.0,30.0,29.0,29.0,-0.0047094626402014,0.0006400953,-0.0023190640898797,0.0068148025,0.08391321,0.5333333333333333,0.5172413793103449,0.5172413793103449,0.2758620689655172,0.0032147222423347,0.084155184313141,True,True,True,False,True,False,False,False,True,False,False,False,False,False,True,False,False,False,False,False
trend|SMA200|h126,trend,SMA200,126,"{""window"": 200}",12,12,12,12,0.0027068430206893,0.0067986036,0.018446217033925,0.033149075,0.09632829,0.5833333333333334,0.6666666666666666,0.4166666666666667,0.3333333333333333,0.0158946700394153,0.0920143090188503,30.0,30.0,29.0,29.0,0.0048071293349576,0.0026003302,0.0152712982044636,0.045005623,0.11337405,0.5333333333333333,0.5862068965517241,0.4482758620689655,0.2758620689655172,0.0121987081807235,0.1175517080159022,True,True,True,True,True,False,False,False,True,True,True,False,False,False,True,True,True,False,False,False
trend|SMA200|h252,trend,SMA200,252,"{""window"": 200}",12,12,11,11,-0.0108035624440201,-0.014767641,0.0078929999299519,0.005407193,0.12241735,0.25,0.5454545454545454,0.4545454545454545,0.0909090909090909,0.0206069301136515,0.1097775533456694,,,,,,,,,,,,,,,,False,True,,,,,,True,True,False,False,False,False,False,True,False,False,False,False,False
trend|SMA250|h1,trend,SMA250,1,"{""window"": 250}",12,12,12,12,0.0079574352750429,0.009379573,0.009290093597706,0.012521392,0.013358048,1.0,0.75,0.75,0.75,0.0013323710300028,0.0126244431982437,30.0,30.0,30.0,30.0,0.0085938516116388,0.009120767,0.0100162915536279,0.01001809,0.014712682,0.8666666666666667,0.7,0.5666666666666667,0.5666666666666667,0.0014086074506243,0.0155934814363718,True,True,True,True,True,True,False,False,True,True,True,True,True,True,True,True,True,True,False,False
trend|SMA250|h5,trend,SMA250,5,"{""window"": 250}",12,12,12,12,0.0045704976455043,0.0037571448,0.0051656700627516,0.010406042,0.026648665,0.9166666666666666,0.5833333333333334,0.5,0.5,0.0005863272041703,0.0249033493067448,30.0,30.0,30.0,30.0,0.0048842274596937,0.0043423977,0.0063194830550783,0.007523771,0.03157551,0.6333333333333333,0.6,0.3,0.2666666666666666,0.0014131654791223,0.0316109520499594,True,True,True,True,True,True,False,False,True,True,True,False,False,False,True,True,True,False,False,False
trend|SMA250|h10,trend,SMA250,10,"{""window"": 250}",12,12,12,12,0.001325606292212,-0.001602872,0.0018796679456431,0.00911073,0.03799764,0.4166666666666667,0.5833333333333334,0.3333333333333333,0.1666666666666666,0.0005465219728648,0.0348318590161701,30.0,30.0,30.0,30.0,0.0016421124427465,-0.0017140977,0.0037467677842835,0.008351101,0.04423743,0.4333333333333333,0.5666666666666667,0.4,0.2,0.0020593875087797,0.0433655043132603,True,True,True,True,False,False,False,False,True,True,False,False,False,False,True,True,False,False,False,False
trend|SMA250|h21,trend,SMA250,21,"{""window"": 250}",12,12,12,12,-0.0017848805139697,-0.0022196532,0.0008759526375402,0.007992457,0.049407396,0.4166666666666667,0.6666666666666666,0.25,0.1666666666666666,0.0026754986029118,0.0423609615148355,30.0,30.0,30.0,30.0,0.0007736043723258,-0.002945565,0.0018132820209137,0.013893818,0.059064485,0.4666666666666667,0.5333333333333333,0.5333333333333333,0.2666666666666666,0.0009154692913095,0.0548678576325376,True,True,True,True,False,False,False,False,True,False,False,False,False,False,True,False,False,False,False,False
trend|SMA250|h42,trend,SMA250,42,"{""window"": 250}",12,12,12,12,-0.0034600665659661,-0.011429124,-0.0006552727128725,-0.0027254159,0.060212176,0.4166666666666667,0.4166666666666667,0.3333333333333333,0.0833333333333333,0.002847094166403,0.0498227344360202,30.0,30.0,29.0,29.0,-0.002204084972676,-0.00047540508,-0.0025420831297727,0.009370814,0.08243838,0.5,0.5517241379310345,0.4482758620689655,0.2413793103448276,0.0007856574616041,0.0832634470264973,True,True,True,False,False,False,False,False,True,False,False,False,False,False,True,False,False,False,False,False
trend|SMA250|h63,trend,SMA250,63,"{""window"": 250}",12,12,12,12,-0.001949438957858,-0.0064298417,0.0013221617218883,0.007151637,0.065271735,0.4166666666666667,0.5,0.4166666666666667,0.1666666666666666,0.0033560186469306,0.056570399319753,30.0,30.0,29.0,29.0,-0.0016418044967734,0.004445454,-0.0006204555484011,0.003868165,0.09453005,0.5333333333333333,0.5172413793103449,0.4482758620689655,0.2413793103448276,0.0021736866730297,0.0962027413288837,True,True,True,False,True,False,False,False,True,False,False,False,False,False,True,False,False,False,False,False
trend|SMA250|h126,trend,SMA250,126,"{""window"": 250}",12,12,12,12,0.001068653104615,-0.0033049686,0.0143948246959354,0.03152064,0.11154242,0.5,0.5833333333333334,0.4166666666666667,0.25,0.0135003351606428,0.1052452507428824,30.0,30.0,29.0,29.0,0.005231232099226,0.0017920884,0.0139340643439271,0.057507027,0.1278144,0.5333333333333333,0.6206896551724138,0.4827586206896552,0.3103448275862069,0.0108282444035184,0.1318168754464593,True,True,True,True,True,False,False,False,True,True,False,False,False,False,True,True,False,False,False,False
trend|SMA250|h252,trend,SMA250,252,"{""window"": 250}",12,12,11,11,-0.0129262597762945,-0.010972034,0.0068835927701065,0.010360967,0.13617867,0.1666666666666666,0.5454545454545454,0.4545454545454545,0.0909090909090909,0.0210455672984773,0.1241613148965618,,,,,,,,,,,,,,,,False,True,,,,,,True,True,False,False,False,False,False,True,False,False,False,False,False
trend|SMA50|h1,trend,SMA50,1,"{""window"": 50}",12,12,12,12,-0.0031677605640363,-0.0029187936,-0.003181322378315,-0.0010904858,0.008958289,0.1666666666666666,0.5,0.5,0.0833333333333333,-1.2309523299336432e-05,0.0082449537391463,30.0,30.0,30.0,30.0,-0.0024020389636784,-0.0021108175,-0.0015927745884149,-0.00056663575,0.013888122,0.3666666666666666,0.5,0.3333333333333333,0.1,0.000795708100001,0.0140031762421131,True,True,True,False,False,False,False,False,True,False,False,False,False,False,True,False,False,False,False,False
trend|SMA50|h5,trend,SMA50,5,"{""window"": 50}",12,12,12,12,-0.0098855975655816,-0.009625432,-0.009581832393786,-0.0076315673,0.016544929,0.0,0.25,0.75,0.0,0.0003043463996921,0.0149352236573273,30.0,30.0,30.0,30.0,-0.0087931566986533,-0.010419069,-0.0073090435137888,-0.0062774536,0.024449516,0.2333333333333333,0.3666666666666666,0.4,0.0,0.0014425220899283,0.0235457900911569,True,True,True,False,False,False,False,False,True,False,False,False,True,False,True,False,False,False,False,False
trend|SMA50|h10,trend,SMA50,10,"{""window"": 50}",12,12,12,12,-0.0135783953661685,-0.012871651,-0.0132085710499778,-0.009898653,0.025070777,0.0833333333333333,0.3333333333333333,0.5833333333333334,0.0,0.0003744245817263,0.0232451523964603,30.0,30.0,30.0,30.0,-0.0116101245959087,-0.0120145315,-0.0099590207096831,-0.013804724,0.036885493,0.2,0.3333333333333333,0.5333333333333333,0.0333333333333333,0.0015839826703692,0.0312186770994837,True,True,True,False,False,False,False,False,True,False,False,False,False,False,True,False,False,False,False,False
trend|SMA50|h21,trend,SMA50,21,"{""window"": 50}",12,12,12,12,-0.017556695200334,-0.01643242,-0.0159915148379618,-0.007515491,0.035505235,0.0833333333333333,0.4166666666666667,0.5,0.0,0.0015838838104779,0.0336862268935268,30.0,30.0,30.0,30.0,-0.0123745605085863,-0.012361086,-0.012895904144455,-0.016236983,0.048229773,0.2666666666666666,0.4333333333333333,0.6333333333333333,0.1666666666666666,-0.0006590178391585,0.0413529158104211,True,True,True,False,False,False,True,False,True,False,False,False,False,False,True,False,False,False,False,False
trend|SMA50|h42,trend,SMA50,42,"{""window"": 50}",12,12,12,12,-0.0161983576284814,-0.013191637,-0.0158795322115039,-0.011732682,0.04548292,0.1666666666666666,0.4166666666666667,0.4166666666666667,0.0,0.0003208262690653,0.0410265924874693,30.0,30.0,29.0,29.0,-0.0150197438015839,-0.023605231,-0.018243691044463,-0.013257639,0.06531204,0.3333333333333333,0.3793103448275862,0.5172413793103449,0.1034482758620689,-0.0026517511056414,0.0616618231067369,True,True,True,False,False,False,False,False,True,False,False,False,False,False,True,False,False,False,False,False
trend|SMA50|h63,trend,SMA50,63,"{""window"": 50}",12,12,12,12,-0.0108656792864525,-0.01316742,-0.0106728718200398,-0.0053707724,0.05062748,0.25,0.4166666666666667,0.3333333333333333,0.0,0.0001893447867284,0.0462828946765512,30.0,30.0,29.0,29.0,-0.0121468389073161,-0.017346758,-0.0159490162501336,-0.018826054,0.0718255,0.2333333333333333,0.4137931034482758,0.4827586206896552,0.0689655172413793,-0.0039230942212302,0.0699972277828331,True,True,True,False,False,False,False,False,True,False,False,False,False,False,True,False,False,False,False,False
trend|SMA50|h126,trend,SMA50,126,"{""window"": 50}",12,12,12,12,-0.0031656565781345,-0.0073197596,0.0087359279110324,0.013064583,0.054365326,0.4166666666666667,0.6666666666666666,0.4166666666666667,0.25,0.0119701670094703,0.0527158934855833,30.0,30.0,29.0,29.0,-0.0044304713811063,0.0011415789,-0.0003132662280177,0.011063939,0.07339317,0.5,0.5172413793103449,0.4482758620689655,0.2413793103448276,0.0040779804232819,0.0761825801355057,True,True,True,False,True,False,False,False,True,False,False,False,False,False,True,False,False,False,False,False
trend|SMA50|h252,trend,SMA50,252,"{""window"": 50}",12,12,11,11,0.0002584069770565,-0.0025595103,0.0091947856175139,0.0077443114,0.047405113,0.4166666666666667,0.5454545454545454,0.2727272727272727,0.0909090909090909,0.0103940997611392,0.0473454752090302,,,,,,,,,,,,,,,,False,True,,,,,,True,True,True,False,False,False,False,True,True,False,False,False,False
trend_slope|slope_100d|h1,trend_slope,slope_100d,1,"{""window"": 100}",12,12,12,12,0.0056717728958741,0.00523978,0.0058293363466399,0.008024604,0.009336212,1.0,0.6666666666666666,0.6666666666666666,0.6666666666666666,0.0001589671010151,0.0080690124304965,30.0,30.0,30.0,30.0,0.0058020912541793,0.0059798327,0.0063960472749304,0.0057420563,0.013954109,0.7333333333333333,0.6,0.3333333333333333,0.3333333333333333,0.000542587468711,0.0155082678499942,True,True,True,True,True,True,False,False,True,True,True,True,True,True,True,True,True,True,False,False
trend_slope|slope_100d|h5,trend_slope,slope_100d,5,"{""window"": 100}",12,12,12,12,0.0006786559200342,-0.0007602218,-0.0005957133308265,0.0024059508,0.02123792,0.3333333333333333,0.5,0.5,0.1666666666666666,-0.0012883677069718,0.0189215911474699,30.0,30.0,30.0,30.0,5.918669998167529e-05,0.00032599817,0.0002570271101997,0.0037403216,0.030463591,0.5333333333333333,0.5,0.3,0.1666666666666666,6.016156015296777e-05,0.0334280105773359,True,True,True,True,True,False,False,False,True,False,False,False,False,False,True,False,False,False,False,False
trend_slope|slope_100d|h10,trend_slope,slope_100d,10,"{""window"": 100}",12,12,12,12,-0.0045046981846805,-0.005639824,-0.0061175968072755,0.0016969126,0.027646046,0.1666666666666666,0.5,0.3333333333333333,0.0,-0.0016295374759162,0.0254401249112561,30.0,30.0,30.0,30.0,-0.0056632571362392,-0.008114804,-0.0047754949670215,-3.7256163e-05,0.043770734,0.4,0.5,0.4333333333333333,0.1666666666666666,0.0006867410615086,0.0473149587710698,True,True,True,False,False,False,False,False,True,False,False,False,False,False,True,False,False,False,False,False
trend_slope|slope_100d|h21,trend_slope,slope_100d,21,"{""window"": 100}",12,12,12,12,-0.0096509680083037,-0.011017339,-0.0109778828233865,-0.00045768404,0.035053384,0.0833333333333333,0.5,0.4166666666666667,0.0,-0.0013322007531921,0.0320626888424158,30.0,30.0,30.0,30.0,-0.0110224347492318,-0.015262786,-0.01030503085182,-0.012126103,0.058565427,0.4,0.4333333333333333,0.3666666666666666,0.1,0.0004095316398888,0.0619549490045756,True,True,True,False,False,False,False,False,True,False,False,False,False,False,True,False,False,False,False,False
trend_slope|slope_100d|h42,trend_slope,slope_100d,42,"{""window"": 100}",12,12,12,12,-0.0109374343036155,-0.014158737,-0.0099997525627992,-0.011290311,0.037133276,0.25,0.3333333333333333,0.5833333333333334,0.0833333333333333,0.0009597138656924,0.0328703015887488,30.0,30.0,29.0,29.0,-0.0146413441978405,-0.016747713,-0.0130159644885507,-0.019199606,0.07283397,0.3666666666666666,0.4137931034482758,0.4137931034482758,0.1034482758620689,0.0012646163974342,0.071382312617939,True,True,True,False,False,False,False,False,True,False,False,False,False,False,True,False,False,False,False,False
trend_slope|slope_100d|h63,trend_slope,slope_100d,63,"{""window"": 100}",12,12,12,12,-0.0070262144441076,-0.004868689,-0.0025164419867689,-0.0020568683,0.038411375,0.3333333333333333,0.5,0.5,0.1666666666666666,0.0045695878410091,0.0382578871989001,30.0,30.0,29.0,29.0,-0.0119643144866506,-0.007740531,-0.0076243416374293,-0.0025945816,0.07846513,0.4,0.4827586206896552,0.5862068965517241,0.2413793103448276,0.0038446292345379,0.0742838101076154,True,True,True,False,False,False,False,False,True,False,False,False,False,False,True,False,False,False,False,False
trend_slope|slope_100d|h126,trend_slope,slope_100d,126,"{""window"": 100}",12,12,12,12,-0.0006635557395818,0.0043802983,0.0195517688273712,0.0368847,0.06353287,0.6666666666666666,0.6666666666666666,0.5,0.4166666666666667,0.0203384109772741,0.0654085289376477,30.0,30.0,29.0,29.0,0.0001654304299539,-0.0072775227,0.0124995843807405,0.0345084,0.089753814,0.4666666666666667,0.5862068965517241,0.5862068965517241,0.3103448275862069,0.0132793399087827,0.0797980538537276,True,True,True,True,False,False,False,False,True,False,True,True,False,False,True,False,False,False,False,False
trend_slope|slope_100d|h252,trend_slope,slope_100d,252,"{""window"": 100}",12,12,11,11,-0.0046739301702376,-0.008165831,0.0078807467634445,0.0051156757,0.08006229,0.25,0.5454545454545454,0.4545454545454545,0.0909090909090909,0.0151775019582022,0.0681906272233887,,,,,,,,,,,,,,,,False,True,,,,,,True,True,False,False,False,False,False,True,False,False,False,False,False
trend_slope|slope_200d|h1,trend_slope,slope_200d,1,"{""window"": 200}",12,12,12,12,0.0102977823573573,0.010720989,0.01261377526707,0.011530075,0.011805498,1.0,0.9166666666666666,0.9166666666666666,0.9166666666666666,0.0023170258500613,0.0114032358590823,30.0,30.0,30.0,30.0,0.0107967339291771,0.00998034,0.0124168727108056,0.010868285,0.013209327,0.9,0.8333333333333334,0.7333333333333333,0.7333333333333333,0.0016210148266206,0.0127080667919168,True,True,True,True,True,True,True,True,True,True,True,True,True,True,True,True,True,True,True,True
trend_slope|slope_200d|h5,trend_slope,slope_200d,5,"{""window"": 200}",12,12,12,12,0.0080722508770962,0.0071900506,0.0101537454193732,0.011833089,0.022791132,0.9166666666666666,0.5833333333333334,0.6666666666666666,0.5833333333333334,0.0020764974372771,0.0220323379423158,30.0,30.0,30.0,30.0,0.0079808031992448,0.00901497,0.0097715632875131,0.00976558,0.0287476,0.6666666666666666,0.6666666666666666,0.4666666666666667,0.4,0.0018092382854471,0.0266627386057128,True,True,True,True,True,True,False,False,True,True,True,False,True,False,True,True,True,False,False,False
trend_slope|slope_200d|h10,trend_slope,slope_200d,10,"{""window"": 200}",12,12,12,12,0.0044235139986901,0.0041347733,0.0075483962213355,0.013547357,0.03160897,0.6666666666666666,0.5833333333333334,0.4166666666666667,0.3333333333333333,0.0031238100103413,0.029307658279625,30.0,30.0,30.0,30.0,0.0039837630257121,0.008174311,0.0068406050838283,0.012896,0.038781844,0.6,0.5666666666666667,0.3666666666666666,0.2666666666666666,0.0028770207117001,0.0362599682062864,True,True,True,True,True,False,False,False,True,True,True,False,False,False,True,True,True,False,False,False
trend_slope|slope_200d|h21,trend_slope,slope_200d,21,"{""window"": 200}",12,12,12,12,0.001896561307321,0.0025112187,0.0068060755384055,0.0110481,0.039575323,0.6666666666666666,0.75,0.4166666666666667,0.4166666666666667,0.0049290867949215,0.0336420455132611,30.0,30.0,30.0,30.0,0.0024167430901199,0.0023192018,0.0052516181239319,0.017276533,0.051007725,0.5,0.6333333333333333,0.4666666666666667,0.3,0.0028207613465686,0.0463303883560001,True,True,True,True,True,False,False,False,True,True,True,True,False,False,True,True,True,False,False,False
trend_slope|slope_200d|h42,trend_slope,slope_200d,42,"{""window"": 200}",12,12,12,12,0.0039375098706394,0.005567842,0.009308228036543,0.022704802,0.05138222,0.6666666666666666,0.5833333333333334,0.5833333333333334,0.4166666666666667,0.0054164160974323,0.0459080516981581,30.0,30.0,29.0,29.0,0.0047258160750996,0.005445347,0.0069381611696606,0.019375205,0.07523093,0.5333333333333333,0.6551724137931034,0.5172413793103449,0.3448275862068966,0.0037277008824307,0.0711477720660382,True,True,True,True,True,False,False,False,True,True,True,False,False,False,True,True,True,False,False,False
trend_slope|slope_200d|h63,trend_slope,slope_200d,63,"{""window"": 200}",12,12,12,12,0.0068464423146721,0.005485365,0.0102709581360475,0.022204304,0.065425895,0.75,0.5833333333333334,0.5,0.4166666666666667,0.0035074601376739,0.0637002262713698,30.0,30.0,29.0,29.0,0.0073716262784644,0.014602457,0.0113361742345735,0.02999823,0.097482055,0.5666666666666667,0.6206896551724138,0.5862068965517241,0.3793103448275862,0.005854415418259,0.0918407398436603,True,True,True,True,True,False,False,False,True,True,True,False,False,False,True,True,True,False,False,False
trend_slope|slope_200d|h126,trend_slope,slope_200d,126,"{""window"": 200}",12,12,12,12,0.0082408362196912,0.0048325667,0.0167671570973594,0.034971673,0.116667025,0.5833333333333334,0.5833333333333334,0.5,0.3333333333333333,0.0086906227904061,0.1070978608913719,30.0,30.0,29.0,29.0,0.0131247800354306,0.010596986,0.021871933082161,0.05005167,0.13883409,0.6,0.6206896551724138,0.5517241379310345,0.3793103448275862,0.0117380366628539,0.1454072334514609,True,True,True,True,True,True,False,False,True,True,True,False,False,False,True,True,True,False,False,False
trend_slope|slope_200d|h252,trend_slope,slope_200d,252,"{""window"": 200}",12,12,11,11,-0.0139337461368473,-0.012100877,0.0041147735632008,-0.021305643,0.14275005,0.25,0.4545454545454545,0.6363636363636364,0.1818181818181818,0.018447120250626,0.1310390855439684,,,,,,,,,,,,,,,,False,True,,,,,,True,True,False,False,False,True,False,True,False,False,False,True,False
trend_slope|slope_250d|h1,trend_slope,slope_250d,1,"{""window"": 250}",12,12,12,12,0.0121393097800592,0.012819104,0.0139277339295772,0.013164122,0.014414597,1.0,0.9166666666666666,0.9166666666666666,0.9166666666666666,0.0017862869426608,0.0140097366335491,30.0,30.0,30.0,30.0,0.0128407707262249,0.010865426,0.0143108821868731,0.013335645,0.014975124,0.9666666666666668,0.9,0.8666666666666667,0.8666666666666667,0.0014781478637208,0.0142612671634803,True,True,True,True,True,True,True,True,True,True,True,True,True,True,True,True,True,True,True,True
trend_slope|slope_250d|h5,trend_slope,slope_250d,5,"{""window"": 250}",12,12,12,12,0.0122305685722471,0.01153072,0.0123417829408701,0.01458735,0.027586475,1.0,0.75,0.75,0.75,0.0001008422890057,0.0249784097541123,30.0,30.0,30.0,30.0,0.0127297283683673,0.014960007,0.0137506161254413,0.017742023,0.03484376,0.8,0.6666666666666666,0.6,0.5333333333333333,0.0010600271013875,0.0320221615644792,True,True,True,True,True,True,True,True,True,True,True,True,True,True,True,True,True,True,True,True
trend_slope|slope_250d|h10,trend_slope,slope_250d,10,"{""window"": 250}",12,12,12,12,0.0093438204785221,0.008641347,0.0092461685625035,0.010428987,0.038039386,0.8333333333333334,0.6666666666666666,0.5,0.5,-0.0001040510833263,0.031165421474725,30.0,30.0,30.0,30.0,0.0099819799156873,0.013609644,0.0115631438866634,0.012000447,0.04746875,0.7333333333333333,0.6333333333333333,0.4333333333333333,0.4,0.0016271689596275,0.0453070133614043,True,True,True,True,True,True,False,False,True,True,True,True,False,False,True,True,True,True,False,False
trend_slope|slope_250d|h21,trend_slope,slope_250d,21,"{""window"": 250}",12,12,12,12,0.0063974371983161,0.0073352307,0.0069294582672523,0.010969071,0.050791144,0.6666666666666666,0.8333333333333334,0.5,0.5,0.0005522186790282,0.0377810516317064,30.0,30.0,30.0,30.0,0.0087309395702161,0.016092084,0.0100092254004401,0.015198024,0.06644108,0.6,0.6,0.4666666666666667,0.3333333333333333,0.001293879871567,0.0625642073651154,True,True,True,True,True,True,False,False,True,True,True,True,False,False,True,True,True,True,False,False
trend_slope|slope_250d|h42,trend_slope,slope_250d,42,"{""window"": 250}",12,12,12,12,0.0054048466048812,0.006363686,0.0049009845922889,0.0063756113,0.070065215,0.6666666666666666,0.5,0.5,0.3333333333333333,-0.0004374190854529,0.0625404903354744,30.0,30.0,29.0,29.0,0.0095688534318724,0.013718754,0.0086306456444784,0.020767797,0.09789393,0.6333333333333333,0.5862068965517241,0.4827586206896552,0.3448275862068966,0.0007789975096439,0.0951934130541209,True,True,True,True,True,False,False,False,True,True,True,False,False,False,True,True,True,False,False,False
trend_slope|slope_250d|h63,trend_slope,slope_250d,63,"{""window"": 250}",12,12,12,12,0.0036787446048663,0.0053113233,0.0023981000008549,0.0036808215,0.08629229,0.5833333333333334,0.5,0.5833333333333334,0.3333333333333333,-0.0011640951658288,0.0805682046338915,30.0,30.0,29.0,29.0,0.0083000902482738,0.009692004,0.0085636511846482,0.024896674,0.12101093,0.5333333333333333,0.6896551724137931,0.4827586206896552,0.3448275862068966,0.0024935003883879,0.1181404317632831,True,True,True,True,True,False,False,False,True,True,True,False,False,False,True,True,True,False,False,False
trend_slope|slope_250d|h126,trend_slope,slope_250d,126,"{""window"": 250}",12,12,12,12,0.0008794271455993,0.0012310043,0.0055773588443005,0.021341268,0.13167252,0.5,0.5,0.5,0.25,0.0048744703332583,0.1180825345218181,30.0,30.0,29.0,29.0,0.0097685916499467,0.011716529,0.0126029849154575,0.033964984,0.15222897,0.5666666666666667,0.6206896551724138,0.5172413793103449,0.3448275862068966,0.006086463686721,0.1574122931422858,True,True,True,True,True,False,False,False,True,True,True,False,False,False,True,True,True,False,False,False
trend_slope|slope_250d|h252,trend_slope,slope_250d,252,"{""window"": 250}",12,12,11,11,-0.0198288400075076,-0.021832941,-0.0008964600383688,-0.0016623953,0.15644552,0.3333333333333333,0.4545454545454545,0.5454545454545454,0.1818181818181818,0.0180136582560159,0.1452134067869999,,,,,,,,,,,,,,,,False,True,,,,,,True,True,False,False,False,False,False,True,False,False,False,False,False
trend_slope|slope_50d|h1,trend_slope,slope_50d,1,"{""window"": 50}",12,12,12,12,-0.0005742331574019,-3.796703e-05,0.0002548237302821,0.0013522543,0.0073924954,0.5,0.5833333333333334,0.4166666666666667,0.25,0.0008293552091345,0.0065031526998306,30.0,30.0,30.0,30.0,0.0004708369605577,-0.00018711122,0.0010414094130251,0.003385412,0.012548341,0.4666666666666667,0.5666666666666667,0.3666666666666666,0.2,0.0005395274531717,0.0123335078901921,True,True,True,True,False,False,False,False,True,False,False,False,False,False,True,False,False,False,False,False
trend_slope|slope_50d|h5,trend_slope,slope_50d,5,"{""window"": 50}",12,12,12,12,-0.0081638215792061,-0.007502508,-0.0067914840215236,-0.0073048943,0.016005794,0.0,0.4166666666666667,0.5833333333333334,0.0,0.0013767602698256,0.0147098964856316,30.0,30.0,30.0,30.0,-0.0061117052679027,-0.0059858365,-0.0052461823518017,-0.0015233292,0.025898095,0.3,0.4666666666666667,0.5666666666666667,0.1666666666666666,0.0007875223023196,0.0233559889098008,True,True,True,False,False,False,False,False,True,False,False,False,False,False,True,False,False,False,False,False
trend_slope|slope_50d|h10,trend_slope,slope_50d,10,"{""window"": 50}",12,12,12,12,-0.0133374615511104,-0.01064263,-0.0115471073224025,-0.007036072,0.02460314,0.0,0.4166666666666667,0.5833333333333334,0.0,0.001801123144105,0.022329809066529,30.0,30.0,30.0,30.0,-0.0106917418082273,-0.011578117,-0.0096005176796777,-0.011006508,0.036586847,0.2333333333333333,0.4333333333333333,0.6,0.1333333333333333,0.0009788203208396,0.0313520040207852,True,True,True,False,False,False,True,False,True,False,False,False,False,False,True,False,False,False,False,False
trend_slope|slope_50d|h21,trend_slope,slope_50d,21,"{""window"": 50}",12,12,12,12,-0.0162794541506457,-0.010979495,-0.0149656489421721,-0.012131602,0.034550063,0.0833333333333333,0.4166666666666667,0.5,0.0,0.0013317389142078,0.029727009726533,30.0,30.0,30.0,30.0,-0.0124680838652821,-0.01173522,-0.0137156224625545,-0.01410416,0.050108533,0.3,0.4,0.5666666666666667,0.1333333333333333,-0.0014250913634896,0.0459005701045195,True,True,True,False,False,False,False,False,True,False,False,False,False,False,True,False,False,False,False,False
trend_slope|slope_50d|h42,trend_slope,slope_50d,42,"{""window"": 50}",12,12,12,12,-0.0089677946921701,-0.010156119,-0.0096188007576657,-0.0016347022,0.050258435,0.3333333333333333,0.5,0.3333333333333333,0.0833333333333333,-0.0006614093047877,0.0453167906962335,30.0,30.0,29.0,29.0,-0.0098710286116746,-0.01721518,-0.013478639534329,-0.020661082,0.07901103,0.4,0.4482758620689655,0.4827586206896552,0.1724137931034483,-0.0036750056234927,0.07931130334478,True,True,True,False,False,False,False,False,True,False,False,False,False,False,True,False,False,False,False,False
trend_slope|slope_50d|h63,trend_slope,slope_50d,63,"{""window"": 50}",12,12,12,12,-0.0086673099448019,-0.0102905035,-0.0078028103255224,0.00092205894,0.048698965,0.3333333333333333,0.5,0.5,0.1666666666666666,0.0008762267728646,0.0436962090122203,30.0,30.0,29.0,29.0,-0.0112419465712224,-0.014089088,-0.0129532408663746,-0.0072547533,0.07472687,0.3666666666666666,0.4482758620689655,0.4482758620689655,0.1379310344827586,-0.0020602483238125,0.0765426733113568,True,True,True,False,False,False,False,False,True,False,False,False,False,False,True,False,False,False,False,False
trend_slope|slope_50d|h126,trend_slope,slope_50d,126,"{""window"": 50}",12,12,12,12,-0.0013074620848173,0.0009548685,0.0136925197706969,0.023287067,0.051923044,0.5,0.6666666666666666,0.5,0.3333333333333333,0.0150849335671712,0.0502728783370306,30.0,30.0,29.0,29.0,-0.0024373186203018,0.0036298335,0.0041456449956155,0.008318539,0.07474537,0.5333333333333333,0.5862068965517241,0.5172413793103449,0.3103448275862069,0.0066860443430727,0.0686349630484293,True,True,True,False,True,False,False,False,True,False,True,False,False,False,True,False,True,False,False,False
trend_slope|slope_50d|h252,trend_slope,slope_50d,252,"{""window"": 50}",12,12,11,11,0.0026243292874939,-0.0022797496,0.0121860178108421,0.0073867473,0.04948314,0.4166666666666667,0.6363636363636364,0.3636363636363636,0.1818181818181818,0.0113822287795218,0.0462366011501713,,,,,,,,,,,,,,,,False,True,,,,,,True,True,True,False,False,False,False,True,True,False,False,False,False
volatility_scaled_momentum|vsmom_12m_1m_vol60|h1,volatility_scaled_momentum,vsmom_12m_1m_vol60,1,"{""skip"": 21, ""volatility_window"": 60, ""window"": 252}",12,12,12,12,0.0134323236169457,0.014153362,0.0146639276559127,0.01683181,0.015407061,1.0,0.8333333333333334,0.8333333333333334,0.8333333333333334,0.0012322441907599,0.0145856206072494,30.0,30.0,30.0,30.0,0.0147773118807721,0.01631859,0.0156798547685926,0.016694736,0.016780302,0.9666666666666668,0.8,0.7666666666666667,0.7666666666666667,0.0008998291566967,0.0166126231352488,True,True,True,True,True,True,True,True,True,True,True,True,True,True,True,True,True,True,True,True
volatility_scaled_momentum|vsmom_12m_1m_vol60|h5,volatility_scaled_momentum,vsmom_12m_1m_vol60,5,"{""skip"": 21, ""volatility_window"": 60, ""window"": 252}",12,12,12,12,0.012168752947959,0.010912789,0.0115377591744514,0.014463531,0.029680617,0.9166666666666666,0.75,0.6666666666666666,0.6666666666666666,-0.0006361138851692,0.0251888101144383,30.0,30.0,30.0,30.0,0.014048199630415,0.01550447,0.0142070492190699,0.018839521,0.03907391,0.8666666666666667,0.7,0.5666666666666667,0.5666666666666667,0.000174468383193,0.0372744403158624,True,True,True,True,True,True,False,False,True,True,True,True,True,True,True,True,True,True,False,False
volatility_scaled_momentum|vsmom_12m_1m_vol60|h10,volatility_scaled_momentum,vsmom_12m_1m_vol60,10,"{""skip"": 21, ""volatility_window"": 60, ""window"": 252}",12,12,12,12,0.0089865073922469,0.0077932673,0.0069264786060002,0.007599599,0.04080894,0.8333333333333334,0.75,0.5833333333333334,0.5833333333333334,-0.0020625533070415,0.0328456462205698,30.0,30.0,30.0,30.0,0.0109382883608,0.011606225,0.0111532491728767,0.0140384305,0.05377651,0.7666666666666667,0.6,0.5666666666666667,0.4666666666666667,0.0002436901132265,0.051657916791737,True,True,True,True,True,True,False,False,True,True,True,True,False,False,True,True,True,True,False,False
volatility_scaled_momentum|vsmom_12m_1m_vol60|h21,volatility_scaled_momentum,vsmom_12m_1m_vol60,21,"{""skip"": 21, ""volatility_window"": 60, ""window"": 252}",12,12,12,12,0.0060619933351562,0.0064009614,0.0046769636616144,0.010147972,0.054754205,0.6666666666666666,0.5,0.3333333333333333,0.25,-0.0013605173832426,0.0426538118626922,30.0,30.0,30.0,30.0,0.0094017127188428,0.014866376,0.0088730295396852,0.015789103,0.07317727,0.7,0.5666666666666667,0.4666666666666667,0.3666666666666666,-0.0005280295697351,0.0703007052652537,True,True,True,True,True,False,False,False,True,True,True,False,False,False,True,True,True,False,False,False
volatility_scaled_momentum|vsmom_12m_1m_vol60|h42,volatility_scaled_momentum,vsmom_12m_1m_vol60,42,"{""skip"": 21, ""volatility_window"": 60, ""window"": 252}",12,12,12,12,0.0030774806729934,0.0039339243,0.0031403484106226,0.010335317,0.071142755,0.5833333333333334,0.5833333333333334,0.3333333333333333,0.25,0.0001339472364634,0.0608687058556824,30.0,30.0,29.0,29.0,0.0092665210298099,0.01604388,0.0043126607850277,0.009571743,0.0995186,0.6666666666666666,0.5517241379310345,0.4827586206896552,0.3448275862068966,-0.0039678106790986,0.0991958474804615,True,True,True,True,True,False,False,False,True,True,True,False,False,False,True,True,True,False,False,False
volatility_scaled_momentum|vsmom_12m_1m_vol60|h63,volatility_scaled_momentum,vsmom_12m_1m_vol60,63,"{""skip"": 21, ""volatility_window"": 60, ""window"": 252}",12,12,12,12,1.181033152571519e-05,0.0001651927,0.001791731228236,0.017326472,0.08413196,0.5,0.5833333333333334,0.4166666666666667,0.25,0.0018999314246078,0.0734995179809629,30.0,30.0,29.0,29.0,0.0069693409147711,0.00852605,0.0022799742990588,0.0222368,0.1184513,0.6,0.5862068965517241,0.5172413793103449,0.3448275862068966,-0.0030750484559042,0.118922668155925,True,True,True,True,True,False,False,False,True,True,True,False,False,False,True,True,True,False,False,False
volatility_scaled_momentum|vsmom_12m_1m_vol60|h126,volatility_scaled_momentum,vsmom_12m_1m_vol60,126,"{""skip"": 21, ""volatility_window"": 60, ""window"": 252}",12,12,12,12,-0.0014646396547163,-0.0013732677,0.0125402596399911,0.020745913,0.12765983,0.5,0.5833333333333334,0.4166666666666667,0.25,0.0141593528290589,0.1094841429342826,30.0,30.0,29.0,29.0,0.0114868990619501,0.0060409917,0.0093826567392805,0.0336505,0.1497173,0.5666666666666667,0.6551724137931034,0.4827586206896552,0.3448275862068966,0.0015564400959631,0.1617089378294245,True,True,True,True,True,False,False,False,True,False,False,False,False,False,True,False,False,False,False,False
volatility_scaled_momentum|vsmom_12m_1m_vol60|h252,volatility_scaled_momentum,vsmom_12m_1m_vol60,252,"{""skip"": 21, ""volatility_window"": 60, ""window"": 252}",12,12,11,11,-0.0137544304465701,-0.018227674,0.0089613482029031,0.042266447,0.14251363,0.3333333333333333,0.5454545454545454,0.6363636363636364,0.2727272727272727,0.0223750919103622,0.1296688203107227,,,,,,,,,,,,,,,,False,True,,,,,,True,True,False,False,False,True,False,True,False,False,False,True,False
volatility_scaled_momentum|vsmom_6m_1m_vol60|h1,volatility_scaled_momentum,vsmom_6m_1m_vol60,1,"{""skip"": 21, ""volatility_window"": 60, ""window"": 126}",12,12,12,12,0.0098388342958524,0.009589192,0.0109499170370227,0.011600021,0.0078555355,1.0,0.9166666666666666,0.9166666666666666,0.9166666666666666,0.0011197308388849,0.0071345136190454,30.0,30.0,30.0,30.0,0.0104579802398617,0.009817691,0.0116590457202083,0.010460571,0.011591585,0.9666666666666668,0.9,0.8666666666666667,0.8666666666666667,0.0011873077756414,0.0115974134920785,True,True,True,True,True,True,True,True,True,True,True,True,True,True,True,True,True,True,True,True
volatility_scaled_momentum|vsmom_6m_1m_vol60|h5,volatility_scaled_momentum,vsmom_6m_1m_vol60,5,"{""skip"": 21, ""volatility_window"": 60, ""window"": 126}",12,12,12,12,0.0062857726735466,0.006381833,0.0070134885107692,0.008817621,0.014396927,0.8333333333333334,0.6666666666666666,0.5,0.5,0.0007360044207113,0.0133870107626232,30.0,30.0,30.0,30.0,0.0061519557456525,0.005160995,0.008024573909438,0.009474075,0.023455916,0.7666666666666667,0.5666666666666667,0.4666666666666667,0.4,0.0018508597820376,0.0214201445148016,True,True,True,True,True,False,False,False,True,True,True,True,False,False,True,True,True,False,False,False
volatility_scaled_momentum|vsmom_6m_1m_vol60|h10,volatility_scaled_momentum,vsmom_6m_1m_vol60,10,"{""skip"": 21, ""volatility_window"": 60, ""window"": 126}",12,12,12,12,0.0016173021431958,0.001968332,0.0019994300604668,0.0014098759,0.019886315,0.5,0.5,0.3333333333333333,0.1666666666666666,0.0003934101356814,0.0181930960000803,30.0,30.0,30.0,30.0,0.0006406170604152,-0.0010067462,0.0035760657044605,0.005042075,0.032982204,0.5,0.5333333333333333,0.5,0.2666666666666666,0.0029135779477655,0.0315562218738098,True,True,True,True,False,False,False,False,True,True,True,False,False,False,True,True,False,False,False,False
volatility_scaled_momentum|vsmom_6m_1m_vol60|h21,volatility_scaled_momentum,vsmom_6m_1m_vol60,21,"{""skip"": 21, ""volatility_window"": 60, ""window"": 126}",12,12,12,12,-0.0009824284212567,-0.0018309342,-0.0001421751082005,0.0052288184,0.03046789,0.4166666666666667,0.5,0.4166666666666667,0.1666666666666666,0.0008672745898365,0.0279200427855054,30.0,30.0,30.0,30.0,-0.0019989773536835,-0.0053300653,0.0006308672710626,0.0023665521,0.049150433,0.4333333333333333,0.6,0.4333333333333333,0.2333333333333333,0.0025536369687567,0.0441786307686319,True,True,True,False,False,False,False,False,True,False,False,False,False,False,True,False,False,False,False,False
volatility_scaled_momentum|vsmom_6m_1m_vol60|h42,volatility_scaled_momentum,vsmom_6m_1m_vol60,42,"{""skip"": 21, ""volatility_window"": 60, ""window"": 126}",12,12,12,12,-0.0048807759482421,-0.003614693,0.0021757030028867,0.0088180825,0.0366195,0.25,0.5833333333333334,0.3333333333333333,0.0833333333333333,0.007123626768589,0.0366443892319997,30.0,30.0,29.0,29.0,-0.0040940730356577,-0.007130445,-0.0009570004478056,0.00027137544,0.06459634,0.4,0.5172413793103449,0.5172413793103449,0.2068965517241379,0.0039283146054066,0.0562817110391012,True,True,True,False,False,False,False,False,True,False,False,False,False,False,True,False,False,False,False,False
volatility_scaled_momentum|vsmom_6m_1m_vol60|h63,volatility_scaled_momentum,vsmom_6m_1m_vol60,63,"{""skip"": 21, ""volatility_window"": 60, ""window"": 126}",12,12,12,12,-0.0070680745316562,-0.0061136475,0.0049720383036296,0.021620287,0.04837826,0.3333333333333333,0.6666666666666666,0.3333333333333333,0.1666666666666666,0.0121535030969729,0.0489119073220839,30.0,30.0,29.0,29.0,-0.0052874712354974,-0.008604481,0.0003088107932699,0.012117878,0.07769826,0.4666666666666667,0.5517241379310345,0.4827586206896552,0.2413793103448276,0.0070767733429012,0.066536146697813,True,True,True,False,False,False,False,False,True,False,False,False,False,False,True,False,False,False,False,False
volatility_scaled_momentum|vsmom_6m_1m_vol60|h126,volatility_scaled_momentum,vsmom_6m_1m_vol60,126,"{""skip"": 21, ""volatility_window"": 60, ""window"": 126}",12,12,12,12,0.0046485431728177,0.0039651385,0.0231019065053757,0.03404573,0.08826997,0.5833333333333334,0.6666666666666666,0.4166666666666667,0.3333333333333333,0.0185993376653641,0.0847671368004133,30.0,30.0,29.0,29.0,0.0104973407326052,0.00029359164,0.0193434497420677,0.035842337,0.107610136,0.5,0.6206896551724138,0.5172413793103449,0.3103448275862069,0.0117978743309604,0.1001396773318792,True,True,True,True,True,False,False,False,True,True,True,False,False,False,True,True,True,False,False,False
volatility_scaled_momentum|vsmom_6m_1m_vol60|h252,volatility_scaled_momentum,vsmom_6m_1m_vol60,252,"{""skip"": 21, ""volatility_window"": 60, ""window"": 126}",12,12,11,11,-0.0077311136367952,-0.008890138,0.0121696076054405,-0.007514178,0.09998844,0.3333333333333333,0.4545454545454545,0.4545454545454545,0.0909090909090909,0.0227915354242379,0.0864977520805868,,,,,,,,,,,,,,,,False,True,,,,,,True,True,False,False,False,False,False,True,False,False,False,False,False
volatility_scaled_momentum|vsmom_9m_1m_vol60|h1,volatility_scaled_momentum,vsmom_9m_1m_vol60,1,"{""skip"": 21, ""volatility_window"": 60, ""window"": 189}",12,12,12,12,0.0123657368982459,0.013199398,0.0143739295713887,0.012921007,0.012723557,1.0,0.9166666666666666,0.9166666666666666,0.9166666666666666,0.0020082492458944,0.0119674439774826,30.0,30.0,30.0,30.0,0.0133910562016296,0.011983711,0.0142818935219024,0.014494982,0.014377168,0.9666666666666668,0.8666666666666667,0.8333333333333334,0.8333333333333334,0.0008848875916252,0.0140858829797556,True,True,True,True,True,True,True,True,True,True,True,True,True,True,True,True,True,True,True,True
volatility_scaled_momentum|vsmom_9m_1m_vol60|h5,volatility_scaled_momentum,vsmom_9m_1m_vol60,5,"{""skip"": 21, ""volatility_window"": 60, ""window"": 189}",12,12,12,12,0.0109321501794151,0.009438729,0.0126133465388329,0.010460576,0.024453906,1.0,0.75,0.75,0.75,0.0016681083943694,0.0229322920398165,30.0,30.0,30.0,30.0,0.0116090339990196,0.009034089,0.0121722591787376,0.012090681,0.03268105,0.7666666666666667,0.6666666666666666,0.5666666666666667,0.5,0.0005697465734556,0.030267938110046,True,True,True,True,True,True,False,False,True,True,True,True,True,True,True,True,True,True,False,False
volatility_scaled_momentum|vsmom_9m_1m_vol60|h10,volatility_scaled_momentum,vsmom_9m_1m_vol60,10,"{""skip"": 21, ""volatility_window"": 60, ""window"": 189}",12,12,12,12,0.0086923347031369,0.0074077677,0.0097623760218721,0.011166637,0.03254982,0.8333333333333334,0.6666666666666666,0.5,0.5,0.0010541587059075,0.0285627024325852,30.0,30.0,30.0,30.0,0.008700835383031,0.0071595656,0.0096126681953342,0.010818605,0.044688243,0.6666666666666666,0.5333333333333333,0.4666666666666667,0.3333333333333333,0.0009413107531145,0.0420054331499462,True,True,True,True,True,False,False,False,True,True,True,True,False,False,True,True,True,False,False,False
volatility_scaled_momentum|vsmom_9m_1m_vol60|h21,volatility_scaled_momentum,vsmom_9m_1m_vol60,21,"{""skip"": 21, ""volatility_window"": 60, ""window"": 189}",12,12,12,12,0.0074416561446383,0.0075711105,0.0080592639631955,0.011859852,0.042606447,0.8333333333333334,0.6666666666666666,0.5,0.5,0.0006202618048215,0.0343197725790863,30.0,30.0,30.0,30.0,0.0083202493156049,0.011244934,0.0079135971028044,0.013626726,0.060581066,0.6333333333333333,0.5666666666666667,0.4666666666666667,0.3333333333333333,-0.0003867164254188,0.0547729323307673,True,True,True,True,True,False,False,False,True,True,True,True,False,False,True,True,True,False,False,False
volatility_scaled_momentum|vsmom_9m_1m_vol60|h42,volatility_scaled_momentum,vsmom_9m_1m_vol60,42,"{""skip"": 21, ""volatility_window"": 60, ""window"": 189}",12,12,12,12,0.0092610463497609,0.008646123,0.0101045531212556,0.010509836,0.052346572,0.8333333333333334,0.5833333333333334,0.5833333333333334,0.5,0.0008801869116723,0.0421198486971358,30.0,30.0,29.0,29.0,0.0111157949440711,0.009994499,0.0089241655545744,0.019670354,0.08353034,0.6,0.5862068965517241,0.5172413793103449,0.3448275862068966,-0.0010338277909262,0.0770276806734759,True,True,True,True,True,False,False,False,True,True,True,False,False,False,True,True,True,False,False,False
volatility_scaled_momentum|vsmom_9m_1m_vol60|h63,volatility_scaled_momentum,vsmom_9m_1m_vol60,63,"{""skip"": 21, ""volatility_window"": 60, ""window"": 189}",12,12,12,12,0.009128839616262,0.005887212,0.0101865425854341,0.017156046,0.067099944,0.75,0.5833333333333334,0.6666666666666666,0.5,0.0011472170008346,0.0604426812302942,30.0,30.0,29.0,29.0,0.0114678141842124,0.011995666,0.0104187307289431,0.022827294,0.103434,0.6,0.6551724137931034,0.4482758620689655,0.3448275862068966,0.0006542406205473,0.097036226170844,True,True,True,True,True,True,False,False,True,True,True,False,True,False,True,True,True,False,False,False
volatility_scaled_momentum|vsmom_9m_1m_vol60|h126,volatility_scaled_momentum,vsmom_9m_1m_vol60,126,"{""skip"": 21, ""volatility_window"": 60, ""window"": 189}",12,12,12,12,0.0056928112221634,0.003999834,0.016709221240918,0.033543628,0.11757239,0.5833333333333334,0.6666666666666666,0.5833333333333334,0.4166666666666667,0.0111722542593876,0.1014655157923698,30.0,30.0,29.0,29.0,0.0141183390909359,0.01388322,0.0163712326420891,0.01913275,0.14184536,0.6333333333333333,0.6551724137931034,0.4827586206896552,0.3793103448275862,0.0055438900559112,0.1436667677400441,True,True,True,True,True,True,False,False,True,True,True,False,False,False,True,True,True,False,False,False
volatility_scaled_momentum|vsmom_9m_1m_vol60|h252,volatility_scaled_momentum,vsmom_9m_1m_vol60,252,"{""skip"": 21, ""volatility_window"": 60, ""window"": 189}",12,12,11,11,-0.0110372192178781,-0.014312672,0.0112189364692228,-0.015319804,0.13597426,0.4166666666666667,0.4545454545454545,0.5454545454545454,0.1818181818181818,0.0237823257392103,0.1203771897337653,,,,,,,,,,,,,,,,False,True,,,,,,True,True,False,False,False,False,False,True,False,False,False,False,False
