robustness_layer,window,selection_start,selection_end,selection_ic_start,selection_ic_end,oos_start,oos_end,key,family,variant,horizon_days,parameters,observations,mean_ic,std_ic,tstat,positive_rate,early_mean_ic,late_mean_ic,late_tstat,stability,selection_score,eligible,selected,oos_observations,oos_mean_ic,oos_std_ic,oos_tstat,oos_positive_rate,oos_eligible
short,1,2010-01-04,2011-06-30,2010-01-04,2010-12-30,2011-07-01,2011-12-30,momentum|18m-2m|h126,momentum,18m-2m,126,"{""skip"": 42, ""window"": 378}",251,0.16246127,0.092203446,5.497834082039655,0.9721115537848606,0.15974797,0.16515298,3.3889930377713973,0.005405009,0.9522058823529411,True,True,127.0,0.005978337489068508,0.08707565814256668,0.37299541321227864,0.5669291338582677,True
short,1,2010-01-04,2011-06-30,2010-01-04,2011-06-29,2011-07-01,2011-12-30,low_volatility|90d|h1,low_volatility,90d,1,"{""window"": 90}",376,0.007477988,0.28816777,0.5038618085946216,0.48138297872340424,0.012983991,0.0019719866,0.11164201701480658,0.011012005,0.907142857142857,True,True,127.0,0.040114037692546844,0.42282018065452576,1.073393897755314,0.5196850393700787,True
short,1,2010-01-04,2011-06-30,2010-01-04,2010-07-01,2011-07-01,2011-12-30,trend|SMA250|h252,trend,SMA250,252,"{""window"": 250}",125,0.08201435,0.08205049,2.412050437703823,0.784,0.15545006,0.009744254,0.9692836782131221,0.1457058,0.8770833333333333,True,True,127.0,-0.0014943559654057026,0.09993479400873184,-0.051263179260823674,0.47244094488188976,True
short,1,2010-01-04,2011-06-30,2010-01-04,2010-12-30,2011-07-01,2011-12-30,short_term_reversal|reversal_10d|h126,short_term_reversal,reversal_10d,126,"{""window"": 10}",251,0.04453968,0.14793542,3.645800292991746,0.5936254980079682,0.05214957,0.03699018,1.8502197740307489,0.015159391,0.9000000000000001,True,True,127.0,0.06319388002157211,0.1480213850736618,1.792116366464993,0.6692913385826772,True
short,1,2010-01-04,2011-06-30,2010-01-04,2010-07-01,2011-07-01,2011-12-30,residual_momentum|resmom_9m_1m|h252,residual_momentum,resmom_9m_1m,252,"{""skip"": 21, ""window"": 189}",125,0.1101027,0.06895288,4.547459612916606,0.976,0.16107534,0.059939142,7.4951994826896735,0.10113619,0.9104166666666667,True,True,127.0,-0.02953346259891987,0.08069398254156113,-2.3844758586708745,0.4251968503937008,True
short,1,2010-01-04,2011-06-30,2010-01-04,2010-07-01,2011-07-01,2011-12-30,volatility_scaled_momentum|vsmom_12m_1m_vol60|h252,volatility_scaled_momentum,vsmom_12m_1m_vol60,252,"{""skip"": 21, ""volatility_window"": 60, ""window"": 252}",125,0.097585104,0.06566299,5.181036836170876,0.992,0.1337643,0.061980188,7.690792863649524,0.07178411,0.9187500000000001,True,True,127.0,0.01914963312447071,0.10883380472660065,0.5869854271041767,0.5748031496062992,True
short,1,2010-01-04,2011-06-30,2010-01-04,2010-07-01,2011-07-01,2011-12-30,high_proximity|high_18m|h252,high_proximity,high_18m,252,"{""window"": 378}",125,0.020008413,0.081771,1.303545359880808,0.488,0.00823648,0.031593483,1.1220185484348866,0.023357004,0.8875000000000001,True,True,127.0,0.061065539717674255,0.15332268178462982,1.240138524635185,0.6141732283464567,True
short,1,2010-01-04,2011-06-30,2010-01-04,2010-07-01,2011-07-01,2011-12-30,trend_slope|slope_200d|h252,trend_slope,slope_200d,252,"{""window"": 200}",125,0.14582124,0.05324592,7.283476559677265,1.0,0.18637134,0.10591484,7.019015012171759,0.0804565,0.9031250000000002,True,True,127.0,-0.029778849333524704,0.08325783908367157,-2.070174286672839,0.41732283464566927,True
short,1,2010-01-04,2011-06-30,2010-01-04,2010-07-01,2011-07-01,2011-12-30,risk_adjusted_trend|risk_trend_250d|h252,risk_adjusted_trend,risk_trend_250d,252,"{""window"": 250}",125,0.105584405,0.03060932,24.188522414395344,1.0,0.09481852,0.11617942,9.452021549649977,0.021360904,0.959375,True,True,127.0,0.0013313505332916975,0.09266094863414764,0.050472546899167435,0.5826771653543307,True
short,1,2010-01-04,2011-06-30,2010-01-04,2010-07-01,2011-07-01,2011-12-30,price_volume_confirmation|pvc_9m_1m_liq20_126|h252,price_volume_confirmation,pvc_9m_1m_liq20_126,252,"{""confirmation_strength"": 0.25, ""liquidity_clip"": 2, ""long_window"": 126, ""short_window"": 20, ""skip"": 21, ""window"": 189}",125,0.11684635,0.055351473,7.08860275693158,1.0,0.15096302,0.08327122,10.773985912688344,0.0676918,0.9104166666666667,True,True,127.0,-0.030799075961112976,0.08171982318162918,-2.1219985056852444,0.44881889763779526,True
short,2,2010-07-01,2011-12-30,2010-07-01,2010-12-31,2012-01-03,2012-06-29,momentum|12m-1m|h252,momentum,12m-1m,252,"{""skip"": 21, ""window"": 252}",128,0.1166506,0.064583436,9.639677504568295,1.0,0.11908817,0.11421302,4.158428204539215,0.0048751533,0.9676470588235294,True,True,125.0,-0.05218271538615227,0.13736236095428467,-1.0678207941982782,0.488,True
short,2,2010-07-01,2011-12-30,2010-07-01,2010-12-31,2012-01-03,2012-06-29,low_volatility|120d|h252,low_volatility,120d,252,"{""window"": 120}",128,0.20771818,0.19280893,2.633137548183784,0.8125,0.0591022,0.35633415,13.077884661701225,0.29723194,0.8642857142857142,True,True,125.0,-0.04437381401658058,0.17759238183498383,-0.8596869295800659,0.472,True
short,2,2010-07-01,2011-12-30,2010-07-01,2010-12-31,2012-01-03,2012-06-29,trend|SMA250|h252,trend,SMA250,252,"{""window"": 250}",128,0.08708857,0.08833501,4.9044871795744065,0.78125,0.097093135,0.07708401,2.045412910994306,0.020009123,0.9708333333333333,True,True,125.0,-0.0645444467663765,0.11553047597408295,-1.447788116141514,0.424,True
short,2,2010-07-01,2011-12-30,2010-07-01,2011-12-22,2012-01-03,2012-06-29,short_term_reversal|reversal_5d|h5,short_term_reversal,reversal_5d,5,"{""window"": 5}",375,0.027567815,0.17337243,1.9517003492407519,0.5626666666666666,0.022011708,0.03309437,1.465641319135471,0.01108266,0.8583333333333334,True,True,125.0,-0.032590351998806,0.1563190370798111,-1.4316536897959555,0.408,True
short,2,2010-07-01,2011-12-30,2010-07-01,2010-12-31,2012-01-03,2012-06-29,residual_momentum|resmom_12m_1m|h252,residual_momentum,resmom_12m_1m,252,"{""skip"": 21, ""window"": 252}",128,0.090387546,0.06726526,7.348321610695825,0.9296875,0.09087996,0.08989514,3.254172830013496,0.0009848252,0.9604166666666667,True,True,125.0,-0.042560238391160965,0.12296713888645172,-0.9543813502043447,0.512,True
short,2,2010-07-01,2011-12-30,2010-07-01,2010-12-31,2012-01-03,2012-06-29,volatility_scaled_momentum|vsmom_12m_1m_vol60|h252,volatility_scaled_momentum,vsmom_12m_1m_vol60,252,"{""skip"": 21, ""volatility_window"": 60, ""window"": 252}",128,0.1533402,0.071665846,7.386543327377663,0.9921875,0.118570715,0.18810971,10.31235182377521,0.069538996,0.9291666666666667,True,True,125.0,-0.04778508469462395,0.1552141159772873,-0.8742472893978962,0.552,True
short,2,2010-07-01,2011-12-30,2010-07-01,2010-12-31,2012-01-03,2012-06-29,high_proximity|high_18m|h252,high_proximity,high_18m,252,"{""window"": 378}",128,0.14950661,0.10889172,5.216116133787062,0.8671875,0.10670829,0.19230494,7.246227881612707,0.08559665,0.9229166666666666,True,True,125.0,-0.042970966547727585,0.17117926478385925,-0.7256768148013374,0.568,True
short,2,2010-07-01,2011-12-30,2010-07-01,2010-12-31,2012-01-03,2012-06-29,trend_slope|slope_250d|h252,trend_slope,slope_250d,252,"{""window"": 250}",128,0.101561874,0.028020067,11.717654621378589,1.0,0.081154406,0.12196934,132.09921655849442,0.040814936,0.9140625,True,True,125.0,-0.031220201402902603,0.08885443210601807,-1.1544835308675618,0.384,True
short,2,2010-07-01,2011-12-30,2010-07-01,2010-12-31,2012-01-03,2012-06-29,risk_adjusted_trend|risk_trend_100d|h252,risk_adjusted_trend,risk_trend_100d,252,"{""window"": 100}",128,0.12189254,0.09520915,5.807077695297979,0.796875,0.11100525,0.13277985,4.152109893616581,0.021774605,0.9359375,True,True,125.0,-0.038545578718185425,0.12622329592704773,-0.8918705094035824,0.432,True
short,2,2010-07-01,2011-12-30,2010-07-01,2010-12-31,2012-01-03,2012-06-29,liquidity_change|liq_20d_252d|h252,liquidity_change,liq_20d_252d,252,"{""long_window"": 252, ""short_window"": 20}",128,0.06173813,0.044826597,9.3827655376142,0.921875,0.05346184,0.07001442,6.5583764015080686,0.016552579,0.925,True,True,125.0,-1.8322885807720013e-05,0.07892154157161713,-0.0005810418582988977,0.656,True
short,2,2010-07-01,2011-12-30,2010-07-01,2010-12-31,2012-01-03,2012-06-29,price_volume_confirmation|pvc_12m_1m_liq20_252|h252,price_volume_confirmation,pvc_12m_1m_liq20_252,252,"{""confirmation_strength"": 0.25, ""liquidity_clip"": 2, ""long_window"": 252, ""short_window"": 20, ""skip"": 21, ""window"": 252}",128,0.11575059,0.06395687,9.384880502886945,0.9921875,0.12074056,0.11076063,3.9381465922001406,0.0099799335,0.9500000000000001,True,True,125.0,-0.05048765614628792,0.13618104159832,-1.0837701005630482,0.456,True
short,3,2011-01-03,2012-06-29,2011-01-03,2011-06-30,2012-07-02,2012-12-31,momentum|18m-2m|h252,momentum,18m-2m,252,"{""skip"": 42, ""window"": 378}",125,0.0538228,0.04616255,7.029565965483068,0.896,0.048975974,0.0585927,7.948502874241342,0.009616725,0.9540441176470589,True,True,125.0,-0.30361899733543396,0.052880458533763885,-29.525204532725905,0.0,True
short,3,2011-01-03,2012-06-29,2011-01-03,2011-06-30,2012-07-02,2012-12-31,low_volatility|252d|h252,low_volatility,252d,252,"{""window"": 252}",125,0.42204842,0.033074893,75.91667503590683,1.0,0.42536527,0.41878426,129.31734700568433,0.0065810084,0.9794642857142858,True,True,125.0,-0.28534525632858276,0.04377397894859314,-27.485734761554518,0.0,True
short,3,2011-01-03,2012-06-29,2011-01-03,2012-06-22,2012-07-02,2012-12-31,residual_momentum|resmom_12m_1m|h5,residual_momentum,resmom_12m_1m,5,"{""skip"": 21, ""window"": 252}",372,0.027315658,0.20711662,1.359140887679323,0.5725806451612904,0.027235385,0.027395923,0.8927362210249902,0.00016053766,0.9270833333333334,True,True,125.0,-0.005361171904951334,0.17195910215377808,-0.18882636775057066,0.512,True
short,3,2011-01-03,2012-06-29,2011-01-03,2011-06-30,2012-07-02,2012-12-31,volatility_scaled_momentum|vsmom_12m_1m_vol60|h252,volatility_scaled_momentum,vsmom_12m_1m_vol60,252,"{""skip"": 21, ""volatility_window"": 60, ""window"": 252}",125,0.19045736,0.03084867,32.30980962895087,1.0,0.17432193,0.20633665,67.91146545453404,0.032014713,0.9750000000000001,True,True,125.0,-0.2214328795671463,0.08937354385852814,-6.3294170478838945,0.016,True
short,3,2011-01-03,2012-06-29,2011-01-03,2011-06-30,2012-07-02,2012-12-31,high_proximity|high_18m|h252,high_proximity,high_18m,252,"{""window"": 378}",125,0.22859922,0.12831087,4.443636665217427,0.976,0.1262999,0.32927477,14.879597481042719,0.20297487,0.9000000000000001,True,True,125.0,-0.242183119058609,0.10732042789459229,-5.965504971288996,0.0,True
short,3,2011-01-03,2012-06-29,2011-01-03,2012-06-22,2012-07-02,2012-12-31,trend_slope|slope_250d|h5,trend_slope,slope_250d,5,"{""window"": 250}",372,0.013485472,0.2337416,0.5977810282455317,0.5510752688172043,0.01706765,0.009903298,0.271379519230799,0.0071643526,0.846875,True,True,125.0,-0.01398329995572567,0.15855680406093597,-0.532606925904625,0.488,True
short,3,2011-01-03,2012-06-29,2011-01-03,2011-06-30,2012-07-02,2012-12-31,risk_adjusted_trend|risk_trend_250d|h252,risk_adjusted_trend,risk_trend_250d,252,"{""window"": 250}",125,0.16798611,0.056712165,7.087710936886189,1.0,0.21839328,0.11837911,27.42952558235873,0.10001417,0.9390624999999999,True,True,125.0,-0.23774199187755585,0.03944837301969528,-41.33576384395503,0.0,True
short,3,2011-01-03,2012-06-29,2011-01-03,2012-06-28,2012-07-02,2012-12-31,liquidity_change|liq_5d_60d|h1,liquidity_change,liq_5d_60d,1,"{""long_window"": 60, ""short_window"": 5}",376,0.0038768544,0.0943239,0.798049658737994,0.4946808510638298,0.004711088,0.00304262,0.44536940136048625,0.0016684679,0.8041666666666667,True,True,125.0,-0.0004302725719753653,0.08431064337491989,-0.05728750925762819,0.528,True
short,3,2011-01-03,2012-06-29,2011-01-03,2011-06-30,2012-07-02,2012-12-31,price_volume_confirmation|pvc_12m_1m_liq20_252|h252,price_volume_confirmation,pvc_12m_1m_liq20_252,252,"{""confirmation_strength"": 0.25, ""liquidity_clip"": 2, ""long_window"": 252, ""short_window"": 20, ""skip"": 21, ""window"": 252}",125,0.026101846,0.054413993,3.9434903199086304,0.648,0.01754329,0.03452455,1.756757503585259,0.016981259,0.8916666666666666,True,True,125.0,-0.15387536585330963,0.09942629933357239,-3.99473105845119,0.064,True
short,4,2011-07-01,2012-12-31,2011-07-01,2012-06-28,2013-01-02,2013-06-28,momentum|24m-2m|h126,momentum,24m-2m,126,"{""skip"": 42, ""window"": 504}",251,0.059562698,0.114436135,1.6792049954317734,0.6932270916334662,0.050918594,0.068138205,1.1416741996190505,0.01721961,0.9011029411764705,True,True,124.0,-0.1637873649597168,0.07769829779863358,-9.918118251159761,0.0,True
short,4,2011-07-01,2012-12-31,2011-07-01,2012-06-28,2013-01-02,2013-06-28,low_volatility|252d|h126,low_volatility,252d,126,"{""window"": 252}",251,0.089545414,0.28374553,1.1637376732123856,0.6334661354581673,0.019592758,0.15894288,1.3831862019576606,0.13935012,0.81875,True,True,124.0,-0.21689373254776,0.11580871790647507,-5.9477990171090624,0.0,True
short,4,2011-07-01,2012-12-31,2011-07-01,2012-12-28,2013-01-02,2013-06-28,trend|SMA250|h1,trend,SMA250,1,"{""window"": 250}",376,0.0106232865,0.2442992,0.8443238056638213,0.5345744680851063,0.008502379,0.012744193,0.9223009989072717,0.004241814,0.9062500000000002,True,True,124.0,-0.00011410684237489477,0.1444031149148941,-0.008834873008954823,0.47580645161290325,True
short,4,2011-07-01,2012-12-31,2011-07-01,2012-06-28,2013-01-02,2013-06-28,short_term_reversal|reversal_21d|h126,short_term_reversal,reversal_21d,126,"{""window"": 21}",251,0.09125643,0.13997565,3.654857164603389,0.7171314741035857,0.09643794,0.086116046,4.507241515749645,0.010321893,0.9791666666666667,True,True,124.0,-0.008535831235349178,0.1427183896303177,-0.26618098149139346,0.5564516129032258,True
short,4,2011-07-01,2012-12-31,2011-07-01,2012-06-28,2013-01-02,2013-06-28,residual_momentum|resmom_12m_1m|h126,residual_momentum,resmom_12m_1m,126,"{""skip"": 21, ""window"": 252}",251,0.078875236,0.17878807,1.365873743925727,0.6533864541832669,0.003029449,0.15411906,1.905023108901755,0.15108961,0.8875000000000001,True,True,124.0,-0.03437533974647522,0.10387842357158661,-1.2293016424660503,0.2661290322580645,True
short,4,2011-07-01,2012-12-31,2011-07-01,2012-06-28,2013-01-02,2013-06-28,volatility_scaled_momentum|vsmom_12m_1m_vol60|h126,volatility_scaled_momentum,vsmom_12m_1m_vol60,126,"{""skip"": 21, ""volatility_window"": 60, ""window"": 252}",251,0.08997225,0.20519789,1.3990979512363837,0.6693227091633466,0.013727127,0.16561224,1.7899547621897538,0.1518851,0.8645833333333334,True,True,124.0,-0.11604908853769302,0.12946654856204987,-4.107778620246724,0.1532258064516129,True
short,4,2011-07-01,2012-12-31,2011-07-01,2012-12-28,2013-01-02,2013-06-28,high_proximity|high_18m|h1,high_proximity,high_18m,1,"{""window"": 378}",376,0.018673586,0.29613855,1.2243483180545383,0.5106382978723404,0.016549286,0.020797886,1.1469171471073412,0.0042486005,0.775,True,True,124.0,0.005353172775357962,0.1398497372865677,0.42797527145894343,0.532258064516129,True
short,4,2011-07-01,2012-12-31,2011-07-01,2012-12-28,2013-01-02,2013-06-28,trend_slope|slope_200d|h1,trend_slope,slope_200d,1,"{""window"": 200}",376,0.0046526943,0.23587857,0.3829907441407351,0.5212765957446809,0.005829565,0.003475824,0.27192266320879377,0.0023537413,0.7734375000000001,True,True,124.0,0.005014306865632534,0.1510344296693802,0.3711966829547019,0.5,True
short,4,2011-07-01,2012-12-31,2011-07-01,2012-12-28,2013-01-02,2013-06-28,risk_adjusted_trend|risk_trend_250d|h1,risk_adjusted_trend,risk_trend_250d,1,"{""window"": 250}",376,0.013452589,0.24214813,1.0786909296292522,0.5398936170212766,0.0067972257,0.020107957,1.3218452263599236,0.01331073,0.8296875,True,True,124.0,0.012166217900812626,0.11961114406585693,1.1372425656636858,0.5241935483870968,True
short,4,2011-07-01,2012-12-31,2011-07-01,2011-12-28,2013-01-02,2013-06-28,liquidity_change|liq_20d_252d|h252,liquidity_change,liq_20d_252d,252,"{""long_window"": 252, ""short_window"": 20}",125,0.030013368,0.046016097,4.762408850871336,0.76,0.028340485,0.031659693,2.173801563358206,0.0033192076,0.9333333333333333,True,True,124.0,0.01757587492465973,0.04036620631814003,2.864740649998574,0.7338709677419355,True
short,4,2011-07-01,2012-12-31,2011-07-01,2012-06-28,2013-01-02,2013-06-28,price_volume_confirmation|pvc_12m_1m_liq20_252|h126,price_volume_confirmation,pvc_12m_1m_liq20_252,126,"{""confirmation_strength"": 0.25, ""liquidity_clip"": 2, ""long_window"": 252, ""short_window"": 20, ""skip"": 21, ""window"": 252}",251,0.080694884,0.19258039,1.2857308413492454,0.6573705179282868,0.00019211965,0.16055873,1.8351149896543892,0.16036661,0.8791666666666668,True,True,124.0,-0.03346678987145424,0.10382822901010513,-1.2569639637493717,0.29838709677419356,True
short,5,2012-01-03,2013-06-28,2012-01-03,2013-06-14,2013-07-01,2013-12-31,momentum|12m-2m|h10,momentum,12m-2m,10,"{""skip"": 42, ""window"": 252}",364,0.030135736,0.19926357,1.1070312599251664,0.5824175824175825,0.046735793,0.013535675,0.6609169229320337,0.03320012,0.8911764705882352,True,True,128.0,0.06401246786117554,0.10757243633270264,3.1644887448063392,0.6953125,True
short,5,2012-01-03,2013-06-28,2012-01-03,2013-06-27,2013-07-01,2013-12-31,low_volatility|60d|h1,low_volatility,60d,1,"{""window"": 60}",373,0.0097577395,0.25908667,0.7283524310305457,0.5388739946380697,0.014773379,0.0047689234,0.3214993182222743,0.010004455,0.8991071428571429,True,True,128.0,-0.005197526887059212,0.15910056233406067,-0.37105056840852846,0.484375,True
short,5,2012-01-03,2013-06-28,2012-01-03,2013-04-01,2013-07-01,2013-12-31,short_term_reversal|reversal_21d|h63,short_term_reversal,reversal_21d,63,"{""window"": 21}",311,0.046957415,0.14209461,2.3058222589702275,0.6270096463022508,0.05454345,0.039420005,1.560183000784239,0.015123446,0.8479166666666667,True,True,128.0,0.004734472371637821,0.07258206605911255,0.20841169065882334,0.5390625,True
short,5,2012-01-03,2013-06-28,2012-01-03,2012-06-26,2013-07-01,2013-12-31,residual_momentum|resmom_6m_1m|h252,residual_momentum,resmom_6m_1m,252,"{""skip"": 21, ""window"": 126}",122,0.01035733,0.08214136,0.773612848036693,0.5819672131147541,0.00046808028,0.02024658,0.7520139691814043,0.0197785,0.8041666666666667,True,True,128.0,-0.005972077138721943,0.09985528886318207,-0.18062708747148518,0.515625,True
short,5,2012-01-03,2013-06-28,2012-01-03,2013-06-27,2013-07-01,2013-12-31,volatility_scaled_momentum|vsmom_12m_1m_vol60|h1,volatility_scaled_momentum,vsmom_12m_1m_vol60,1,"{""skip"": 21, ""volatility_window"": 60, ""window"": 252}",373,0.009435593,0.20051478,0.9100393557013489,0.517426273458445,0.016975269,0.0019362349,0.18329049167753958,0.015039034,0.8354166666666667,True,True,128.0,0.0260842964053154,0.14846032857894897,1.9956152678775096,0.5390625,True
short,5,2012-01-03,2013-06-28,2012-01-03,2013-06-27,2013-07-01,2013-12-31,high_proximity|high_12m|h1,high_proximity,high_12m,1,"{""window"": 252}",373,0.006054364,0.20472445,0.5719211855943633,0.5281501340482574,0.011679361,0.0004594479,0.043806873644459156,0.011219913,0.8875000000000001,True,True,128.0,0.005652616731822491,0.13081438839435577,0.49079724910114664,0.5234375,True
short,5,2012-01-03,2013-06-28,2012-01-03,2012-06-26,2013-07-01,2013-12-31,trend_slope|slope_200d|h252,trend_slope,slope_200d,252,"{""window"": 200}",122,0.014750746,0.05431609,1.7600483096865336,0.5901639344262295,0.01662034,0.012881155,1.7383514202232428,0.0037391847,0.9171875,True,True,128.0,0.062359146773815155,0.09007974714040756,1.8931373834318725,0.7578125,True
short,5,2012-01-03,2013-06-28,2012-01-03,2013-06-27,2013-07-01,2013-12-31,risk_adjusted_trend|risk_trend_250d|h1,risk_adjusted_trend,risk_trend_250d,1,"{""window"": 250}",373,0.009735083,0.19260658,0.977475482525588,0.5227882037533512,0.018602792,0.0009147936,0.08436788266920109,0.017687999,0.8953125000000001,True,True,128.0,0.021798420697450638,0.1323593258857727,1.870590071685103,0.5390625,True
short,5,2012-01-03,2013-06-28,2012-01-03,2013-04-01,2013-07-01,2013-12-31,liquidity_change|liq_20d_252d|h63,liquidity_change,liq_20d_252d,63,"{""long_window"": 252, ""short_window"": 20}",311,0.025840428,0.08177638,1.0946816804504718,0.6559485530546624,0.03202227,0.019698212,2.3674110057399527,0.012324059,0.9291666666666667,True,True,128.0,0.015397552400827408,0.07134846597909927,1.166359842697556,0.5546875,True
short,5,2012-01-03,2013-06-28,2012-01-03,2012-06-26,2013-07-01,2013-12-31,price_volume_confirmation|pvc_6m_1m_liq5_60|h252,price_volume_confirmation,pvc_6m_1m_liq5_60,252,"{""confirmation_strength"": 0.25, ""liquidity_clip"": 2, ""long_window"": 60, ""short_window"": 5, ""skip"": 21, ""window"": 126}",122,0.008320538,0.08170614,0.6808140814063822,0.5901639344262295,0.0029724245,0.013668653,0.5344491700861234,0.010696229,0.8145833333333333,True,True,128.0,-0.003756864694878459,0.09826245903968811,-0.11332683337458216,0.5078125,True
short,6,2012-07-02,2013-12-31,2012-07-02,2013-12-16,2014-01-02,2014-06-30,momentum|12m-2m|h10,momentum,12m-2m,10,"{""skip"": 42, ""window"": 252}",367,0.024948731,0.14627428,1.3435557596167662,0.6130790190735694,0.0019300075,0.047842354,2.817852352517671,0.045912348,0.8738970588235294,True,True,124.0,-0.011357344686985016,0.20220531523227692,-0.23304675103007053,0.5645161290322581,True
short,6,2012-07-02,2013-12-31,2012-07-02,2012-12-31,2014-01-02,2014-06-30,trend|SMA20|h252,trend,SMA20,252,"{""window"": 20}",125,0.0268785,0.12875994,1.1490754899602917,0.624,0.018422622,0.035200153,0.8503156185605056,0.01677753,0.8166666666666667,True,True,124.0,-0.06455489993095398,0.14057557284832,-3.0335681831616106,0.3387096774193548,True
short,6,2012-07-02,2013-12-31,2012-07-02,2013-10-30,2014-01-02,2014-06-30,short_term_reversal|reversal_5d|h42,short_term_reversal,reversal_5d,42,"{""window"": 5}",335,0.021272607,0.120621786,1.7557746554802909,0.5164179104477612,0.024576535,0.017988347,0.809276355466642,0.006588189,0.8312499999999999,True,True,124.0,0.040388721972703934,0.11731968075037003,3.1066397967650223,0.6290322580645161,True
short,6,2012-07-02,2013-12-31,2012-07-02,2013-12-23,2014-01-02,2014-06-30,residual_momentum|resmom_12m_1m|h5,residual_momentum,resmom_12m_1m,5,"{""skip"": 21, ""window"": 252}",372,0.017758721,0.15141344,1.2873077905543142,0.5806451612903226,0.004056293,0.031461146,1.8486785547614288,0.027404852,0.6604166666666668,True,True,124.0,-0.01330652553588152,0.20116250216960907,-0.4221551496245878,0.5080645161290323,True
short,6,2012-07-02,2013-12-31,2012-07-02,2013-12-30,2014-01-02,2014-06-30,volatility_scaled_momentum|vsmom_6m_1m_vol60|h1,volatility_scaled_momentum,vsmom_6m_1m_vol60,1,"{""skip"": 21, ""volatility_window"": 60, ""window"": 126}",376,0.009832,0.15561537,1.2267657073372944,0.5319148936170213,0.0045891027,0.015074899,1.4910614114602636,0.010485796,0.8166666666666668,True,True,124.0,-0.010549469850957394,0.13943807780742645,-0.8458988182056622,0.4596774193548387,True
short,6,2012-07-02,2013-12-31,2012-07-02,2013-12-30,2014-01-02,2014-06-30,high_proximity|high_6m|h1,high_proximity,high_6m,1,"{""window"": 126}",376,0.0019031701,0.15384325,0.24019914537378162,0.5319148936170213,0.00335738,0.00044896122,0.04212688325149552,0.0029084187,0.9583333333333334,True,True,124.0,-0.020664699375629425,0.1458822339773178,-1.5837835928177897,0.41935483870967744,True
short,6,2012-07-02,2013-12-31,2012-07-02,2013-12-30,2014-01-02,2014-06-30,risk_adjusted_trend|risk_trend_250d|h1,risk_adjusted_trend,risk_trend_250d,1,"{""window"": 250}",376,0.009247763,0.15747188,1.1402652108823896,0.5186170212765957,0.00059122435,0.017904302,1.8943104675921207,0.017313078,0.8640625000000001,True,True,124.0,-0.0011210701195523143,0.1754266917705536,-0.07145060491002303,0.5403225806451613,True
short,6,2012-07-02,2013-12-31,2012-07-02,2013-12-23,2014-01-02,2014-06-30,price_volume_confirmation|pvc_12m_1m_liq20_252|h5,price_volume_confirmation,pvc_12m_1m_liq20_252,5,"{""confirmation_strength"": 0.25, ""liquidity_clip"": 2, ""long_window"": 252, ""short_window"": 20, ""skip"": 21, ""window"": 252}",372,0.015214679,0.15627995,1.0611510046896513,0.5698924731182796,0.0014320195,0.028997334,1.7170345900826132,0.027565314,0.6729166666666667,True,True,124.0,-0.011921597644686699,0.2026207447052002,-0.37279544822224897,0.5161290322580645,True
short,7,2013-01-02,2014-06-30,2013-01-02,2013-06-28,2014-07-01,2014-12-31,momentum|6m-2m|h252,momentum,6m-2m,252,"{""skip"": 42, ""window"": 126}",124,0.14237994,0.06061129,12.50634444525852,0.967741935483871,0.14012559,0.1446343,4.864966162549464,0.004508719,0.9738970588235295,True,True,128.0,-0.012052061967551708,0.18981023132801056,-0.15210618950173496,0.4921875,True
short,7,2013-01-02,2014-06-30,2013-01-02,2014-06-27,2014-07-01,2014-12-31,low_volatility|120d|h1,low_volatility,120d,1,"{""window"": 120}",375,0.0019054931,0.19607694,0.18844142724537755,0.47733333333333333,0.003241291,0.00057680253,0.04028927723411611,0.0026644885,0.9732142857142857,True,True,128.0,0.014258002862334251,0.2055549919605255,0.7878414821528212,0.515625,True
short,7,2013-01-02,2014-06-30,2013-01-02,2013-12-27,2014-07-01,2014-12-31,trend|SMA250|h126,trend,SMA250,126,"{""window"": 250}",250,0.07396184,0.11390434,2.0601075060194916,0.72,0.07653698,0.07138672,1.529827448888678,0.005150266,0.9177083333333333,True,True,128.0,0.05347304046154022,0.08902794867753983,2.565958892293586,0.6953125,True
short,7,2013-01-02,2014-06-30,2013-01-02,2014-06-27,2014-07-01,2014-12-31,short_term_reversal|reversal_5d|h1,short_term_reversal,reversal_5d,1,"{""window"": 5}",375,0.02632788,0.12086331,4.223931332994332,0.5893333333333334,0.02848769,0.024179557,2.739458149283787,0.0043081325,0.8770833333333334,True,True,128.0,-0.0022682612761855125,0.15565629303455353,-0.16551404006671094,0.5234375,True
short,7,2013-01-02,2014-06-30,2013-01-02,2013-06-28,2014-07-01,2014-12-31,residual_momentum|resmom_6m_1m|h252,residual_momentum,resmom_6m_1m,252,"{""skip"": 21, ""window"": 126}",124,0.14394908,0.049485266,11.50478376029068,1.0,0.15907153,0.12882665,6.164343942234375,0.030244887,0.9125,True,True,128.0,0.03171760216355324,0.20133496820926666,0.3627231485632976,0.5234375,True
short,7,2013-01-02,2014-06-30,2013-01-02,2013-12-27,2014-07-01,2014-12-31,volatility_scaled_momentum|vsmom_6m_1m_vol60|h126,volatility_scaled_momentum,vsmom_6m_1m_vol60,126,"{""skip"": 21, ""volatility_window"": 60, ""window"": 126}",250,0.036372304,0.062406346,3.9973292218451313,0.688,0.03620441,0.03654019,2.107939628588196,0.00033578277,0.9541666666666667,True,True,128.0,0.04984557256102562,0.09355176985263824,1.819906046805469,0.59375,True
short,7,2013-01-02,2014-06-30,2013-01-02,2013-06-28,2014-07-01,2014-12-31,trend_slope|slope_200d|h252,trend_slope,slope_200d,252,"{""window"": 200}",124,0.118750416,0.04967951,7.831584995366476,0.9596774193548387,0.092358075,0.14514276,18.58791558872071,0.05278469,0.9062500000000001,True,True,128.0,0.011300061829388142,0.10893750190734863,0.2419170951154507,0.4375,True
short,7,2013-01-02,2014-06-30,2013-01-02,2013-06-28,2014-07-01,2014-12-31,risk_adjusted_trend|risk_trend_200d|h252,risk_adjusted_trend,risk_trend_200d,252,"{""window"": 200}",124,0.026072279,0.029898081,3.232770046834545,0.8629032258064516,0.0140899075,0.03805465,9.878248464326546,0.02396474,0.9171874999999999,True,True,128.0,0.017866436392068863,0.11880175024271011,0.348797510952312,0.4375,True
short,7,2013-01-02,2014-06-30,2013-01-02,2013-06-28,2014-07-01,2014-12-31,liquidity_change|liq_20d_252d|h252,liquidity_change,liq_20d_252d,252,"{""long_window"": 252, ""short_window"": 20}",124,0.017575875,0.040366206,2.864740649998574,0.7338709677419355,0.02524873,0.009903017,0.8006340294044249,0.015345713,0.9333333333333333,True,True,128.0,-0.05747877433896065,0.03404518961906433,-7.985124682615393,0.0546875,True
short,7,2013-01-02,2014-06-30,2013-01-02,2013-06-28,2014-07-01,2014-12-31,price_volume_confirmation|pvc_6m_1m_liq5_60|h252,price_volume_confirmation,pvc_6m_1m_liq5_60,252,"{""confirmation_strength"": 0.25, ""liquidity_clip"": 2, ""long_window"": 60, ""short_window"": 5, ""skip"": 21, ""window"": 126}",124,0.13980441,0.048914023,9.982915991689937,1.0,0.1595142,0.12009463,5.896787176002307,0.039419577,0.9083333333333333,True,True,128.0,0.04066883772611618,0.1925291121006012,0.488245093546434,0.5390625,True
short,8,2013-07-01,2014-12-31,2013-07-01,2013-12-31,2015-01-02,2015-06-30,momentum|9m-2m|h252,momentum,9m-2m,252,"{""skip"": 42, ""window"": 189}",128,0.08926244,0.06603334,3.964605496742435,0.859375,0.132907,0.04561789,1.881135263908806,0.08728911,0.9220588235294117,True,True,124.0,0.2569686770439148,0.05441441759467125,15.71671250496154,1.0,True
short,8,2013-07-01,2014-12-31,2013-07-01,2014-12-30,2015-01-02,2015-06-30,trend|SMA250|h1,trend,SMA250,1,"{""window"": 250}",379,0.004569488,0.1727888,0.5155198177757329,0.5224274406332454,0.0075904108,0.0015644663,0.13027354531848168,0.0060259444,0.9010416666666667,True,True,124.0,0.0215440820902586,0.22179321944713593,1.0860474265866171,0.5887096774193549,True
short,8,2013-07-01,2014-12-31,2013-07-01,2014-07-02,2015-01-02,2015-06-30,short_term_reversal|reversal_21d|h126,short_term_reversal,reversal_21d,126,"{""window"": 21}",254,0.043505803,0.09321934,1.9768004940155368,0.6929133858267716,0.019039629,0.06797198,6.54465054201576,0.04893235,0.8541666666666665,True,True,124.0,-0.015047924593091011,0.15126654505729675,-0.7382397887394324,0.47580645161290325,True
short,8,2013-07-01,2014-12-31,2013-07-01,2013-12-31,2015-01-02,2015-06-30,residual_momentum|resmom_9m_1m|h252,residual_momentum,resmom_9m_1m,252,"{""skip"": 21, ""window"": 189}",128,0.07833634,0.0832024,2.5954632117402157,0.8125,0.14183855,0.014834143,0.6976450526431601,0.12700441,0.9125,True,True,124.0,0.25939810276031494,0.056084323674440384,24.68990127922693,1.0,True
short,8,2013-07-01,2014-12-31,2013-07-01,2013-12-31,2015-01-02,2015-06-30,volatility_scaled_momentum|vsmom_9m_1m_vol60|h252,volatility_scaled_momentum,vsmom_9m_1m_vol60,252,"{""skip"": 21, ""volatility_window"": 60, ""window"": 189}",128,0.057405747,0.057020545,3.5577330025219944,0.8515625,0.08721891,0.02759258,1.531674311785014,0.05962633,0.9187500000000001,True,True,124.0,0.2927696406841278,0.049593403935432434,44.91109990620268,1.0,True
short,8,2013-07-01,2014-12-31,2013-07-01,2013-12-31,2015-01-02,2015-06-30,trend_slope|slope_250d|h252,trend_slope,slope_250d,252,"{""window"": 250}",128,0.087077975,0.06520211,4.113180019270433,0.8515625,0.13094789,0.043208048,2.0852493987854435,0.08773984,0.9375,True,True,124.0,0.23797284066677094,0.047318603843450546,20.157741699445726,1.0,True
short,8,2013-07-01,2014-12-31,2013-07-01,2013-12-31,2015-01-02,2015-06-30,risk_adjusted_trend|risk_trend_250d|h252,risk_adjusted_trend,risk_trend_250d,252,"{""window"": 250}",128,0.045963023,0.04666997,5.43316300778026,0.828125,0.053071745,0.03885431,2.3785365369539186,0.014217436,0.959375,True,True,124.0,0.29436129331588745,0.05080034211277962,21.552187598537174,1.0,True
short,8,2013-07-01,2014-12-31,2013-07-01,2013-12-31,2015-01-02,2015-06-30,liquidity_change|liq_20d_252d|h252,liquidity_change,liq_20d_252d,252,"{""long_window"": 252, ""short_window"": 20}",128,0.022834254,0.056982853,2.5535642781496826,0.609375,0.03565134,0.010017168,1.2222979646012937,0.025634173,0.9208333333333334,True,True,124.0,0.05377982184290886,0.057863377034664154,4.177196546443984,0.782258064516129,True
short,8,2013-07-01,2014-12-31,2013-07-01,2013-12-31,2015-01-02,2015-06-30,price_volume_confirmation|pvc_9m_1m_liq20_126|h252,price_volume_confirmation,pvc_9m_1m_liq20_126,252,"{""confirmation_strength"": 0.25, ""liquidity_clip"": 2, ""long_window"": 126, ""short_window"": 20, ""skip"": 21, ""window"": 189}",128,0.08172502,0.07734005,3.181636800959894,0.84375,0.13382375,0.029626302,1.2362411362893917,0.10419745,0.9375,True,True,124.0,0.25749075412750244,0.053454089909791946,28.825916501428594,1.0,True
short,9,2014-01-02,2015-06-30,2014-01-02,2014-06-30,2015-07-01,2015-12-31,momentum|24m-0m|h252,momentum,24m-0m,252,"{""skip"": 0, ""window"": 504}",124,0.04962691,0.06872426,2.385871347106752,0.8145161290322581,0.020856066,0.07839776,12.641900566915005,0.05754169,0.9330882352941176,True,True,128.0,-0.15119601786136627,0.12167223542928696,-3.2832735282583054,0.015625,True
short,9,2014-01-02,2015-06-30,2014-01-02,2014-12-29,2015-07-01,2015-12-31,low_volatility|20d|h126,low_volatility,20d,126,"{""window"": 20}",250,0.039169356,0.07482755,3.255336425161042,0.704,0.035958968,0.04237974,1.5364409867862663,0.0064207725,0.9348214285714286,True,True,128.0,0.2499481439590454,0.1088678166270256,6.547996836543527,0.984375,True
short,9,2014-01-02,2015-06-30,2014-01-02,2014-06-30,2015-07-01,2015-12-31,short_term_reversal|reversal_10d|h252,short_term_reversal,reversal_10d,252,"{""window"": 10}",124,0.05408773,0.13249627,2.91325364148812,0.6451612903225806,0.034281053,0.073894404,2.204332804405246,0.03961335,0.8833333333333333,True,True,128.0,0.005687334109097719,0.1390635073184967,0.12599976278387756,0.5234375,True
short,9,2014-01-02,2015-06-30,2014-01-02,2015-06-29,2015-07-01,2015-12-31,residual_momentum|resmom_12m_1m|h1,residual_momentum,resmom_12m_1m,1,"{""skip"": 21, ""window"": 252}",375,0.008952227,0.18872297,0.9198177460949142,0.5386666666666666,0.00084126636,0.017020045,1.1877213741947457,0.01617878,0.8229166666666666,True,True,128.0,0.048703569918870926,0.2479647845029831,2.230893742880482,0.609375,True
short,9,2014-01-02,2015-06-30,2014-01-02,2015-06-29,2015-07-01,2015-12-31,volatility_scaled_momentum|vsmom_12m_1m_vol60|h1,volatility_scaled_momentum,vsmom_12m_1m_vol60,1,"{""skip"": 21, ""volatility_window"": 60, ""window"": 252}",375,0.010687373,0.17980328,1.1525740563464197,0.536,0.001695153,0.019631764,1.320486270470956,0.017936612,0.8500000000000001,True,True,128.0,0.050200045108795166,0.24610893428325653,2.3167803421618696,0.59375,True
short,9,2014-01-02,2015-06-30,2014-01-02,2015-06-29,2015-07-01,2015-12-31,trend_slope|slope_250d|h1,trend_slope,slope_250d,1,"{""window"": 250}",375,0.007812729,0.1880933,0.8054248375288078,0.5306666666666666,0.0027665703,0.012832048,0.8992233502536255,0.010065478,0.796875,True,True,128.0,0.04140812158584595,0.23130744695663452,2.0333118948377042,0.59375,True
short,9,2014-01-02,2015-06-30,2014-01-02,2015-06-29,2015-07-01,2015-12-31,risk_adjusted_trend|risk_trend_250d|h1,risk_adjusted_trend,risk_trend_250d,1,"{""window"": 250}",375,0.008770627,0.18106475,0.9392737575242414,0.5546666666666666,0.0023992686,0.0151080955,1.034697770243666,0.012708827,0.8296875,True,True,128.0,0.04213567078113556,0.22828103601932526,2.0964679630973664,0.6015625,True
short,9,2014-01-02,2015-06-30,2014-01-02,2014-06-30,2015-07-01,2015-12-31,liquidity_change|liq_20d_252d|h252,liquidity_change,liq_20d_252d,252,"{""long_window"": 252, ""short_window"": 20}",124,0.009072718,0.027194558,3.157336139413899,0.6854838709677419,0.010881879,0.0072635566,1.0825102743519446,0.0036183228,0.9875,True,True,128.0,-0.027638789266347885,0.04143175855278969,-3.920220979736804,0.328125,True
short,9,2014-01-02,2015-06-30,2014-01-02,2015-06-29,2015-07-01,2015-12-31,price_volume_confirmation|pvc_12m_1m_liq20_252|h1,price_volume_confirmation,pvc_12m_1m_liq20_252,1,"{""confirmation_strength"": 0.25, ""liquidity_clip"": 2, ""long_window"": 252, ""short_window"": 20, ""skip"": 21, ""window"": 252}",375,0.009698458,0.19114497,0.98386435443548,0.5333333333333333,0.0019617311,0.017394034,1.1925301043639431,0.015432303,0.7833333333333333,True,True,128.0,0.04738572612404823,0.24322062730789185,2.212866604725922,0.6015625,True
short,10,2014-07-01,2015-12-31,2014-07-01,2014-12-31,2016-01-04,2016-06-30,momentum|24m-0m|h252,momentum,24m-0m,252,"{""skip"": 0, ""window"": 504}",128,0.15046956,0.08199776,4.391009661630107,1.0,0.078145474,0.22279364,14.801641304516975,0.14464816,0.8985294117647059,True,True,125.0,-0.20445385575294495,0.16969360411167145,-2.9375620753192204,0.12,True
short,10,2014-07-01,2015-12-31,2014-07-01,2014-12-31,2016-01-04,2016-06-30,low_volatility|20d|h252,low_volatility,20d,252,"{""window"": 20}",128,0.128519,0.08661992,3.633110377569629,0.9765625,0.062223583,0.19481441,7.390820245568535,0.13259083,0.8901785714285715,True,True,125.0,-0.16884377598762512,0.12212067097425461,-4.2875513523693405,0.104,True
short,10,2014-07-01,2015-12-31,2014-07-01,2014-12-31,2016-01-04,2016-06-30,trend|SMA20|h252,trend,SMA20,252,"{""window"": 20}",128,0.12423672,0.09624226,9.23773902746766,0.8984375,0.12512496,0.12334846,3.7055200344610264,0.0017765015,0.8875000000000001,True,True,125.0,-0.08744695037603378,0.21816083788871765,-2.3945716610040217,0.392,True
short,10,2014-07-01,2015-12-31,2014-07-01,2015-12-23,2016-01-04,2016-06-30,short_term_reversal|reversal_10d|h5,short_term_reversal,reversal_10d,5,"{""window"": 10}",375,0.003049128,0.16601433,0.2069915487660083,0.4693333333333333,0.004157264,0.0019468855,0.09750144992294398,0.0022103782,0.8770833333333333,True,True,125.0,0.01522922981530428,0.20504127442836761,0.4875295875828787,0.512,True
short,10,2014-07-01,2015-12-31,2014-07-01,2015-07-02,2016-01-04,2016-06-30,residual_momentum|resmom_6m_1m|h126,residual_momentum,resmom_6m_1m,126,"{""skip"": 21, ""window"": 126}",254,0.12079953,0.1351877,2.2244740346227037,0.7677165354330708,0.038771003,0.20282803,8.511515643295839,0.16405703,0.8479166666666668,True,True,125.0,-0.1598864495754242,0.09815352410078049,-9.057147974237472,0.064,True
short,10,2014-07-01,2015-12-31,2014-07-01,2015-07-02,2016-01-04,2016-06-30,volatility_scaled_momentum|vsmom_6m_1m_vol60|h126,volatility_scaled_momentum,vsmom_6m_1m_vol60,126,"{""skip"": 21, ""volatility_window"": 60, ""window"": 126}",254,0.12460119,0.12046298,2.624971511078625,0.7874015748031497,0.049615312,0.19958708,7.622089592124434,0.14997177,0.8562500000000001,True,True,125.0,-0.17238834500312805,0.10713975876569748,-6.477341143705084,0.056,True
short,10,2014-07-01,2015-12-31,2014-07-01,2014-12-31,2016-01-04,2016-06-30,high_proximity|high_6m|h252,high_proximity,high_6m,252,"{""window"": 126}",128,0.19625324,0.12015837,4.671127016913963,0.875,0.117399834,0.2751066,15.022353753479125,0.15770677,0.8708333333333335,True,True,125.0,-0.23755702376365662,0.15557484328746796,-4.433061750372967,0.072,True
short,10,2014-07-01,2015-12-31,2014-07-01,2014-12-31,2016-01-04,2016-06-30,trend_slope|slope_50d|h252,trend_slope,slope_50d,252,"{""window"": 50}",128,0.169809,0.12037236,4.177836749825838,0.8203125,0.10350442,0.2361136,15.485007670159542,0.13260917,0.8953125,True,True,125.0,-0.11811598390340805,0.24158896505832672,-1.3041239415179149,0.488,True
short,10,2014-07-01,2015-12-31,2014-07-01,2014-12-31,2016-01-04,2016-06-30,risk_adjusted_trend|risk_trend_50d|h252,risk_adjusted_trend,risk_trend_50d,252,"{""window"": 50}",128,0.16825926,0.12171401,3.7506434872835355,0.8203125,0.092892505,0.24362603,32.30286771802341,0.15073353,0.8953125,True,True,125.0,-0.1300516277551651,0.21194550395011902,-1.5650115059374394,0.456,True
short,10,2014-07-01,2015-12-31,2014-07-01,2015-12-01,2016-01-04,2016-06-30,liquidity_change|liq_20d_126d|h21,liquidity_change,liq_20d_126d,21,"{""long_window"": 126, ""short_window"": 20}",359,0.023933116,0.08375256,1.578805178561685,0.637883008356546,0.0024547917,0.045292113,1.8342410719757676,0.04283732,0.83125,True,True,125.0,-0.017893023788928986,0.12447269260883331,-0.44112574250178926,0.528,True
short,10,2014-07-01,2015-12-31,2014-07-01,2015-07-02,2016-01-04,2016-06-30,price_volume_confirmation|pvc_6m_1m_liq5_60|h126,price_volume_confirmation,pvc_6m_1m_liq5_60,126,"{""confirmation_strength"": 0.25, ""liquidity_clip"": 2, ""long_window"": 60, ""short_window"": 5, ""skip"": 21, ""window"": 126}",254,0.12140301,0.12956935,2.3653681085217144,0.7716535433070866,0.04327004,0.19953598,9.231127934788953,0.15626594,0.8541666666666667,True,True,125.0,-0.17174901068210602,0.09769068658351898,-8.313068662924593,0.048,True
short,11,2015-01-02,2016-06-30,2015-01-02,2015-07-01,2016-07-01,2016-12-30,momentum|9m-0m|h252,momentum,9m-0m,252,"{""skip"": 0, ""window"": 189}",125,0.24904965,0.054998763,26.269785870503323,1.0,0.24725074,0.25081998,9.349717549028183,0.0035692453,0.9709558823529411,True,True,127.0,-0.03254670277237892,0.15646687150001526,-0.5234923925767958,0.47244094488188976,True
short,11,2015-01-02,2016-06-30,2015-01-02,2015-07-01,2016-07-01,2016-12-30,low_volatility|120d|h252,low_volatility,120d,252,"{""window"": 120}",125,0.3987007,0.05356036,40.48707287956195,1.0,0.39604962,0.4013098,39.60151203093236,0.0052601695,0.9723214285714286,True,True,127.0,-0.07720355689525604,0.11592955887317657,-1.6836899909601515,0.2755905511811024,True
short,11,2015-01-02,2016-06-30,2015-01-02,2015-07-01,2016-07-01,2016-12-30,trend|SMA250|h252,trend,SMA250,252,"{""window"": 250}",125,0.22073,0.089902416,7.1623863587433565,0.96,0.26792803,0.17428118,4.242871957021127,0.093646854,0.925,True,True,127.0,-0.01565122790634632,0.1619473248720169,-0.2837802186183932,0.5748031496062992,True
short,11,2015-01-02,2016-06-30,2015-01-02,2015-07-01,2016-07-01,2016-12-30,residual_momentum|resmom_12m_1m|h252,residual_momentum,resmom_12m_1m,252,"{""skip"": 21, ""window"": 252}",125,0.20698631,0.045297146,30.210938120802147,1.0,0.2099541,0.20406556,12.78419808135995,0.0058885366,0.9520833333333334,True,True,127.0,-0.06033641844987869,0.11106015741825104,-1.3035857630268322,0.4409448818897638,True
short,11,2015-01-02,2016-06-30,2015-01-02,2015-07-01,2016-07-01,2016-12-30,volatility_scaled_momentum|vsmom_9m_1m_vol60|h252,volatility_scaled_momentum,vsmom_9m_1m_vol60,252,"{""skip"": 21, ""volatility_window"": 60, ""window"": 189}",125,0.2921448,0.049884614,44.880823078149525,1.0,0.27964157,0.30444956,17.78663736105317,0.02480799,0.9812500000000001,True,True,127.0,-0.01267656497657299,0.18004827201366425,-0.16823095134423469,0.4330708661417323,True
short,11,2015-01-02,2016-06-30,2015-01-02,2015-07-01,2016-07-01,2016-12-30,high_proximity|high_18m|h252,high_proximity,high_18m,252,"{""window"": 378}",125,0.2498137,0.094734386,7.389631119998077,1.0,0.30283058,0.19763839,4.86605548829454,0.105192184,0.9208333333333334,True,True,127.0,0.008570709265768528,0.13557785749435425,0.17435003875620314,0.6929133858267716,True
short,11,2015-01-02,2016-06-30,2015-01-02,2015-07-01,2016-07-01,2016-12-30,trend_slope|slope_200d|h252,trend_slope,slope_200d,252,"{""window"": 200}",125,0.2645895,0.062050562,21.657105049280165,1.0,0.26626936,0.26293638,8.13493239507191,0.0033329725,0.9828125,True,True,127.0,-0.020772304385900497,0.16644875705242157,-0.28751316775784,0.4881889763779528,True
short,11,2015-01-02,2016-06-30,2015-01-02,2015-07-01,2016-07-01,2016-12-30,risk_adjusted_trend|risk_trend_200d|h252,risk_adjusted_trend,risk_trend_200d,252,"{""window"": 200}",125,0.3132398,0.06455626,26.395884353763286,1.0,0.30936947,0.3170488,9.660249705671712,0.0076793134,0.9859374999999999,True,True,127.0,-0.018837712705135345,0.17445108294487,-0.24675762990156314,0.4645669291338583,True
short,11,2015-01-02,2016-06-30,2015-01-02,2015-07-01,2016-07-01,2016-12-30,liquidity_change|liq_20d_252d|h252,liquidity_change,liq_20d_252d,252,"{""long_window"": 252, ""short_window"": 20}",125,0.053343423,0.057835758,4.210256468773993,0.776,0.039679147,0.0667908,3.7322399844829603,0.02711165,0.9041666666666667,True,True,127.0,0.000614485761616379,0.05363544821739197,0.037831027963317616,0.6141732283464567,True
short,11,2015-01-02,2016-06-30,2015-01-02,2015-07-01,2016-07-01,2016-12-30,price_volume_confirmation|pvc_9m_1m_liq20_126|h252,price_volume_confirmation,pvc_9m_1m_liq20_126,252,"{""confirmation_strength"": 0.25, ""liquidity_clip"": 2, ""long_window"": 126, ""short_window"": 20, ""skip"": 21, ""window"": 189}",125,0.25694677,0.053584367,29.44312316029217,1.0,0.23674873,0.27682424,17.006196813151934,0.04007551,0.9645833333333333,True,True,127.0,-0.023158220574259758,0.16673293709754944,-0.33269667836027933,0.4330708661417323,True
short,12,2015-07-01,2016-12-30,2015-07-01,2016-12-22,2017-01-03,2017-06-30,momentum|6m-1m|h5,momentum,6m-1m,5,"{""skip"": 21, ""window"": 126}",375,0.012453537,0.20588753,0.6452090373268872,0.5493333333333333,0.022213854,0.0027451357,0.09873593082884664,0.019468717,0.925735294117647,True,True,125.0,0.0038344140630215406,0.2394927740097046,0.10546620617686456,0.528,True
short,12,2015-07-01,2016-12-30,2015-07-01,2015-12-31,2017-01-03,2017-06-30,low_volatility|120d|h252,low_volatility,120d,252,"{""window"": 120}",128,0.1471057,0.13485621,2.71376407889929,0.8046875,0.25253412,0.04167725,0.9473285458373156,0.21085687,0.9107142857142858,True,True,125.0,-0.024499522522091866,0.09319905191659927,-0.6353225260443432,0.56,True
short,12,2015-07-01,2016-12-30,2015-07-01,2016-12-15,2017-01-03,2017-06-30,short_term_reversal|reversal_5d|h10,short_term_reversal,reversal_5d,10,"{""window"": 5}",370,0.027151452,0.18547381,1.4059315394435643,0.5594594594594594,0.0012471789,0.053055733,1.816740420296802,0.051808555,0.7604166666666667,True,True,125.0,0.0227365605533123,0.13432534039020538,0.9916636675589598,0.488,True
short,12,2015-07-01,2016-12-30,2015-07-01,2016-12-29,2017-01-03,2017-06-30,residual_momentum|resmom_6m_1m|h1,residual_momentum,resmom_6m_1m,1,"{""skip"": 21, ""window"": 126}",379,0.011970973,0.21025147,1.1098995085451269,0.5382585751978892,0.017985499,0.0059881043,0.4631658265661805,0.011997394,0.9270833333333333,True,True,125.0,-0.00037336922832764685,0.23237244784832,-0.018036533493630356,0.504,True
short,12,2015-07-01,2016-12-30,2015-07-01,2016-12-29,2017-01-03,2017-06-30,volatility_scaled_momentum|vsmom_6m_1m_vol60|h1,volatility_scaled_momentum,vsmom_6m_1m_vol60,1,"{""skip"": 21, ""volatility_window"": 60, ""window"": 126}",379,0.009767519,0.21843964,0.8716581323018916,0.5329815303430079,0.018790111,0.00079241616,0.052911321638110166,0.017997695,0.9208333333333334,True,True,125.0,0.0044939760118722916,0.2234683632850647,0.2257428138354614,0.576,True
short,12,2015-07-01,2016-12-30,2015-07-01,2015-12-31,2017-01-03,2017-06-30,liquidity_change|liq_5d_60d|h252,liquidity_change,liq_5d_60d,252,"{""long_window"": 60, ""short_window"": 5}",128,0.023963504,0.05791201,2.709757746660969,0.65625,0.018066034,0.029860973,3.077718910489982,0.01179494,0.8999999999999999,True,True,125.0,-0.008748571388423443,0.048870377242565155,-2.8580260821353662,0.384,True
short,12,2015-07-01,2016-12-30,2015-07-01,2016-12-22,2017-01-03,2017-06-30,price_volume_confirmation|pvc_6m_1m_liq5_60|h5,price_volume_confirmation,pvc_6m_1m_liq5_60,5,"{""confirmation_strength"": 0.25, ""liquidity_clip"": 2, ""long_window"": 60, ""short_window"": 5, ""skip"": 21, ""window"": 126}",375,0.01244824,0.20765762,0.6387241194814265,0.5493333333333333,0.022411566,0.0025379066,0.09024326779553808,0.01987366,0.9229166666666666,True,True,125.0,0.0030214071739465,0.23913045227527618,0.08312220214341577,0.528,True
short,13,2016-01-04,2017-06-30,2016-01-04,2017-06-29,2017-07-03,2017-12-29,momentum|6m-1m|h1,momentum,6m-1m,1,"{""skip"": 21, ""window"": 126}",376,0.0060526934,0.21507308,0.5464303519544972,0.5372340425531915,0.008494354,0.0036110326,0.24707811077939676,0.004883321,0.8797794117647059,True,True,126.0,0.02977149188518524,0.17236299812793732,1.9465794827274823,0.6349206349206349,True
short,13,2016-01-04,2017-06-30,2016-01-04,2016-06-30,2017-07-03,2017-12-29,short_term_reversal|reversal_10d|h252,short_term_reversal,reversal_10d,252,"{""window"": 10}",125,0.077679,0.21608976,2.610895490417778,0.624,0.07805919,0.07730484,1.670394467310117,0.00075434893,0.9458333333333334,True,True,126.0,0.00036676714080385864,0.08448731154203415,0.019913228752098656,0.3888888888888889,True
short,13,2016-01-04,2017-06-30,2016-01-04,2017-06-29,2017-07-03,2017-12-29,residual_momentum|resmom_6m_1m|h1,residual_momentum,resmom_6m_1m,1,"{""skip"": 21, ""window"": 126}",376,0.0051697413,0.21279423,0.4717166144378617,0.523936170212766,0.00809726,0.0022422222,0.15200121541594502,0.005855038,0.9708333333333333,True,True,126.0,0.029998354613780975,0.17129942774772644,1.9735906144038335,0.6190476190476191,True
short,13,2016-01-04,2017-06-30,2016-01-04,2017-06-29,2017-07-03,2017-12-29,volatility_scaled_momentum|vsmom_6m_1m_vol60|h1,volatility_scaled_momentum,vsmom_6m_1m_vol60,1,"{""skip"": 21, ""volatility_window"": 60, ""window"": 126}",376,0.0045842147,0.22037156,0.4039072957230296,0.5478723404255319,0.0024132915,0.0067551387,0.4762915586306248,0.0043418473,0.9333333333333333,True,True,126.0,0.026455624029040337,0.17177091538906097,1.7357369876437292,0.6428571428571429,True
short,13,2016-01-04,2017-06-30,2016-01-04,2017-06-29,2017-07-03,2017-12-29,price_volume_confirmation|pvc_6m_1m_liq5_60|h1,price_volume_confirmation,pvc_6m_1m_liq5_60,1,"{""confirmation_strength"": 0.25, ""liquidity_clip"": 2, ""long_window"": 60, ""short_window"": 5, ""skip"": 21, ""window"": 126}",376,0.0059378957,0.21530487,0.5354895572331096,0.523936170212766,0.008398234,0.0034775608,0.23908979403048594,0.004920673,0.9875,True,True,126.0,0.028435997664928436,0.17157988250255585,1.867745103074396,0.6349206349206349,True
short,14,2016-07-01,2017-12-29,2016-07-01,2017-06-30,2018-01-02,2018-06-29,momentum|6m-2m|h126,momentum,6m-2m,126,"{""skip"": 42, ""window"": 126}",252,0.023777965,0.13492504,1.2959392836066126,0.5714285714285714,0.01751986,0.030036073,1.3235192108010438,0.012516214,0.6643382352941176,True,True,125.0,-0.03465244174003601,0.10244317352771759,-0.9634013218065207,0.336,True
short,14,2016-07-01,2017-12-29,2016-07-01,2017-09-29,2018-01-02,2018-06-29,trend|SMA20|h63,trend,SMA20,63,"{""window"": 20}",315,0.04039556,0.15685095,1.8857202343470578,0.653968253968254,0.03297607,0.047768094,2.2319255251510617,0.014792025,0.7979166666666666,True,True,125.0,-0.01119277160614729,0.08944753557443619,-0.669599135736004,0.432,True
short,14,2016-07-01,2017-12-29,2016-07-01,2017-11-29,2018-01-02,2018-06-29,short_term_reversal|reversal_10d|h21,short_term_reversal,reversal_10d,21,"{""window"": 10}",357,0.02228351,0.14162257,1.4375909773587041,0.5518207282913166,0.0074201287,0.037063856,1.7253389891395121,0.029643727,0.8458333333333333,True,True,125.0,0.006895609200000763,0.11075050383806229,0.4584489348568427,0.488,True
short,14,2016-07-01,2017-12-29,2016-07-01,2017-06-30,2018-01-02,2018-06-29,residual_momentum|resmom_6m_1m|h126,residual_momentum,resmom_6m_1m,126,"{""skip"": 21, ""window"": 126}",252,0.026346633,0.11834956,1.1490388796994748,0.5277777777777778,0.0038184412,0.04887482,1.6043817671788199,0.04505638,0.7708333333333333,True,True,125.0,-0.03523026779294014,0.07907552272081375,-1.5861423267631753,0.272,True
short,14,2016-07-01,2017-12-29,2016-07-01,2016-12-29,2018-01-02,2018-06-29,high_proximity|high_6m|h252,high_proximity,high_6m,252,"{""window"": 126}",126,0.07450861,0.17038152,1.717037310629949,0.7380952380952381,0.021035211,0.127982,2.9013357221758156,0.106946796,0.8791666666666667,True,True,125.0,0.05648919194936752,0.10707002133131027,1.3730417481184314,0.688,True
short,14,2016-07-01,2017-12-29,2016-07-01,2017-11-29,2018-01-02,2018-06-29,trend_slope|slope_50d|h21,trend_slope,slope_50d,21,"{""window"": 50}",357,0.01902198,0.1723746,0.588656914333512,0.5266106442577031,0.007683736,0.030296883,0.7386655877823571,0.022613147,0.625,True,True,125.0,-0.03130579739809036,0.08713390678167343,-1.896058287369883,0.376,True
short,14,2016-07-01,2017-12-29,2016-07-01,2017-11-29,2018-01-02,2018-06-29,risk_adjusted_trend|risk_trend_50d|h21,risk_adjusted_trend,risk_trend_50d,21,"{""window"": 50}",357,0.01236149,0.18516801,0.347030583498872,0.5294117647058824,0.0014956245,0.02316665,0.5445229203421654,0.021671027,0.5796875000000001,True,True,125.0,-0.03459564223885536,0.08857496082782745,-1.9548077091350275,0.352,True
short,14,2016-07-01,2017-12-29,2016-07-01,2016-12-29,2018-01-02,2018-06-29,liquidity_change|liq_20d_126d|h252,liquidity_change,liq_20d_126d,252,"{""long_window"": 126, ""short_window"": 20}",126,0.034382958,0.049955897,5.08165200668493,0.7777777777777778,0.028162481,0.040603433,11.862713110560614,0.012440952,0.9375,True,True,125.0,-0.003204361069947481,0.05267975479364395,-0.33008870559620374,0.424,True
short,15,2017-01-03,2018-06-29,2017-01-03,2017-06-29,2018-07-02,2018-12-31,momentum|12m-0m|h252,momentum,12m-0m,252,"{""skip"": 0, ""window"": 252}",124,0.17624229,0.06848953,13.289029896279798,0.9919354838709677,0.17682526,0.1756594,7.956182587215071,0.001165852,0.9661764705882352,True,True,126.0,-0.044167447835206985,0.038684502243995667,-5.748604386628255,0.15873015873015872,True
short,15,2017-01-03,2018-06-29,2017-01-03,2018-06-28,2018-07-02,2018-12-31,low_volatility|20d|h1,low_volatility,20d,1,"{""window"": 20}",375,0.0014363365,0.16425642,0.16956221938693064,0.496,0.0015380194,0.0013351945,0.11994156725008989,0.00020282494,0.8169642857142858,True,True,126.0,0.00977769959717989,0.2153247594833374,0.5117503199627116,0.5158730158730159,True
short,15,2017-01-03,2018-06-29,2017-01-03,2017-12-28,2018-07-02,2018-12-31,trend|SMA250|h126,trend,SMA250,126,"{""window"": 250}",250,0.12163852,0.096269675,7.4710969703608825,0.952,0.13438523,0.10889181,15.37555913911975,0.02549342,0.9083333333333334,True,True,126.0,0.024765748530626297,0.07053053379058838,2.844069199876608,0.6825396825396826,True
short,15,2017-01-03,2018-06-29,2017-01-03,2018-06-15,2018-07-02,2018-12-31,short_term_reversal|reversal_5d|h10,short_term_reversal,reversal_5d,10,"{""window"": 5}",366,0.0154781435,0.13583983,1.1423712881677084,0.5136612021857924,0.0056227674,0.02533352,1.4466547002808428,0.019710753,0.9083333333333333,True,True,126.0,0.047624047845602036,0.13574275374412537,2.48176604356373,0.6825396825396826,True
short,15,2017-01-03,2018-06-29,2017-01-03,2017-06-29,2018-07-02,2018-12-31,residual_momentum|resmom_12m_1m|h252,residual_momentum,resmom_12m_1m,252,"{""skip"": 21, ""window"": 252}",124,0.17189273,0.062479887,11.534894238448027,1.0,0.15192865,0.19185683,11.601804220434992,0.039928183,0.9,True,True,126.0,-0.06838477402925491,0.04051804542541504,-12.47872495479058,0.05555555555555555,True
short,15,2017-01-03,2018-06-29,2017-01-03,2017-06-29,2018-07-02,2018-12-31,volatility_scaled_momentum|vsmom_9m_1m_vol60|h252,volatility_scaled_momentum,vsmom_9m_1m_vol60,252,"{""skip"": 21, ""volatility_window"": 60, ""window"": 189}",124,0.1962203,0.08911041,10.309236498064504,1.0,0.19863366,0.19380695,4.174114493673145,0.0048267096,0.9750000000000001,True,True,126.0,0.004859091714024544,0.08239003270864487,0.2511366572125564,0.6666666666666666,True
short,15,2017-01-03,2018-06-29,2017-01-03,2017-06-29,2018-07-02,2018-12-31,high_proximity|high_18m|h252,high_proximity,high_18m,252,"{""window"": 378}",124,0.10065715,0.10737273,2.7781290643797636,0.7983870967741935,0.16483527,0.03647903,0.7778645471429176,0.12835625,0.9020833333333333,True,True,126.0,0.14171020686626434,0.11589039862155914,2.871550314101898,0.8650793650793651,True
short,15,2017-01-03,2018-06-29,2017-01-03,2017-06-29,2018-07-02,2018-12-31,trend_slope|slope_250d|h252,trend_slope,slope_250d,252,"{""window"": 250}",124,0.21225798,0.050523814,19.505909742824297,1.0,0.19370542,0.23081058,12.759862381059646,0.037105158,0.9265625000000002,True,True,126.0,-0.04901779443025589,0.03899192810058594,-10.450588775411083,0.1111111111111111,True
short,15,2017-01-03,2018-06-29,2017-01-03,2017-06-29,2018-07-02,2018-12-31,risk_adjusted_trend|risk_trend_250d|h252,risk_adjusted_trend,risk_trend_250d,252,"{""window"": 250}",124,0.22124615,0.051437553,22.741187819241514,1.0,0.22164956,0.22084278,9.026761249061153,0.00080677867,0.9937500000000001,True,True,126.0,-0.019129641354084015,0.043732356280088425,-3.130870547405778,0.30952380952380953,True
short,15,2017-01-03,2018-06-29,2017-01-03,2017-06-29,2018-07-02,2018-12-31,liquidity_change|liq_20d_252d|h252,liquidity_change,liq_20d_252d,252,"{""long_window"": 252, ""short_window"": 20}",124,0.10935365,0.040559825,12.951451369342381,1.0,0.09449082,0.124216504,14.411672696586507,0.029725686,0.9125,True,True,126.0,0.012350205332040787,0.04658689349889755,2.0494831526888326,0.6666666666666666,True
short,15,2017-01-03,2018-06-29,2017-01-03,2017-06-29,2018-07-02,2018-12-31,price_volume_confirmation|pvc_9m_1m_liq20_126|h252,price_volume_confirmation,pvc_9m_1m_liq20_126,252,"{""confirmation_strength"": 0.25, ""liquidity_clip"": 2, ""long_window"": 126, ""short_window"": 20, ""skip"": 21, ""window"": 189}",124,0.19974978,0.07345255,12.490046901391196,1.0,0.18144454,0.21805508,6.882783876375365,0.036610544,0.90625,True,True,126.0,-0.028294235467910767,0.07190997898578644,-2.012251178595433,0.31746031746031744,True
short,16,2017-07-03,2018-12-31,2017-07-03,2018-09-28,2019-01-02,2019-06-28,momentum|3m-1m|h63,momentum,3m-1m,63,"{""skip"": 21, ""window"": 63}",314,0.07602227,0.07877003,4.7446268162959075,0.8152866242038217,0.073591605,0.078452945,2.946270331957459,0.00486134,0.9698529411764707,True,True,124.0,0.0444624125957489,0.09111674129962921,2.441496381497672,0.7016129032258065,True
short,16,2017-07-03,2018-12-31,2017-07-03,2018-12-28,2019-01-02,2019-06-28,low_volatility|90d|h1,low_volatility,90d,1,"{""window"": 90}",376,0.004690748,0.19537166,0.46617908031155997,0.5132978723404256,0.00065261504,0.00872888,0.5606493605700211,0.008076265,0.5,True,True,124.0,-0.0038224903400987387,0.26801636815071106,-0.15946077818906693,0.45161290322580644,True
short,16,2017-07-03,2018-12-31,2017-07-03,2018-09-28,2019-01-02,2019-06-28,trend|SMA150|h63,trend,SMA150,63,"{""window"": 150}",314,0.06640068,0.0842196,3.778785610836119,0.7643312101910829,0.06679985,0.06600151,2.312944684153841,0.00079833716,0.9583333333333334,True,True,124.0,0.10252954065799713,0.13556715846061707,2.4212934669695536,0.7983870967741935,True
short,16,2017-07-03,2018-12-31,2017-07-03,2018-10-29,2019-01-02,2019-06-28,short_term_reversal|reversal_5d|h42,short_term_reversal,reversal_5d,42,"{""window"": 5}",335,0.014672661,0.1292973,1.4575399739761783,0.49850746268656715,0.019147191,0.010224766,0.7533380683686592,0.008922425,0.7625000000000001,True,True,124.0,0.02173159457743168,0.14087991416454315,1.268106413104186,0.5645161290322581,True
short,16,2017-07-03,2018-12-31,2017-07-03,2018-09-28,2019-01-02,2019-06-28,residual_momentum|resmom_6m_1m|h63,residual_momentum,resmom_6m_1m,63,"{""skip"": 21, ""window"": 126}",314,0.06457578,0.082901075,3.5773218836127025,0.7515923566878981,0.07403932,0.05511224,2.030380880752072,0.018927079,0.9375000000000001,True,True,124.0,0.11937645822763443,0.13337887823581696,2.6198862536379113,0.7580645161290323,True
short,16,2017-07-03,2018-12-31,2017-07-03,2018-09-28,2019-01-02,2019-06-28,volatility_scaled_momentum|vsmom_6m_1m_vol60|h63,volatility_scaled_momentum,vsmom_6m_1m_vol60,63,"{""skip"": 21, ""volatility_window"": 60, ""window"": 126}",314,0.05394371,0.09265684,2.386428545699257,0.6815286624203821,0.049041953,0.05884546,1.5907739834478085,0.0098035075,0.8833333333333335,True,True,124.0,0.14154882729053497,0.14096155762672424,2.7431846471138046,0.8225806451612904,True
short,16,2017-07-03,2018-12-31,2017-07-03,2018-09-28,2019-01-02,2019-06-28,high_proximity|high_6m|h63,high_proximity,high_6m,63,"{""window"": 126}",314,0.04444832,0.11297457,1.2594703628587172,0.6178343949044586,0.0016821008,0.08721454,1.6538072694961814,0.085532434,0.8562499999999998,True,True,124.0,0.13691619038581848,0.15470722317695618,3.023605099967902,0.7903225806451613,True
short,16,2017-07-03,2018-12-31,2017-07-03,2018-09-28,2019-01-02,2019-06-28,trend_slope|slope_100d|h63,trend_slope,slope_100d,63,"{""window"": 100}",314,0.07636429,0.06956003,5.759119607036542,0.8821656050955414,0.07664389,0.07608468,3.4628096805661905,0.0005592108,0.96875,True,True,124.0,0.06244567781686783,0.12343978136777878,2.125576590617006,0.7338709677419355,True
short,16,2017-07-03,2018-12-31,2017-07-03,2018-09-28,2019-01-02,2019-06-28,risk_adjusted_trend|risk_trend_100d|h63,risk_adjusted_trend,risk_trend_100d,63,"{""window"": 100}",314,0.06887529,0.083186775,3.336596047252642,0.7993630573248408,0.052895382,0.08485519,2.3382869889531492,0.03195981,0.9062500000000001,True,True,124.0,0.10857405513525009,0.12426868081092834,2.84733824327548,0.7983870967741935,True
short,16,2017-07-03,2018-12-31,2017-07-03,2017-12-28,2019-01-02,2019-06-28,liquidity_change|liq_20d_252d|h252,liquidity_change,liq_20d_252d,252,"{""long_window"": 252, ""short_window"": 20}",125,0.05429533,0.06350584,3.74091800879044,0.72,0.07249903,0.03638057,1.4708952745272896,0.03611846,0.8791666666666667,True,True,124.0,0.10942865163087845,0.055991873145103455,9.754408196211807,0.9596774193548387,True
short,16,2017-07-03,2018-12-31,2017-07-03,2018-09-28,2019-01-02,2019-06-28,price_volume_confirmation|pvc_6m_1m_liq5_60|h63,price_volume_confirmation,pvc_6m_1m_liq5_60,63,"{""confirmation_strength"": 0.25, ""liquidity_clip"": 2, ""long_window"": 60, ""short_window"": 5, ""skip"": 21, ""window"": 126}",314,0.06511907,0.08395668,3.542261660545384,0.7484076433121019,0.07516649,0.055071637,1.9963346500135997,0.020094857,0.9375000000000001,True,True,124.0,0.13026520609855652,0.13784950971603394,2.727040340131292,0.8064516129032258,True
short,17,2018-01-02,2019-06-28,2018-01-02,2019-06-14,2019-07-01,2019-12-31,momentum|9m-1m|h10,momentum,9m-1m,10,"{""skip"": 21, ""window"": 189}",365,0.035673726,0.2059001,1.3309567371062598,0.5917808219178082,0.03656443,0.034787886,0.783663141620504,0.0017765425,0.929779411764706,True,True,128.0,-0.028720999136567116,0.2740699350833893,-0.4668832044182733,0.4609375,True
short,17,2018-01-02,2019-06-28,2018-01-02,2018-06-27,2019-07-01,2019-12-31,low_volatility|252d|h252,low_volatility,252d,252,"{""window"": 252}",123,0.2963684,0.07720842,10.218071115389591,1.0,0.25009862,0.3418919,9.901400679340606,0.0917933,0.9053571428571429,True,True,128.0,-0.07744281738996506,0.04842612147331238,-9.549295920777707,0.015625,True
short,17,2018-01-02,2019-06-28,2018-01-02,2018-12-27,2019-07-01,2019-12-31,trend|SMA100|h126,trend,SMA100,126,"{""window"": 100}",249,0.030839691,0.09116013,1.482621406595311,0.6144578313253012,0.011962974,0.04956539,1.5993444435707505,0.037602417,0.8625,True,True,128.0,-0.003246571635827422,0.09760976582765579,-0.23784833427331523,0.4609375,True
short,17,2018-01-02,2019-06-28,2018-01-02,2019-05-30,2019-07-01,2019-12-31,short_term_reversal|reversal_21d|h21,short_term_reversal,reversal_21d,21,"{""window"": 21}",354,0.044361353,0.15586779,1.810511507227124,0.5932203389830508,0.016300466,0.07242224,1.6690395989371498,0.056121778,0.8645833333333333,True,True,128.0,0.07344479858875275,0.20035752654075623,1.7031450791817975,0.5859375,True
short,17,2018-01-02,2019-06-28,2018-01-02,2019-06-14,2019-07-01,2019-12-31,residual_momentum|resmom_9m_1m|h10,residual_momentum,resmom_9m_1m,10,"{""skip"": 21, ""window"": 189}",365,0.035914037,0.20445932,1.3528017342647987,0.589041095890411,0.03788408,0.033954762,0.7761404858652544,0.003929317,0.9229166666666666,True,True,128.0,-0.030531030148267746,0.26138460636138916,-0.5209803758572167,0.4609375,True
short,17,2018-01-02,2019-06-28,2018-01-02,2019-06-14,2019-07-01,2019-12-31,volatility_scaled_momentum|vsmom_9m_1m_vol60|h10,volatility_scaled_momentum,vsmom_9m_1m_vol60,10,"{""skip"": 21, ""volatility_window"": 60, ""window"": 189}",365,0.03856996,0.21067066,1.39687101656953,0.6109589041095891,0.035135075,0.04198608,0.8878359042755605,0.0068510063,0.8666666666666666,True,True,128.0,-0.039739154279232025,0.31965383887290955,-0.5453057531967228,0.453125,True
short,17,2018-01-02,2019-06-28,2018-01-02,2018-12-27,2019-07-01,2019-12-31,high_proximity|high_6m|h126,high_proximity,high_6m,126,"{""window"": 126}",249,0.06693375,0.11616852,1.7979534954847507,0.6586345381526104,0.014752829,0.11869721,2.922544177594648,0.10394438,0.8291666666666667,True,True,128.0,0.022165093570947647,0.10922475904226303,0.7487550438199931,0.65625,True
short,17,2018-01-02,2019-06-28,2018-01-02,2019-05-30,2019-07-01,2019-12-31,trend_slope|slope_200d|h21,trend_slope,slope_200d,21,"{""window"": 200}",354,0.036751866,0.19779536,1.0085505167233504,0.615819209039548,0.031397954,0.042105787,0.6756665753707194,0.010707833,0.8718750000000002,True,True,128.0,-0.05065981298685074,0.2763042747974396,-0.7141540487426122,0.4296875,True
short,17,2018-01-02,2019-06-28,2018-01-02,2019-03-29,2019-07-01,2019-12-31,risk_adjusted_trend|risk_trend_100d|h63,risk_adjusted_trend,risk_trend_100d,63,"{""window"": 100}",312,0.0436157,0.12607208,1.2563717284372449,0.6826923076923077,0.04293787,0.044293527,0.6967170382659209,0.0013556555,0.909375,True,True,128.0,-0.15388314425945282,0.19595623016357422,-2.6175056481458876,0.203125,True
short,17,2018-01-02,2019-06-28,2018-01-02,2019-06-21,2019-07-01,2019-12-31,liquidity_change|liq_5d_60d|h5,liquidity_change,liq_5d_60d,5,"{""long_window"": 60, ""short_window"": 5}",370,0.011139563,0.081832476,1.531311038851349,0.5864864864864865,0.011004586,0.011274539,0.9771586385121679,0.00026995316,0.9291666666666667,True,True,128.0,-0.002077441429719329,0.09126284718513489,-0.14641666342443216,0.4921875,True
short,17,2018-01-02,2019-06-28,2018-01-02,2019-06-14,2019-07-01,2019-12-31,price_volume_confirmation|pvc_9m_1m_liq20_126|h10,price_volume_confirmation,pvc_9m_1m_liq20_126,10,"{""confirmation_strength"": 0.25, ""liquidity_clip"": 2, ""long_window"": 126, ""short_window"": 20, ""skip"": 21, ""window"": 189}",365,0.035723988,0.20581938,1.331689743373783,0.6,0.03839724,0.03306535,0.7417410758593684,0.0053318925,0.9083333333333333,True,True,128.0,-0.028373312205076218,0.2810207009315491,-0.4486238329979624,0.4609375,True
short,18,2018-07-02,2019-12-31,2018-07-02,2018-12-31,2020-01-02,2020-06-30,momentum|18m-2m|h252,momentum,18m-2m,252,"{""skip"": 42, ""window"": 378}",126,0.060832955,0.03763142,18.94234662880489,0.9523809523809523,0.06338884,0.058277074,8.157220692658337,0.005111765,0.9466911764705883,True,True,125.0,-0.22228994965553284,0.24062061309814453,-2.232456050706235,0.288,True
short,18,2018-07-02,2019-12-31,2018-07-02,2018-12-31,2020-01-02,2020-06-30,low_volatility|252d|h252,low_volatility,252d,252,"{""window"": 252}",126,0.28847572,0.1522108,4.718630458855439,0.9603174603174603,0.40498152,0.17197005,2.941748659255872,0.23301147,0.8892857142857142,True,True,125.0,-0.49175238609313965,0.1558590829372406,-8.983742191334862,0.0,True
short,18,2018-07-02,2019-12-31,2018-07-02,2019-07-02,2020-01-02,2020-06-30,trend|SMA150|h126,trend,SMA150,126,"{""window"": 150}",252,0.068332784,0.12180584,2.8520510724045276,0.7103174603174603,0.053168524,0.083497055,1.602661768188926,0.03032853,0.9156250000000001,True,True,125.0,-0.02241390198469162,0.22219020128250122,-0.32293284432906244,0.448,True
short,18,2018-07-02,2019-12-31,2018-07-02,2019-11-29,2020-01-02,2020-06-30,short_term_reversal|reversal_10d|h21,short_term_reversal,reversal_10d,21,"{""window"": 10}",357,0.06725686,0.18432744,2.6584945193958838,0.6302521008403361,0.04683502,0.08756462,2.2561142207256317,0.040729597,0.8958333333333334,True,True,125.0,-0.04841642826795578,0.26671382784843445,-0.8054612181685722,0.368,True
short,18,2018-07-02,2019-12-31,2018-07-02,2019-07-02,2020-01-02,2020-06-30,residual_momentum|resmom_6m_1m|h126,residual_momentum,resmom_6m_1m,126,"{""skip"": 21, ""window"": 126}",252,0.103801735,0.108303525,3.8049752671168138,0.7896825396825397,0.05113317,0.15647027,5.763018832906203,0.1053371,0.9208333333333334,True,True,125.0,-0.04681818559765816,0.1963043510913849,-0.6059567365100246,0.528,True
short,18,2018-07-02,2019-12-31,2018-07-02,2019-07-02,2020-01-02,2020-06-30,volatility_scaled_momentum|vsmom_6m_1m_vol60|h126,volatility_scaled_momentum,vsmom_6m_1m_vol60,126,"{""skip"": 21, ""volatility_window"": 60, ""window"": 126}",252,0.10825017,0.11491018,5.414635236055627,0.7817460317460317,0.07431698,0.14218335,4.110442200479488,0.06786637,0.9208333333333334,True,True,125.0,-0.03735651448369026,0.20035818219184875,-0.472718170441197,0.552,True
short,18,2018-07-02,2019-12-31,2018-07-02,2019-07-02,2020-01-02,2020-06-30,high_proximity|high_18m|h126,high_proximity,high_18m,126,"{""window"": 378}",252,0.12882407,0.14291386,4.276641915923834,0.8015873015873016,0.12334794,0.13430019,2.0180928619744143,0.010952249,0.94375,True,True,125.0,-0.03221181780099869,0.24256746470928192,-0.3701074339350223,0.432,True
short,18,2018-07-02,2019-12-31,2018-07-02,2019-07-02,2020-01-02,2020-06-30,trend_slope|slope_100d|h126,trend_slope,slope_100d,126,"{""window"": 100}",252,0.06714687,0.113785036,3.004860841459654,0.753968253968254,0.046284813,0.08800894,1.7069553586971469,0.041724127,0.909375,True,True,125.0,-0.08810688555240631,0.1947484165430069,-1.3622354433569615,0.336,True
short,18,2018-07-02,2019-12-31,2018-07-02,2019-07-02,2020-01-02,2020-06-30,risk_adjusted_trend|risk_trend_100d|h126,risk_adjusted_trend,risk_trend_100d,126,"{""window"": 100}",252,0.093385845,0.1233796,4.065649822446922,0.7698412698412699,0.07886404,0.10790768,1.9718433347523623,0.029043645,0.928125,True,True,125.0,-0.06758435070514679,0.1861257404088974,-1.112234505577425,0.368,True
short,18,2018-07-02,2019-12-31,2018-07-02,2019-07-02,2020-01-02,2020-06-30,liquidity_change|liq_20d_252d|h126,liquidity_change,liq_20d_252d,126,"{""long_window"": 252, ""short_window"": 20}",252,0.047864854,0.07891444,2.359575428501341,0.6865079365079365,0.03659539,0.059134323,2.3192820057825356,0.022538934,0.9145833333333334,True,True,125.0,-0.01327389944344759,0.08615951240062714,-0.6483928371111873,0.528,True
short,18,2018-07-02,2019-12-31,2018-07-02,2019-07-02,2020-01-02,2020-06-30,price_volume_confirmation|pvc_6m_1m_liq5_60|h126,price_volume_confirmation,pvc_6m_1m_liq5_60,126,"{""confirmation_strength"": 0.25, ""liquidity_clip"": 2, ""long_window"": 60, ""short_window"": 5, ""skip"": 21, ""window"": 126}",252,0.10788129,0.1131907,3.7827410104945076,0.7896825396825397,0.05278556,0.16297704,5.736450663928655,0.11019148,0.9208333333333334,True,True,125.0,-0.04680095985531807,0.20826198160648346,-0.5676879235448868,0.528,True
short,19,2019-01-02,2020-06-30,2019-01-02,2019-07-01,2020-07-01,2020-12-31,momentum|24m-0m|h252,momentum,24m-0m,252,"{""skip"": 0, ""window"": 504}",125,0.29999855,0.04481497,29.357676946631624,1.0,0.28499752,0.3147615,25.580827662184777,0.029763967,0.9551470588235295,True,True,128.0,-0.27188193798065186,0.18989120423793793,-3.9734948356504525,0.1953125,True
short,19,2019-01-02,2020-06-30,2019-01-02,2019-07-01,2020-07-01,2020-12-31,low_volatility|60d|h252,low_volatility,60d,252,"{""window"": 60}",125,0.13642555,0.09566422,6.759145608913946,0.944,0.14120671,0.13172024,3.1695447694911567,0.009486467,0.9544642857142857,True,True,128.0,-0.4008134603500366,0.16268284618854523,-6.298006839244634,0.0,True
short,19,2019-01-02,2020-06-30,2019-01-02,2019-07-01,2020-07-01,2020-12-31,trend|SMA150|h252,trend,SMA150,252,"{""window"": 150}",125,0.17578535,0.08714189,9.743863944626037,0.976,0.17538193,0.17618239,16.44600583314788,0.0008004606,0.9770833333333333,True,True,128.0,-0.06286457180976868,0.17008468508720398,-0.8954333118095272,0.296875,True
short,19,2019-01-02,2020-06-30,2019-01-02,2019-12-30,2020-07-01,2020-12-31,short_term_reversal|reversal_21d|h126,short_term_reversal,reversal_21d,126,"{""window"": 21}",251,0.045326717,0.14604023,2.262570562167133,0.6254980079681275,0.034307726,0.056258257,3.343807184180004,0.021950532,0.9145833333333333,True,True,128.0,-0.006125997751951218,0.23392616212368011,-0.09529465276252057,0.5390625,True
short,19,2019-01-02,2020-06-30,2019-01-02,2019-07-01,2020-07-01,2020-12-31,residual_momentum|resmom_12m_1m|h252,residual_momentum,resmom_12m_1m,252,"{""skip"": 21, ""window"": 252}",125,0.19934358,0.09120617,7.46374922755877,0.984,0.14313966,0.25465542,9.381483938236077,0.11151576,0.8979166666666667,True,True,128.0,-0.21546079218387604,0.15521240234375,-4.190025106269391,0.1953125,True
short,19,2019-01-02,2020-06-30,2019-01-02,2019-07-01,2020-07-01,2020-12-31,volatility_scaled_momentum|vsmom_12m_1m_vol60|h252,volatility_scaled_momentum,vsmom_12m_1m_vol60,252,"{""skip"": 21, ""volatility_window"": 60, ""window"": 252}",125,0.21687591,0.094690435,9.357278303084552,0.992,0.17299722,0.26005805,7.321872351239797,0.087060824,0.9333333333333333,True,True,128.0,-0.2510374188423157,0.1627732366323471,-4.60783979190652,0.1640625,True
short,19,2019-01-02,2020-06-30,2019-01-02,2019-07-01,2020-07-01,2020-12-31,high_proximity|high_18m|h252,high_proximity,high_18m,252,"{""window"": 378}",125,0.21972275,0.09485631,10.932689094420986,1.0,0.22805737,0.21152043,5.930205702224119,0.016536936,0.9791666666666667,True,True,128.0,-0.275036096572876,0.18970800936222076,-4.124915311653151,0.1953125,True
short,19,2019-01-02,2020-06-30,2019-01-02,2019-07-01,2020-07-01,2020-12-31,trend_slope|slope_100d|h252,trend_slope,slope_100d,252,"{""window"": 100}",125,0.15592647,0.073742166,10.35415441963861,0.936,0.14821196,0.16351852,21.102059373971905,0.015306562,0.94375,True,True,128.0,0.02649715729057789,0.12927936017513275,1.5038328391976683,0.65625,True
short,19,2019-01-02,2020-06-30,2019-01-02,2019-07-01,2020-07-01,2020-12-31,risk_adjusted_trend|risk_trend_100d|h252,risk_adjusted_trend,risk_trend_100d,252,"{""window"": 100}",125,0.1684622,0.07383172,10.617871152637855,0.936,0.15758903,0.17916279,25.749083285507073,0.021573752,0.9500000000000001,True,True,128.0,-0.06922520697116852,0.11567646265029907,-2.5062991434799544,0.2578125,True
short,19,2019-01-02,2020-06-30,2019-01-02,2019-07-01,2020-07-01,2020-12-31,liquidity_change|liq_20d_252d|h252,liquidity_change,liq_20d_252d,252,"{""long_window"": 252, ""short_window"": 20}",125,0.109756075,0.055885665,9.881335589843088,0.96,0.10193593,0.11745208,7.937141958358659,0.015516147,0.9541666666666667,True,True,128.0,-0.010678165592253208,0.10134213417768478,-0.2875839195841425,0.3203125,True
short,19,2019-01-02,2020-06-30,2019-01-02,2019-07-01,2020-07-01,2020-12-31,price_volume_confirmation|pvc_12m_1m_liq20_252|h252,price_volume_confirmation,pvc_12m_1m_liq20_252,252,"{""confirmation_strength"": 0.25, ""liquidity_clip"": 2, ""long_window"": 252, ""short_window"": 20, ""skip"": 21, ""window"": 252}",125,0.22075465,0.09241403,8.771949290473533,0.992,0.16889329,0.27179283,8.520223075386067,0.10289954,0.9125000000000001,True,True,128.0,-0.2454206496477127,0.16698923707008362,-4.346466936525854,0.1875,True
short,20,2019-07-01,2020-12-31,2019-07-01,2020-01-02,2021-01-04,2021-06-30,momentum|24m-1m|h252,momentum,24m-1m,252,"{""skip"": 21, ""window"": 504}",129,0.29377225,0.035465207,81.75035711295062,1.0,0.28890386,0.2985658,52.77064564706866,0.009661943,0.9863970588235295,True,True,124.0,-0.20020829141139984,0.07084205746650696,-12.055002431635314,0.0,True
short,20,2019-07-01,2020-12-31,2019-07-01,2020-12-30,2021-01-04,2021-06-30,low_volatility|20d|h1,low_volatility,20d,1,"{""window"": 20}",380,0.013654475,0.3009725,0.8855482372025778,0.5263157894736842,0.02375076,0.0035581903,0.14429416546340945,0.02019257,0.9008928571428572,True,True,124.0,-0.020810863003134727,0.25348031520843506,-0.9179412966408923,0.4838709677419355,True
short,20,2019-07-01,2020-12-31,2019-07-01,2020-01-02,2021-01-04,2021-06-30,trend|SMA250|h252,trend,SMA250,252,"{""window"": 250}",129,0.20719288,0.029893814,57.22489036167377,1.0,0.20199105,0.2123147,61.53723617790777,0.010323644,0.9750000000000001,True,True,124.0,-0.07290178537368774,0.08920048177242279,-2.6414272301481905,0.24193548387096775,True
short,20,2019-07-01,2020-12-31,2019-07-01,2020-10-30,2021-01-04,2021-06-30,short_term_reversal|reversal_21d|h42,short_term_reversal,reversal_21d,42,"{""window"": 21}",339,0.046231132,0.19829181,1.4562254321548855,0.584070796460177,0.024566222,0.06776861,2.36158145862549,0.04320239,0.9166666666666666,True,True,124.0,0.10026761889457703,0.16423256695270538,2.9952694852213564,0.7258064516129032,True
short,20,2019-07-01,2020-12-31,2019-07-01,2020-01-02,2021-01-04,2021-06-30,residual_momentum|resmom_9m_1m|h252,residual_momentum,resmom_9m_1m,252,"{""skip"": 21, ""window"": 189}",129,0.24296206,0.044003025,29.96713121656957,1.0,0.22975911,0.25596187,20.583423704842,0.026202753,0.9500000000000001,True,True,124.0,-0.08373460173606873,0.10542058944702148,-2.4711942242664464,0.25806451612903225,True
short,20,2019-07-01,2020-12-31,2019-07-01,2020-01-02,2021-01-04,2021-06-30,volatility_scaled_momentum|vsmom_9m_1m_vol60|h252,volatility_scaled_momentum,vsmom_9m_1m_vol60,252,"{""skip"": 21, ""volatility_window"": 60, ""window"": 189}",129,0.18722017,0.045206234,41.51888518057718,1.0,0.18766323,0.18678391,16.129998365198173,0.0008793175,0.9645833333333333,True,True,124.0,-0.06080388277769089,0.06906279176473618,-4.693631756200317,0.1774193548387097,True
short,20,2019-07-01,2020-12-31,2019-07-01,2020-01-02,2021-01-04,2021-06-30,high_proximity|high_12m|h252,high_proximity,high_12m,252,"{""window"": 252}",129,0.11211046,0.03216939,29.158025012647393,1.0,0.11213632,0.11208499,19.055403529833608,5.132705e-05,0.9645833333333333,True,True,124.0,0.013057013042271137,0.07952060550451279,0.6560213948125047,0.5564516129032258,True
short,20,2019-07-01,2020-12-31,2019-07-01,2020-01-02,2021-01-04,2021-06-30,trend_slope|slope_200d|h252,trend_slope,slope_200d,252,"{""window"": 200}",129,0.23714012,0.039585415,48.82657608153,1.0,0.23685351,0.23742233,20.089585568873243,0.000568822,0.9765625000000001,True,True,124.0,-0.10163497924804688,0.07588329166173935,-4.696988435707962,0.0967741935483871,True
short,20,2019-07-01,2020-12-31,2019-07-01,2020-01-02,2021-01-04,2021-06-30,risk_adjusted_trend|risk_trend_200d|h252,risk_adjusted_trend,risk_trend_200d,252,"{""window"": 200}",129,0.18818307,0.047053933,33.63750006299945,1.0,0.18728802,0.18906437,15.079685016832777,0.0017763525,0.9796875,True,True,124.0,-0.08898874372243881,0.057103127241134644,-7.7586011330916715,0.04838709677419355,True
short,20,2019-07-01,2020-12-31,2019-07-01,2020-01-02,2021-01-04,2021-06-30,liquidity_change|liq_20d_252d|h252,liquidity_change,liq_20d_252d,252,"{""long_window"": 252, ""short_window"": 20}",129,0.08362967,0.051359,11.321781530261458,0.9457364341085271,0.08267487,0.084569775,6.996179036980195,0.0018949062,0.9916666666666667,True,True,124.0,0.005307817831635475,0.06822913885116577,0.35244047274732543,0.45161290322580644,True
short,20,2019-07-01,2020-12-31,2019-07-01,2020-01-02,2021-01-04,2021-06-30,price_volume_confirmation|pvc_9m_1m_liq20_126|h252,price_volume_confirmation,pvc_9m_1m_liq20_126,252,"{""confirmation_strength"": 0.25, ""liquidity_clip"": 2, ""long_window"": 126, ""short_window"": 20, ""skip"": 21, ""window"": 189}",129,0.23895492,0.045857143,34.45789696236261,1.0,0.230386,0.24739198,16.648014173322345,0.01700598,0.9562499999999999,True,True,124.0,-0.09531865268945694,0.09789611399173737,-3.047458025088219,0.18548387096774194,True
short,21,2020-01-02,2021-06-30,2020-01-02,2021-04-30,2021-07-01,2021-12-31,momentum|6m-0m|h42,momentum,6m-0m,42,"{""skip"": 0, ""window"": 126}",335,0.03325613,0.21676473,0.8484159642756468,0.6238805970149254,0.023293005,0.04315995,0.9120587132968083,0.019866945,0.8908088235294117,True,True,128.0,-0.12838594615459442,0.20939397811889648,-1.535879105402578,0.3125,True
short,21,2020-01-02,2021-06-30,2020-01-02,2021-04-30,2021-07-01,2021-12-31,trend|SMA150|h42,trend,SMA150,42,"{""window"": 150}",335,0.02981555,0.24910603,0.5929317289320847,0.5671641791044776,0.03517815,0.024484878,0.35858729734227995,0.010693273,0.9177083333333333,True,True,128.0,-0.10993936657905579,0.1740729957818985,-1.873543659673195,0.234375,True
short,21,2020-01-02,2021-06-30,2020-01-02,2021-06-23,2021-07-01,2021-12-31,short_term_reversal|reversal_21d|h5,short_term_reversal,reversal_21d,5,"{""window"": 21}",372,0.01769734,0.24035154,0.828979018727764,0.5188172043010753,0.0018727267,0.033521954,1.2600834591013346,0.03164923,0.7604166666666665,True,True,128.0,-0.028454486280679703,0.19121603667736053,-1.0504113197749585,0.46875,True
short,21,2020-01-02,2021-06-30,2020-01-02,2021-04-30,2021-07-01,2021-12-31,residual_momentum|resmom_6m_1m|h42,residual_momentum,resmom_6m_1m,42,"{""skip"": 21, ""window"": 126}",335,0.043092273,0.19028415,1.3403945212366473,0.6328358208955224,0.006188898,0.07977598,2.096714176153297,0.07358708,0.8791666666666668,True,True,128.0,-0.08503758907318115,0.21521350741386414,-1.0407628502222193,0.3671875,True
short,21,2020-01-02,2021-06-30,2020-01-02,2021-06-29,2021-07-01,2021-12-31,volatility_scaled_momentum|vsmom_9m_1m_vol60|h1,volatility_scaled_momentum,vsmom_9m_1m_vol60,1,"{""skip"": 21, ""volatility_window"": 60, ""window"": 189}",376,0.020829724,0.31034166,1.303213758710212,0.5558510638297872,0.041577287,8.2160564e-05,0.004051954783721448,0.041495126,0.9041666666666668,True,True,128.0,0.006011181510984898,0.20122721791267395,0.33929778252443715,0.53125,True
short,21,2020-01-02,2021-06-30,2020-01-02,2020-12-29,2021-07-01,2021-12-31,trend_slope|slope_50d|h126,trend_slope,slope_50d,126,"{""window"": 50}",251,0.02798287,0.21177174,1.1129744098211662,0.5139442231075697,0.026239818,0.029712096,0.6202151428462775,0.003472278,0.890625,True,True,128.0,-0.13879752159118652,0.16249960660934448,-3.8500825372697145,0.2421875,True
short,21,2020-01-02,2021-06-30,2020-01-02,2021-06-29,2021-07-01,2021-12-31,risk_adjusted_trend|risk_trend_200d|h1,risk_adjusted_trend,risk_trend_200d,1,"{""window"": 200}",376,0.019478498,0.31535843,1.1992871574624788,0.5398936170212766,0.03879533,0.00016166603,0.008308216260016247,0.038633663,0.9406249999999999,True,True,128.0,0.010672265663743019,0.20327015221118927,0.596336156835304,0.53125,True
short,21,2020-01-02,2021-06-30,2020-01-02,2020-12-29,2021-07-01,2021-12-31,liquidity_change|liq_20d_126d|h126,liquidity_change,liq_20d_126d,126,"{""long_window"": 126, ""short_window"": 20}",251,0.009979965,0.09915595,0.6571498066287627,0.4701195219123506,0.0021856925,0.017712377,0.6540391630180229,0.015526684,0.8666666666666667,True,True,128.0,-0.021576926112174988,0.06540598720312119,-2.4400274978105507,0.4609375,True
short,21,2020-01-02,2021-06-30,2020-01-02,2021-04-30,2021-07-01,2021-12-31,price_volume_confirmation|pvc_6m_1m_liq5_60|h42,price_volume_confirmation,pvc_6m_1m_liq5_60,42,"{""confirmation_strength"": 0.25, ""liquidity_clip"": 2, ""long_window"": 60, ""short_window"": 5, ""skip"": 21, ""window"": 126}",335,0.025747871,0.18593664,0.8919791307101023,0.6179104477611941,0.0053996514,0.04597497,1.2686039521565569,0.040575318,0.8875000000000001,True,True,128.0,-0.09222328662872314,0.21717818081378937,-1.1184379255952102,0.359375,True
short,22,2020-07-01,2021-12-31,2020-07-01,2020-12-31,2022-01-03,2022-06-30,momentum|3m-0m|h252,momentum,3m-0m,252,"{""skip"": 0, ""window"": 63}",128,0.057293065,0.1394971,2.2117941653464683,0.6328125,0.056306534,0.058279596,1.4366184717488288,0.0019730628,0.9091911764705882,True,True,124.0,0.018885156139731407,0.12576350569725037,0.3821120343078989,0.5,True
short,22,2020-07-01,2021-12-31,2020-07-01,2021-12-30,2022-01-03,2022-06-30,trend|SMA250|h1,trend,SMA250,1,"{""window"": 250}",379,0.008314449,0.2769328,0.5852647484743954,0.5303430079155673,0.010162203,0.006476424,0.3882637350625217,0.0036857785,0.8822916666666667,True,True,124.0,0.021158678457140923,0.31601783633232117,0.7485934928500707,0.5725806451612904,True
short,22,2020-07-01,2021-12-31,2020-07-01,2021-11-01,2022-01-03,2022-06-30,short_term_reversal|reversal_21d|h42,short_term_reversal,reversal_21d,42,"{""window"": 21}",338,0.053343084,0.18019669,1.5872351983923128,0.6242603550295858,0.011569995,0.09511617,2.282914066804425,0.08354618,0.8458333333333333,True,True,124.0,-0.03401115536689758,0.1565552055835724,-0.5810739500852086,0.45161290322580644,True
short,22,2020-07-01,2021-12-31,2020-07-01,2021-12-30,2022-01-03,2022-06-30,residual_momentum|resmom_9m_1m|h1,residual_momentum,resmom_9m_1m,1,"{""skip"": 21, ""window"": 189}",379,0.008740762,0.3037325,0.560985201439917,0.5145118733509235,0.014221959,0.0032884143,0.1648493561987169,0.0109335445,0.8166666666666668,True,True,124.0,0.013974257744848728,0.23413635790348053,0.6673121880068064,0.5080645161290323,True
short,22,2020-07-01,2021-12-31,2020-07-01,2021-12-30,2022-01-03,2022-06-30,volatility_scaled_momentum|vsmom_9m_1m_vol60|h1,volatility_scaled_momentum,vsmom_9m_1m_vol60,1,"{""skip"": 21, ""volatility_window"": 60, ""window"": 189}",379,0.009703284,0.27650696,0.6840785531156984,0.5303430079155673,0.009469007,0.009936324,0.6132196496559511,0.00046731718,0.8541666666666666,True,True,124.0,0.0160214863717556,0.24286127090454102,0.7375878087464526,0.5483870967741935,True
short,22,2020-07-01,2021-12-31,2020-07-01,2020-12-31,2022-01-03,2022-06-30,trend_slope|slope_50d|h252,trend_slope,slope_50d,252,"{""window"": 50}",128,0.023385093,0.15714009,0.9160961204933368,0.4765625,0.021059314,0.02571087,0.5755840827432027,0.004651556,0.8968750000000001,True,True,124.0,0.038362715393304825,0.11905472725629807,0.787231749167033,0.5887096774193549,True
short,22,2020-07-01,2021-12-31,2020-07-01,2021-12-30,2022-01-03,2022-06-30,risk_adjusted_trend|risk_trend_200d|h1,risk_adjusted_trend,risk_trend_200d,1,"{""window"": 200}",379,0.011206226,0.27689588,0.7889260007421645,0.5224274406332454,0.009528368,0.012875258,0.7860769285581001,0.0033468902,0.8890624999999999,True,True,124.0,0.010610463097691536,0.24996578693389893,0.4745946831212122,0.5403225806451613,True
short,22,2020-07-01,2021-12-31,2020-07-01,2021-12-30,2022-01-03,2022-06-30,price_volume_confirmation|pvc_9m_1m_liq20_126|h1,price_volume_confirmation,pvc_9m_1m_liq20_126,1,"{""confirmation_strength"": 0.25, ""liquidity_clip"": 2, ""long_window"": 126, ""short_window"": 20, ""skip"": 21, ""window"": 189}",379,0.007884786,0.3055229,0.5030828511180135,0.5118733509234829,0.011488484,0.0043000546,0.2243313961806376,0.0071884296,0.8312499999999999,True,True,124.0,0.014311361126601696,0.2428479790687561,0.6588940712635907,0.5161290322580645,True
short,23,2021-01-04,2022-06-30,2021-01-04,2021-06-30,2022-07-01,2022-12-30,momentum|3m-1m|h252,momentum,3m-1m,252,"{""skip"": 21, ""window"": 63}",124,0.051922932,0.08008585,3.576019584114606,0.6854838709677419,0.06641147,0.037434407,1.9349746540415,0.028977066,0.9580882352941177,True,True,127.0,-0.01884576305747032,0.08136355131864548,-1.3822866733258055,0.41732283464566927,True
short,23,2021-01-04,2022-06-30,2021-01-04,2021-06-30,2022-07-01,2022-12-30,low_volatility|40d|h252,low_volatility,40d,252,"{""window"": 40}",124,0.14165288,0.13033468,2.848975901170517,0.7903225806451613,0.04866392,0.23464184,65.38219111915984,0.1859779,0.9026785714285716,True,True,127.0,-0.15815730392932892,0.08328424394130707,-10.142246634159813,0.015748031496062992,True
short,23,2021-01-04,2022-06-30,2021-01-04,2021-06-30,2022-07-01,2022-12-30,trend|SMA50|h252,trend,SMA50,252,"{""window"": 50}",124,0.018300625,0.07912873,2.129706444679238,0.5887096774193549,0.015630003,0.020971239,1.507980690002977,0.0053412355,0.959375,True,True,127.0,-0.032087188214063644,0.09937243163585663,-2.669737506637552,0.4094488188976378,True
short,23,2021-01-04,2022-06-30,2021-01-04,2021-12-29,2022-07-01,2022-12-30,short_term_reversal|reversal_21d|h126,short_term_reversal,reversal_21d,126,"{""window"": 21}",250,0.08679198,0.17137718,4.361736708828506,0.708,0.09206834,0.08151562,2.743467357911623,0.010552719,0.9708333333333333,True,True,127.0,0.06933560967445374,0.1253805309534073,5.271250662542882,0.7322834645669292,True
short,23,2021-01-04,2022-06-30,2021-01-04,2022-06-29,2022-07-01,2022-12-30,residual_momentum|resmom_9m_1m|h1,residual_momentum,resmom_9m_1m,1,"{""skip"": 21, ""window"": 189}",375,0.009919404,0.26826757,0.716989613358825,0.5093333333333333,0.0053678895,0.014446707,0.9052989404286127,0.009078817,0.8875000000000001,True,True,127.0,0.010691936127841473,0.29132917523384094,0.415232150307589,0.5354330708661418,True
short,23,2021-01-04,2022-06-30,2021-01-04,2022-06-29,2022-07-01,2022-12-30,volatility_scaled_momentum|vsmom_9m_1m_vol60|h1,volatility_scaled_momentum,vsmom_9m_1m_vol60,1,"{""skip"": 21, ""volatility_window"": 60, ""window"": 189}",375,0.009920227,0.23276488,0.8264177777575025,0.5386666666666666,0.0006267597,0.01916426,1.1788657156494653,0.0185375,0.8916666666666667,True,True,127.0,0.011560242623090744,0.27795690298080444,0.47055234527257445,0.5433070866141733,True
short,23,2021-01-04,2022-06-30,2021-01-04,2021-06-30,2022-07-01,2022-12-30,high_proximity|high_6m|h252,high_proximity,high_6m,252,"{""window"": 126}",124,0.05083799,0.0844496,3.8164308709992145,0.7258064516129032,0.028160974,0.073515005,4.2112305397475795,0.04535403,0.9583333333333333,True,True,127.0,-0.09067647904157639,0.08021027594804764,-4.785468319213675,0.11811023622047244,True
short,23,2021-01-04,2022-06-30,2021-01-04,2021-06-30,2022-07-01,2022-12-30,trend_slope|slope_50d|h252,trend_slope,slope_50d,252,"{""window"": 50}",124,0.043289073,0.06105196,3.9810248828203227,0.7903225806451613,0.026776448,0.059801698,5.037358521578697,0.03302525,0.9437500000000001,True,True,127.0,-0.022857505828142166,0.09829486161470413,-1.1122726812070685,0.4409448818897638,True
short,23,2021-01-04,2022-06-30,2021-01-04,2021-06-30,2022-07-01,2022-12-30,risk_adjusted_trend|risk_trend_100d|h252,risk_adjusted_trend,risk_trend_100d,252,"{""window"": 100}",124,0.05801676,0.08149359,3.146693789952843,0.7661290322580645,0.036559097,0.07947441,2.292756977850423,0.042915314,0.9187500000000001,True,True,127.0,-0.04012622311711311,0.045361507683992386,-4.156888240234113,0.13385826771653545,True
short,23,2021-01-04,2022-06-30,2021-01-04,2021-06-30,2022-07-01,2022-12-30,liquidity_change|liq_5d_60d|h252,liquidity_change,liq_5d_60d,252,"{""long_window"": 60, ""short_window"": 5}",124,0.028310098,0.06356006,2.054024644482277,0.7016129032258065,0.0087178685,0.047902327,3.7721157443387177,0.03918446,0.925,True,True,127.0,-0.02521124668419361,0.0548071525990963,-4.592698877737164,0.2755905511811024,True
short,23,2021-01-04,2022-06-30,2021-01-04,2022-06-29,2022-07-01,2022-12-30,price_volume_confirmation|pvc_9m_1m_liq20_126|h1,price_volume_confirmation,pvc_9m_1m_liq20_126,1,"{""confirmation_strength"": 0.25, ""liquidity_clip"": 2, ""long_window"": 126, ""short_window"": 20, ""skip"": 21, ""window"": 189}",375,0.009557008,0.2637881,0.7025255428735072,0.5066666666666667,0.004420792,0.014665903,0.8927376623201254,0.010245111,0.8916666666666667,True,True,127.0,0.010821756906807423,0.29575657844543457,0.4139823684061079,0.5196850393700787,True
short,24,2021-07-01,2022-12-30,2021-07-01,2022-09-30,2023-01-03,2023-06-30,momentum|3m-1m|h63,momentum,3m-1m,63,"{""skip"": 21, ""window"": 63}",316,0.049862716,0.14162868,1.9093416115073245,0.6392405063291139,0.038522303,0.061203137,1.3637683173805426,0.022680834,0.9055147058823529,True,True,124.0,0.011855016462504864,0.17024213075637817,0.2181360026692492,0.5483870967741935,True
short,24,2021-07-01,2022-12-30,2021-07-01,2021-12-30,2023-01-03,2023-06-30,low_volatility|90d|h252,low_volatility,90d,252,"{""window"": 90}",127,0.23915192,0.03755149,65.66713954466944,1.0,0.23379304,0.24442711,75.97251191856319,0.01063408,0.9366071428571429,True,True,124.0,-0.10763280838727951,0.08689399063587189,-4.55943946662911,0.13709677419354838,True
short,24,2021-07-01,2022-12-30,2021-07-01,2022-09-30,2023-01-03,2023-06-30,trend|SMA250|h63,trend,SMA250,63,"{""window"": 250}",316,0.039574996,0.18160746,0.7735410975017145,0.6518987341772152,0.006592219,0.072557785,1.5017334869444914,0.06596556,0.8541666666666667,True,True,124.0,-0.007693479768931866,0.08908340334892273,-0.48249593040323574,0.5241935483870968,True
short,24,2021-07-01,2022-12-30,2021-07-01,2022-10-31,2023-01-03,2023-06-30,short_term_reversal|reversal_21d|h42,short_term_reversal,reversal_21d,42,"{""window"": 21}",337,0.043943167,0.17855434,1.1799583469064938,0.6409495548961425,0.043571964,0.04431218,1.213849183576904,0.0007402152,0.8937499999999999,True,True,124.0,0.046821363270282745,0.15144725143909454,1.2527116486905738,0.6451612903225806,True
short,24,2021-07-01,2022-12-30,2021-07-01,2022-09-30,2023-01-03,2023-06-30,residual_momentum|resmom_12m_1m|h63,residual_momentum,resmom_12m_1m,63,"{""skip"": 21, ""window"": 252}",316,0.0641906,0.14798032,1.4160245570935035,0.6424050632911392,0.027243195,0.101138,2.873142037510928,0.073894806,0.8875000000000001,True,True,124.0,0.011991632170975208,0.0974511206150055,0.36908282457521097,0.4435483870967742,True
short,24,2021-07-01,2022-12-30,2021-07-01,2022-09-30,2023-01-03,2023-06-30,volatility_scaled_momentum|vsmom_12m_1m_vol60|h63,volatility_scaled_momentum,vsmom_12m_1m_vol60,63,"{""skip"": 21, ""volatility_window"": 60, ""window"": 252}",316,0.07948056,0.13426411,2.0932342040207543,0.7310126582278481,0.03831651,0.120644614,3.985888279082094,0.0823281,0.8916666666666667,True,True,124.0,0.008947435766458511,0.1114170029759407,0.21246011046794694,0.43548387096774194,True
short,24,2021-07-01,2022-12-30,2021-07-01,2022-09-30,2023-01-03,2023-06-30,high_proximity|high_18m|h63,high_proximity,high_18m,63,"{""window"": 378}",316,0.046799336,0.17272341,1.02774791927674,0.5759493670886076,0.015045594,0.07855308,1.7234893112368688,0.06350748,0.6979166666666666,True,True,124.0,-0.04050477221608162,0.16182202100753784,-0.6752741713845108,0.4274193548387097,True
short,24,2021-07-01,2022-12-30,2021-07-01,2022-09-30,2023-01-03,2023-06-30,trend_slope|slope_100d|h63,trend_slope,slope_100d,63,"{""window"": 100}",316,0.04031546,0.15917565,1.007300941784485,0.6487341772151899,0.0072157094,0.07341523,1.465005425696188,0.06619952,0.8359375,True,True,124.0,0.01394614391028881,0.1042395606637001,0.4939329108293729,0.5241935483870968,True
short,24,2021-07-01,2022-12-30,2021-07-01,2022-09-30,2023-01-03,2023-06-30,risk_adjusted_trend|risk_trend_250d|h63,risk_adjusted_trend,risk_trend_250d,63,"{""window"": 250}",316,0.04530777,0.1466756,0.9638730030766013,0.6708860759493671,0.008891516,0.081724025,2.026013635010096,0.07283251,0.8375,True,True,124.0,0.026271618902683258,0.07867737114429474,1.1033999344963796,0.5725806451612904,True
short,24,2021-07-01,2022-12-30,2021-07-01,2022-09-30,2023-01-03,2023-06-30,liquidity_change|liq_20d_252d|h63,liquidity_change,liq_20d_252d,63,"{""long_window"": 252, ""short_window"": 20}",316,0.036772262,0.06934721,2.501383250299672,0.6487341772151899,0.016118316,0.057426207,3.305583547165936,0.04130789,0.8520833333333334,True,True,124.0,0.0015589873073622584,0.047015633434057236,0.19815254974975186,0.6048387096774194,True
short,24,2021-07-01,2022-12-30,2021-07-01,2022-09-30,2023-01-03,2023-06-30,price_volume_confirmation|pvc_12m_1m_liq20_252|h63,price_volume_confirmation,pvc_12m_1m_liq20_252,63,"{""confirmation_strength"": 0.25, ""liquidity_clip"": 2, ""long_window"": 252, ""short_window"": 20, ""skip"": 21, ""window"": 252}",316,0.05956156,0.15635595,1.1956209362374886,0.6455696202531646,0.005748097,0.113375,3.1606648095333525,0.1076269,0.8833333333333334,True,True,124.0,0.00342517695389688,0.11171465367078781,0.08162184135925399,0.4032258064516129,True
short,25,2022-01-03,2023-06-30,2022-01-03,2023-06-29,2023-07-03,2023-12-29,momentum|12m-1m|h1,momentum,12m-1m,1,"{""skip"": 21, ""window"": 252}",374,0.015706029,0.25178194,1.2079778460045283,0.5401069518716578,0.021924553,0.009487503,0.5126885418633295,0.01243705,0.8970588235294118,True,True,126.0,0.010394098237156868,0.21871574223041534,0.5355775554141216,0.5079365079365079,True
short,25,2022-01-03,2023-06-30,2022-01-03,2022-06-29,2023-07-03,2023-12-29,low_volatility|252d|h252,low_volatility,252d,252,"{""window"": 252}",123,0.07537306,0.11177397,1.9366480871448004,0.7967479674796748,0.14774998,0.0041634846,0.10711804581349435,0.14358649,0.9178571428571429,True,True,126.0,0.011926393024623394,0.07967198640108109,0.7756743958701202,0.4444444444444444,True
short,25,2022-01-03,2023-06-30,2022-01-03,2023-06-29,2023-07-03,2023-12-29,trend|SMA250|h1,trend,SMA250,1,"{""window"": 250}",374,0.009093221,0.27689144,0.635953594327061,0.5508021390374331,0.015266559,0.002919883,0.17638909127792984,0.012346676,0.8739583333333333,True,True,126.0,0.0038892696611583233,0.23232442140579224,0.18866385096093868,0.5396825396825397,True
short,25,2022-01-03,2023-06-30,2022-01-03,2023-05-01,2023-07-03,2023-12-29,short_term_reversal|reversal_10d|h42,short_term_reversal,reversal_10d,42,"{""window"": 10}",333,0.03677965,0.16437565,1.400316101935905,0.6216216216216216,0.021409748,0.052057512,1.7740966261598257,0.030647764,0.8750000000000001,True,True,126.0,0.008516838774085045,0.18145179748535156,0.18910050787373714,0.5396825396825397,True
short,25,2022-01-03,2023-06-30,2022-01-03,2023-06-29,2023-07-03,2023-12-29,residual_momentum|resmom_12m_1m|h1,residual_momentum,resmom_12m_1m,1,"{""skip"": 21, ""window"": 252}",374,0.016733859,0.24550748,1.3199227388950447,0.5454545454545454,0.02203721,0.011430505,0.6297423802002301,0.010606705,0.8604166666666667,True,True,126.0,0.00935057271271944,0.2195265144109726,0.4800280306012315,0.5317460317460317,True
short,25,2022-01-03,2023-06-30,2022-01-03,2023-06-29,2023-07-03,2023-12-29,volatility_scaled_momentum|vsmom_12m_1m_vol60|h1,volatility_scaled_momentum,vsmom_12m_1m_vol60,1,"{""skip"": 21, ""volatility_window"": 60, ""window"": 252}",374,0.017315134,0.25158662,1.3327710826764347,0.5427807486631016,0.02516777,0.009462503,0.5253353833613867,0.015705269,0.8166666666666668,True,True,126.0,0.01170087605714798,0.21122165024280548,0.6243029788132691,0.5158730158730159,True
short,25,2022-01-03,2023-06-30,2022-01-03,2023-06-29,2023-07-03,2023-12-29,high_proximity|high_12m|h1,high_proximity,high_12m,1,"{""window"": 252}",374,0.01232055,0.30650398,0.7784149641265238,0.5401069518716578,0.0235473,0.0010938006,0.05871581373191544,0.022453498,0.7979166666666667,True,True,126.0,-0.0003217125195078552,0.22080816328525543,-0.016419853186732742,0.5317460317460317,True
short,25,2022-01-03,2023-06-30,2022-01-03,2023-06-29,2023-07-03,2023-12-29,trend_slope|slope_200d|h1,trend_slope,slope_200d,1,"{""window"": 200}",374,0.010067067,0.2503556,0.7786868258025411,0.5187165775401069,0.011688472,0.008445658,0.5486356929631315,0.003242814,0.8140625000000001,True,True,126.0,0.00199309759773314,0.22506074607372284,0.0998030770291826,0.5,True
short,25,2022-01-03,2023-06-30,2022-01-03,2023-06-29,2023-07-03,2023-12-29,risk_adjusted_trend|risk_trend_200d|h1,risk_adjusted_trend,risk_trend_200d,1,"{""window"": 200}",374,0.010831777,0.24304865,0.8630256712965338,0.5401069518716578,0.011951367,0.009712188,0.6463881775212511,0.0022391798,0.8421875000000001,True,True,126.0,0.003445829963311553,0.2205614298582077,0.17606772855075306,0.5,True
short,25,2022-01-03,2023-06-30,2022-01-03,2022-06-29,2023-07-03,2023-12-29,liquidity_change|liq_5d_60d|h252,liquidity_change,liq_5d_60d,252,"{""long_window"": 60, ""short_window"": 5}",123,0.03765599,0.055345457,4.37878403128843,0.7886178861788617,0.047406785,0.028062468,1.5478898021530967,0.019344317,0.9291666666666667,True,True,126.0,-0.0075500900857150555,0.04719829931855202,-1.4887957039373982,0.4365079365079365,True
short,25,2022-01-03,2023-06-30,2022-01-03,2023-06-29,2023-07-03,2023-12-29,price_volume_confirmation|pvc_12m_1m_liq20_252|h1,price_volume_confirmation,pvc_12m_1m_liq20_252,1,"{""confirmation_strength"": 0.25, ""liquidity_clip"": 2, ""long_window"": 252, ""short_window"": 20, ""skip"": 21, ""window"": 252}",374,0.0154987415,0.2505938,1.1976869504199674,0.5401069518716578,0.021885658,0.009111827,0.49559686605461895,0.01277383,0.84375,True,True,126.0,0.010404315777122974,0.21871060132980347,0.5361165881493929,0.5317460317460317,True
short,26,2022-07-01,2023-12-29,2022-07-01,2023-11-29,2024-01-02,2024-06-28,momentum|12m-2m|h21,momentum,12m-2m,21,"{""skip"": 42, ""window"": 252}",356,0.024042156,0.21916234,0.5797523135808599,0.598314606741573,0.029293573,0.018790742,0.6278421703017872,0.01050283,0.850735294117647,True,True,124.0,0.05996605008840561,0.1799948662519455,1.1000073498043665,0.5967741935483871,True
short,26,2022-07-01,2023-12-29,2022-07-01,2023-09-29,2024-01-02,2024-06-28,short_term_reversal|reversal_21d|h63,short_term_reversal,reversal_21d,63,"{""window"": 21}",314,0.041861862,0.13935052,2.6579034384053934,0.5923566878980892,0.05963862,0.024085106,1.1290417093889262,0.035553515,0.9104166666666667,True,True,124.0,0.017071034759283066,0.08841849118471146,0.8771662965247186,0.5806451612903226,True
short,26,2022-07-01,2023-12-29,2022-07-01,2023-10-30,2024-01-02,2024-06-28,residual_momentum|resmom_12m_1m|h42,residual_momentum,resmom_12m_1m,42,"{""skip"": 21, ""window"": 252}",335,0.019851655,0.1994236,0.3708508552953917,0.582089552238806,0.008769304,0.030868044,0.9599083859213118,0.02209874,0.8333333333333334,True,True,124.0,0.05734596401453018,0.15680941939353943,1.1785214292542827,0.5241935483870968,True
short,26,2022-07-01,2023-12-29,2022-07-01,2023-12-28,2024-01-02,2024-06-28,volatility_scaled_momentum|vsmom_12m_1m_vol60|h1,volatility_scaled_momentum,vsmom_12m_1m_vol60,1,"{""skip"": 21, ""volatility_window"": 60, ""window"": 252}",376,0.013025971,0.24376793,1.0375420990762152,0.5319148936170213,0.0072370055,0.018814934,1.2466251739119076,0.011577928,0.8229166666666667,True,True,124.0,0.03531697019934654,0.21923908591270447,1.801086678840914,0.5564516129032258,True
short,26,2022-07-01,2023-12-29,2022-07-01,2023-12-28,2024-01-02,2024-06-28,trend_slope|slope_250d|h1,trend_slope,slope_250d,1,"{""window"": 250}",376,0.010033424,0.24943854,0.7810121252578154,0.526595744680851,0.005879526,0.014187321,0.9382969095695617,0.008307795,0.8109375,True,True,124.0,0.03615069389343262,0.21738216280937195,1.8593531429519803,0.5403225806451613,True
short,26,2022-07-01,2023-12-29,2022-07-01,2023-12-28,2024-01-02,2024-06-28,risk_adjusted_trend|risk_trend_250d|h1,risk_adjusted_trend,risk_trend_250d,1,"{""window"": 250}",376,0.010878065,0.2421918,0.8720962099275373,0.5372340425531915,0.0070347036,0.014721426,0.9843238541309984,0.0076867226,0.825,True,True,124.0,0.03664284199476242,0.2141939252614975,1.9127186652649282,0.5483870967741935,True
short,26,2022-07-01,2023-12-29,2022-07-01,2023-11-29,2024-01-02,2024-06-28,liquidity_change|liq_5d_60d|h21,liquidity_change,liq_5d_60d,21,"{""long_window"": 60, ""short_window"": 5}",356,0.0037028708,0.07355747,0.3359984464893313,0.5308988764044944,0.004326729,0.0030790146,0.1703224432742629,0.0012477145,0.9208333333333334,True,True,124.0,0.017617227509617805,0.0607345774769783,0.9614757448216799,0.6451612903225806,True
short,26,2022-07-01,2023-12-29,2022-07-01,2023-10-30,2024-01-02,2024-06-28,price_volume_confirmation|pvc_12m_1m_liq20_252|h42,price_volume_confirmation,pvc_12m_1m_liq20_252,42,"{""confirmation_strength"": 0.25, ""liquidity_clip"": 2, ""long_window"": 252, ""short_window"": 20, ""skip"": 21, ""window"": 252}",335,0.018486112,0.21156296,0.3202373726438941,0.564179104477612,0.008382974,0.028529111,0.687004699021893,0.020146137,0.8250000000000001,True,True,124.0,0.047778986394405365,0.1613575965166092,0.9367414666755146,0.46774193548387094,True
short,27,2023-01-03,2024-06-28,2023-01-03,2023-06-28,2024-07-01,2024-12-31,momentum|6m-0m|h252,momentum,6m-0m,252,"{""skip"": 0, ""window"": 126}",122,0.09960244,0.06886872,9.058726024204494,0.9262295081967213,0.10384629,0.09535858,3.6263433417952413,0.008487709,0.8941176470588235,True,True,128.0,0.1168404147028923,0.06014392897486687,6.361002241789632,0.96875,True
short,27,2023-01-03,2024-06-28,2023-01-03,2023-06-28,2024-07-01,2024-12-31,trend|SMA200|h252,trend,SMA200,252,"{""window"": 200}",122,0.11671498,0.083563164,8.103974073770734,0.9262295081967213,0.11376873,0.11966123,4.031728998211976,0.0058925003,0.9364583333333333,True,True,128.0,0.13570408523082733,0.05515051633119583,14.176804231783487,1.0,True
short,27,2023-01-03,2024-06-28,2023-01-03,2024-03-28,2024-07-01,2024-12-31,short_term_reversal|reversal_21d|h63,short_term_reversal,reversal_21d,63,"{""window"": 21}",311,0.04951462,0.13814683,2.855153469443001,0.6270096463022508,0.05478585,0.044277173,2.03260913574104,0.010508679,0.9583333333333334,True,True,128.0,-0.008853815495967865,0.1564367711544037,-0.17320629655264316,0.5546875,True
short,27,2023-01-03,2024-06-28,2023-01-03,2023-06-28,2024-07-01,2024-12-31,residual_momentum|resmom_9m_1m|h252,residual_momentum,resmom_9m_1m,252,"{""skip"": 21, ""window"": 189}",122,0.12623446,0.075824656,7.299136200806835,0.9508196721311475,0.10716455,0.14530435,9.71370966249871,0.038139805,0.86875,True,True,128.0,0.18566790223121643,0.0388186015188694,15.016055807281388,1.0,True
short,27,2023-01-03,2024-06-28,2023-01-03,2023-06-28,2024-07-01,2024-12-31,volatility_scaled_momentum|vsmom_9m_1m_vol60|h252,volatility_scaled_momentum,vsmom_9m_1m_vol60,252,"{""skip"": 21, ""volatility_window"": 60, ""window"": 189}",122,0.117380425,0.06873139,8.095475458520442,0.9508196721311475,0.10146762,0.13329323,9.979741779685252,0.03182561,0.8916666666666667,True,True,128.0,0.1625654399394989,0.05975129082798958,6.941790937676712,1.0,True
short,27,2023-01-03,2024-06-28,2023-01-03,2023-06-28,2024-07-01,2024-12-31,high_proximity|high_12m|h252,high_proximity,high_12m,252,"{""window"": 252}",122,0.085023195,0.09819136,5.204909779959607,0.7868852459016393,0.0815402,0.0885062,2.4432155593573137,0.0069660023,0.9416666666666668,True,True,128.0,0.09326715767383575,0.0736609399318695,9.232651665743335,0.890625,True
short,27,2023-01-03,2024-06-28,2023-01-03,2023-06-28,2024-07-01,2024-12-31,trend_slope|slope_200d|h252,trend_slope,slope_200d,252,"{""window"": 200}",122,0.12087506,0.060607597,7.314216318670342,0.9344262295081968,0.09669353,0.14505662,21.03480374151484,0.04836309,0.9046874999999999,True,True,128.0,0.17054469883441925,0.053949907422065735,8.966607295912063,1.0,True
short,27,2023-01-03,2024-06-28,2023-01-03,2023-06-28,2024-07-01,2024-12-31,risk_adjusted_trend|risk_trend_200d|h252,risk_adjusted_trend,risk_trend_200d,252,"{""window"": 200}",122,0.124012165,0.053235143,11.535544464294794,0.9508196721311475,0.11374935,0.13427499,17.46746905556057,0.020525642,0.9375,True,True,128.0,0.16614043712615967,0.06107106804847717,6.6262953196664585,1.0,True
short,27,2023-01-03,2024-06-28,2023-01-03,2023-06-28,2024-07-01,2024-12-31,liquidity_change|liq_20d_252d|h252,liquidity_change,liq_20d_252d,252,"{""long_window"": 252, ""short_window"": 20}",122,0.076964006,0.08862205,2.681278391246792,0.8114754098360656,0.02665341,0.12727459,9.121293540175436,0.10062118,0.8979166666666667,True,True,128.0,0.020328132435679436,0.04819810390472412,1.5546095462917098,0.6796875,True
short,27,2023-01-03,2024-06-28,2023-01-03,2023-06-28,2024-07-01,2024-12-31,price_volume_confirmation|pvc_9m_1m_liq20_126|h252,price_volume_confirmation,pvc_9m_1m_liq20_126,252,"{""confirmation_strength"": 0.25, ""liquidity_clip"": 2, ""long_window"": 126, ""short_window"": 20, ""skip"": 21, ""window"": 189}",122,0.114868134,0.077750586,5.957028781009597,0.9262295081967213,0.08965747,0.1400788,10.378701493735777,0.050421327,0.8729166666666667,True,True,128.0,0.1744702309370041,0.0435684397816658,12.7049836028682,1.0,True
short,28,2023-07-03,2024-12-31,2023-07-03,2023-12-29,2025-01-02,2025-06-30,momentum|12m-0m|h252,momentum,12m-0m,252,"{""skip"": 0, ""window"": 252}",126,0.16378608,0.04799554,16.86370352072244,1.0,0.15923457,0.16833758,7.856911208299526,0.009103015,0.9455882352941176,True,True,122.0,-0.01514440681785345,0.09754831343889236,-0.4244082092460595,0.48360655737704916,True
short,28,2023-07-03,2024-12-31,2023-07-03,2024-11-29,2025-01-02,2025-06-30,low_volatility|40d|h21,low_volatility,40d,21,"{""window"": 40}",357,0.022072572,0.18039477,0.6530020689478542,0.5910364145658263,0.00667935,0.0373798,0.9651133059702705,0.03070045,0.8232142857142858,True,True,122.0,-0.08740779012441635,0.33962103724479675,-0.7253533972090425,0.47540983606557374,True
short,28,2023-07-03,2024-12-31,2023-07-03,2023-12-29,2025-01-02,2025-06-30,trend|SMA250|h252,trend,SMA250,252,"{""window"": 250}",126,0.17275392,0.06962338,12.021742107759122,1.0,0.16879961,0.1767082,4.792857439140736,0.007908598,0.959375,True,True,122.0,-0.061403099447488785,0.10252054780721664,-2.423477725714506,0.27049180327868855,True
short,28,2023-07-03,2024-12-31,2023-07-03,2024-10-01,2025-01-02,2025-06-30,short_term_reversal|reversal_21d|h63,short_term_reversal,reversal_21d,63,"{""window"": 21}",315,0.029999584,0.12033332,1.8466289674626934,0.6158730158730159,0.040959086,0.019109447,0.8362186779844707,0.02184964,0.9333333333333333,True,True,122.0,0.06632411479949951,0.23606367409229279,0.85787160682352,0.6147540983606558,True
short,28,2023-07-03,2024-12-31,2023-07-03,2023-12-29,2025-01-02,2025-06-30,residual_momentum|resmom_6m_1m|h252,residual_momentum,resmom_6m_1m,252,"{""skip"": 21, ""window"": 126}",126,0.17064875,0.042284664,15.746787587079229,1.0,0.14780554,0.19349197,18.45460541767133,0.045686424,0.925,True,True,122.0,-0.03805697336792946,0.11130363494157791,-1.165260327097571,0.319672131147541,True
short,28,2023-07-03,2024-12-31,2023-07-03,2023-12-29,2025-01-02,2025-06-30,volatility_scaled_momentum|vsmom_6m_1m_vol60|h252,volatility_scaled_momentum,vsmom_6m_1m_vol60,252,"{""skip"": 21, ""volatility_window"": 60, ""window"": 126}",126,0.17273422,0.03536381,24.820267766761425,1.0,0.16017729,0.18529111,20.3865739892795,0.025113821,0.9416666666666668,True,True,122.0,-0.03158816322684288,0.08841855823993683,-1.3160924625385617,0.22950819672131148,True
short,28,2023-07-03,2024-12-31,2023-07-03,2023-12-29,2025-01-02,2025-06-30,high_proximity|high_18m|h252,high_proximity,high_18m,252,"{""window"": 378}",126,0.15713689,0.07026542,11.339732141174723,0.9920634920634921,0.17866959,0.13560413,4.0191238494920105,0.04306546,0.9291666666666667,True,True,122.0,-0.11817598342895508,0.11769797652959824,-3.3122336095233194,0.13114754098360656,True
short,28,2023-07-03,2024-12-31,2023-07-03,2023-12-29,2025-01-02,2025-06-30,trend_slope|slope_250d|h252,trend_slope,slope_250d,252,"{""window"": 250}",126,0.16427742,0.045434456,14.76659696383757,1.0,0.15069772,0.17785716,8.433826396526355,0.027159438,0.9281250000000001,True,True,122.0,-0.031830910593271255,0.07950287312269211,-0.9987191998566117,0.3770491803278688,True
short,28,2023-07-03,2024-12-31,2023-07-03,2023-12-29,2025-01-02,2025-06-30,risk_adjusted_trend|risk_trend_250d|h252,risk_adjusted_trend,risk_trend_250d,252,"{""window"": 250}",126,0.17138772,0.04685592,13.418878535486582,1.0,0.15523234,0.18754311,7.979937817525347,0.03231077,0.9234375000000001,True,True,122.0,-0.0425044521689415,0.07642208784818649,-1.364400106505976,0.29508196721311475,True
short,28,2023-07-03,2024-12-31,2023-07-03,2023-12-29,2025-01-02,2025-06-30,liquidity_change|liq_20d_252d|h252,liquidity_change,liq_20d_252d,252,"{""long_window"": 252, ""short_window"": 20}",126,0.046826784,0.032998778,10.265117698845069,0.9206349206349206,0.047823593,0.04582997,11.6688615632468,0.0019936226,0.9916666666666667,True,True,122.0,-0.02334352396428585,0.057213637977838516,-1.602199404355962,0.3770491803278688,True
short,28,2023-07-03,2024-12-31,2023-07-03,2023-12-29,2025-01-02,2025-06-30,price_volume_confirmation|pvc_6m_1m_liq5_60|h252,price_volume_confirmation,pvc_6m_1m_liq5_60,252,"{""confirmation_strength"": 0.25, ""liquidity_clip"": 2, ""long_window"": 60, ""short_window"": 5, ""skip"": 21, ""window"": 126}",126,0.17144263,0.038886055,22.02956357181146,1.0,0.15483132,0.18805386,27.46046093965082,0.03322254,0.9333333333333335,True,True,122.0,-0.04739821329712868,0.1137080118060112,-1.3644699601213415,0.2540983606557377,True
short,29,2024-01-02,2025-06-30,2024-01-02,2024-06-26,2025-07-01,2025-12-31,momentum|12m-0m|h252,momentum,12m-0m,252,"{""skip"": 0, ""window"": 252}",122,0.1334138,0.07814678,8.487180125045732,0.9836065573770492,0.12913077,0.13769683,5.577284115519789,0.008566067,0.91875,True,True,33.0,-0.032597772777080536,0.030112098902463913,-4.3720484815094425,0.15151515151515152,True
short,29,2024-01-02,2025-06-30,2024-01-02,2024-06-26,2025-07-01,2025-12-31,low_volatility|20d|h252,low_volatility,20d,252,"{""window"": 20}",122,0.17030391,0.05910713,12.345193881875264,1.0,0.14526081,0.19534695,9.66401400995223,0.05008614,0.8955357142857143,True,True,33.0,-0.09596814960241318,0.02652396447956562,-13.571499976794907,0.0,True
short,29,2024-01-02,2025-06-30,2024-01-02,2024-06-26,2025-07-01,2025-12-31,trend|SMA250|h252,trend,SMA250,252,"{""window"": 250}",122,0.11775263,0.09834034,5.449472364196708,0.8442622950819673,0.12982763,0.10567762,3.3317856756892614,0.024150014,0.9041666666666667,True,True,33.0,0.044997651129961014,0.028980208560824394,7.156258247029532,0.9393939393939394,True
short,29,2024-01-02,2025-06-30,2024-01-02,2025-03-28,2025-07-01,2025-12-31,short_term_reversal|reversal_21d|h63,short_term_reversal,reversal_21d,63,"{""window"": 21}",311,0.029015213,0.13835178,0.8866565013555157,0.6302250803858521,0.034748275,0.023318915,0.3715243500112666,0.01142936,0.9104166666666667,True,True,128.0,-0.043871551752090454,0.083994060754776,-1.8800825764286395,0.2421875,True
short,29,2024-01-02,2025-06-30,2024-01-02,2024-12-24,2025-07-01,2025-12-31,residual_momentum|resmom_12m_1m|h126,residual_momentum,resmom_12m_1m,126,"{""skip"": 21, ""window"": 252}",248,0.116487496,0.08808022,10.971494283762441,0.9193548387096774,0.11480593,0.11816908,8.360176594962995,0.0033631474,0.9125000000000001,True,True,128.0,0.04699838533997536,0.07586713135242462,1.4958847490387077,0.703125,True
short,29,2024-01-02,2025-06-30,2024-01-02,2024-06-26,2025-07-01,2025-12-31,volatility_scaled_momentum|vsmom_12m_1m_vol60|h252,volatility_scaled_momentum,vsmom_12m_1m_vol60,252,"{""skip"": 21, ""volatility_window"": 60, ""window"": 252}",122,0.15855087,0.061595824,12.55849700683824,1.0,0.15625891,0.16084288,8.229519100846348,0.0045839697,0.9270833333333334,True,True,33.0,-0.05779337137937546,0.03519771993160248,-5.811639955968186,0.12121212121212122,True
short,29,2024-01-02,2025-06-30,2024-01-02,2024-06-26,2025-07-01,2025-12-31,high_proximity|high_18m|h252,high_proximity,high_18m,252,"{""window"": 378}",122,0.1528602,0.07307543,9.335120279564146,0.9918032786885246,0.12087593,0.18484442,12.18248836542554,0.06396849,0.9000000000000001,True,True,33.0,-0.034310806542634964,0.038140300661325455,-3.546579035883088,0.15151515151515152,True
short,29,2024-01-02,2025-06-30,2024-01-02,2024-12-24,2025-07-01,2025-12-31,trend_slope|slope_250d|h126,trend_slope,slope_250d,126,"{""window"": 250}",248,0.112088,0.08462912,11.229429385562147,0.9193548387096774,0.104635775,0.11954023,11.34536928231517,0.014904454,0.9109375000000002,True,True,128.0,0.04627590253949165,0.08112017810344696,1.3995948204505344,0.703125,True
short,29,2024-01-02,2025-06-30,2024-01-02,2024-06-26,2025-07-01,2025-12-31,risk_adjusted_trend|risk_trend_250d|h252,risk_adjusted_trend,risk_trend_250d,252,"{""window"": 250}",122,0.17722365,0.06597587,12.504531470509741,1.0,0.18402798,0.1704193,8.703553357515053,0.013608679,0.9140625,True,True,33.0,-0.06387682259082794,0.019816773012280464,-26.26441490518411,0.0,True
short,29,2024-01-02,2025-06-30,2024-01-02,2024-12-24,2025-07-01,2025-12-31,liquidity_change|liq_20d_252d|h126,liquidity_change,liq_20d_252d,126,"{""long_window"": 252, ""short_window"": 20}",248,0.04609864,0.04286917,10.161639490223763,0.8306451612903226,0.038140114,0.054057166,5.644265064445141,0.015917052,0.8979166666666667,True,True,128.0,-0.0033469137270003557,0.046257246285676956,-0.38299453841223985,0.484375,True
short,29,2024-01-02,2025-06-30,2024-01-02,2024-06-26,2025-07-01,2025-12-31,price_volume_confirmation|pvc_12m_1m_liq20_252|h252,price_volume_confirmation,pvc_12m_1m_liq20_252,252,"{""confirmation_strength"": 0.25, ""liquidity_clip"": 2, ""long_window"": 252, ""short_window"": 20, ""skip"": 21, ""window"": 252}",122,0.129127,0.07090669,8.191675771770125,0.9918032786885246,0.13894403,0.11930996,5.4093182903569,0.019634068,0.8833333333333333,True,True,33.0,-0.05303417146205902,0.042876191437244415,-3.561943636524436,0.21212121212121213,True
short,30,2024-07-01,2025-12-31,2024-07-01,2024-12-27,2026-01-02,2026-06-30,momentum|18m-0m|h252,momentum,18m-0m,252,"{""skip"": 0, ""window"": 378}",126,0.20534156,0.054706227,18.41632776707706,1.0,0.2111863,0.1994968,7.621996820872233,0.011689499,0.9415441176470588,True,True,0.0,,,,,False
short,30,2024-07-01,2025-12-31,2024-07-01,2024-12-27,2026-01-02,2026-06-30,trend|SMA200|h252,trend,SMA200,252,"{""window"": 200}",126,0.13626835,0.05539606,14.411474826766137,1.0,0.13532737,0.13720927,6.129134659796514,0.0018818974,0.9666666666666668,True,True,0.0,,,,,False
short,30,2024-07-01,2025-12-31,2024-07-01,2025-12-23,2026-01-02,2026-06-30,short_term_reversal|reversal_10d|h5,short_term_reversal,reversal_10d,5,"{""window"": 10}",373,0.0210762,0.18295068,1.3113944741531554,0.5335120643431636,0.03003286,0.012167436,0.5840043987768121,0.017865423,0.8854166666666667,True,True,123.0,-0.010750669986009598,0.1744348704814911,-0.4261627332356177,0.43902439024390244,True
short,30,2024-07-01,2025-12-31,2024-07-01,2024-12-27,2026-01-02,2026-06-30,residual_momentum|resmom_12m_1m|h252,residual_momentum,resmom_12m_1m,252,"{""skip"": 21, ""window"": 252}",126,0.20875837,0.0397273,20.155731544710683,1.0,0.23151812,0.18599868,32.1170000466115,0.04551944,0.9145833333333334,True,True,0.0,,,,,False
short,30,2024-07-01,2025-12-31,2024-07-01,2024-12-27,2026-01-02,2026-06-30,volatility_scaled_momentum|vsmom_12m_1m_vol60|h252,volatility_scaled_momentum,vsmom_12m_1m_vol60,252,"{""skip"": 21, ""volatility_window"": 60, ""window"": 252}",126,0.16856612,0.060184814,7.233780516460843,1.0,0.2197756,0.11735665,37.731692993945444,0.10241895,0.9062500000000001,True,True,0.0,,,,,False
short,30,2024-07-01,2025-12-31,2024-07-01,2024-12-27,2026-01-02,2026-06-30,high_proximity|high_18m|h252,high_proximity,high_18m,252,"{""window"": 378}",126,0.11529321,0.06735258,10.106178570523518,0.9523809523809523,0.115886785,0.11469965,4.741668048379651,0.0011871383,0.9875,True,True,0.0,,,,,False
short,30,2024-07-01,2025-12-31,2024-07-01,2024-12-27,2026-01-02,2026-06-30,trend_slope|slope_250d|h252,trend_slope,slope_250d,252,"{""window"": 250}",126,0.20712943,0.04295078,15.496873419340089,1.0,0.22974905,0.18450984,10.250957629114277,0.04523921,0.9234375000000001,True,True,0.0,,,,,False
short,30,2024-07-01,2025-12-31,2024-07-01,2024-12-27,2026-01-02,2026-06-30,risk_adjusted_trend|risk_trend_250d|h252,risk_adjusted_trend,risk_trend_250d,252,"{""window"": 250}",126,0.20060721,0.05040117,10.153294161344864,1.0,0.23900229,0.16221213,10.163622824791897,0.076790154,0.9234375000000001,True,True,0.0,,,,,False
short,30,2024-07-01,2025-12-31,2024-07-01,2025-07-02,2026-01-02,2026-06-30,liquidity_change|liq_20d_126d|h126,liquidity_change,liq_20d_126d,126,"{""long_window"": 126, ""short_window"": 20}",252,0.02846018,0.048467502,2.159363082621749,0.7658730158730159,0.044500306,0.01242006,0.8670102572433742,0.032080248,0.9083333333333334,True,True,31.0,0.08718353509902954,0.0397002249956131,10.719217017236346,1.0,True
short,30,2024-07-01,2025-12-31,2024-07-01,2024-12-27,2026-01-02,2026-06-30,price_volume_confirmation|pvc_12m_1m_liq20_252|h252,price_volume_confirmation,pvc_12m_1m_liq20_252,252,"{""confirmation_strength"": 0.25, ""liquidity_clip"": 2, ""long_window"": 252, ""short_window"": 20, ""skip"": 21, ""window"": 252}",126,0.20111538,0.04662223,13.72764148439377,1.0,0.23240043,0.16983034,22.197949932642906,0.062570095,0.9145833333333334,True,True,0.0,,,,,False
long,1,2010-01-04,2013-12-31,2010-01-04,2013-12-23,2014-01-02,2014-12-31,momentum|12m-1m|h5,momentum,12m-1m,5,"{""skip"": 21, ""window"": 252}",1001,0.01892653,0.18726464,1.7473893951835433,0.5614385614385614,0.016548783,0.02129953,1.3729594451220457,0.0047507472,0.8952205882352943,True,True,252.0,0.0015728870639577508,0.1732613444328308,0.08266155251942449,0.5317460317460317,True
long,1,2010-01-04,2013-12-31,2010-01-04,2013-12-30,2014-01-02,2014-12-31,low_volatility|60d|h1,low_volatility,60d,1,"{""window"": 60}",1005,0.0105219595,0.2848506,1.1715982313844986,0.5044776119402985,0.016839841,0.0042166407,0.3961463379456365,0.0126232,0.8973214285714286,True,True,252.0,0.009411664679646492,0.2033921182155609,0.7360307912034919,0.5,True
long,1,2010-01-04,2013-12-31,2010-01-04,2013-12-30,2014-01-02,2014-12-31,trend|SMA250|h1,trend,SMA250,1,"{""window"": 250}",1005,0.005513846,0.20031543,0.8730506026901963,0.5263681592039801,0.0063994904,0.0046299617,0.5922276788444627,0.0017695287,0.9604166666666668,True,True,252.0,-0.0031122518703341484,0.16779987514019012,-0.2950168513600172,0.5,True
long,1,2010-01-04,2013-12-31,2010-01-04,2013-07-02,2014-01-02,2014-12-31,short_term_reversal|reversal_10d|h126,short_term_reversal,reversal_10d,126,"{""window"": 10}",880,0.022383023,0.14673275,1.8530481655008022,0.5647727272727273,0.029645568,0.015120474,1.2086158717701712,0.014525094,0.8395833333333333,True,True,252.0,0.005944333504885435,0.10793571174144745,0.20682147834009598,0.4801587301587302,True
long,1,2010-01-04,2013-12-31,2010-01-04,2013-12-23,2014-01-02,2014-12-31,residual_momentum|resmom_12m_1m|h5,residual_momentum,resmom_12m_1m,5,"{""skip"": 21, ""window"": 252}",1001,0.018208023,0.18502131,1.7084481428403588,0.5674325674325674,0.014935814,0.021473704,1.4812698228238148,0.00653789,0.8458333333333334,True,True,252.0,0.0004697271797340363,0.17394965887069702,0.024553671750025444,0.5277777777777778,True
long,1,2010-01-04,2013-12-31,2010-01-04,2013-12-23,2014-01-02,2014-12-31,volatility_scaled_momentum|vsmom_12m_1m_vol60|h5,volatility_scaled_momentum,vsmom_12m_1m_vol60,5,"{""skip"": 21, ""volatility_window"": 60, ""window"": 252}",1001,0.019087471,0.1772339,1.8159180697295942,0.5664335664335665,0.023931691,0.014252918,0.846078061629287,0.009678774,0.8166666666666668,True,True,252.0,0.0032494154293090105,0.160411536693573,0.18194017837385557,0.5357142857142857,True
long,1,2010-01-04,2013-12-31,2010-01-04,2013-12-30,2014-01-02,2014-12-31,high_proximity|high_18m|h1,high_proximity,high_18m,1,"{""window"": 378}",1005,0.008280022,0.2192841,1.1976324824956648,0.5044776119402985,0.011480697,0.0050857123,0.5807658249702927,0.006394985,0.8645833333333334,True,True,252.0,-0.004764813929796219,0.16093535721302032,-0.47093200214739184,0.46825396825396826,True
long,1,2010-01-04,2013-12-31,2010-01-04,2013-12-30,2014-01-02,2014-12-31,trend_slope|slope_250d|h1,trend_slope,slope_250d,1,"{""window"": 250}",1005,0.00864824,0.19403955,1.4136332373498244,0.5144278606965174,0.0053646406,0.011925315,1.504706013330231,0.006560674,0.8515625,True,True,252.0,0.0036275426391512156,0.17093388736248016,0.3375578097357081,0.5158730158730159,True
long,1,2010-01-04,2013-12-31,2010-01-04,2013-12-30,2014-01-02,2014-12-31,risk_adjusted_trend|risk_trend_250d|h1,risk_adjusted_trend,risk_trend_250d,1,"{""window"": 250}",1005,0.010365278,0.17794763,1.8475147109637895,0.5164179104477612,0.0094905365,0.011238279,1.391113310533817,0.0017477423,0.878125,True,True,252.0,0.004979934077709913,0.15832073986530304,0.5003218197134284,0.5436507936507936,True
long,1,2010-01-04,2013-12-31,2010-01-04,2013-12-23,2014-01-02,2014-12-31,price_volume_confirmation|pvc_12m_1m_liq20_252|h5,price_volume_confirmation,pvc_12m_1m_liq20_252,5,"{""confirmation_strength"": 0.25, ""liquidity_clip"": 2, ""long_window"": 252, ""short_window"": 20, ""skip"": 21, ""window"": 252}",1001,0.01890946,0.18764423,1.7430772634169744,0.5654345654345654,0.016600693,0.021213619,1.3655731052578612,0.0046129264,0.8458333333333334,True,True,252.0,0.001849107793532312,0.1749274730682373,0.09593498320905185,0.5317460317460317,True
long,2,2011-01-03,2014-12-31,2011-01-03,2014-12-23,2015-01-02,2015-12-31,momentum|12m-2m|h5,momentum,12m-2m,5,"{""skip"": 42, ""window"": 252}",1001,0.017651064,0.18474282,1.647263920034589,0.5654345654345654,0.018222513,0.017080754,1.4541604508178763,0.0011417586,0.9610294117647059,True,True,252.0,0.0668698400259018,0.2173190712928772,2.6424980909289424,0.6587301587301587,True
long,2,2011-01-03,2014-12-31,2011-01-03,2014-12-30,2015-01-02,2015-12-31,low_volatility|60d|h1,low_volatility,60d,1,"{""window"": 60}",1005,0.0126399435,0.26186353,1.5309792144259098,0.5164179104477612,0.018944053,0.0063483655,0.7438047327906557,0.012595687,0.9142857142857144,True,True,252.0,0.024684399366378784,0.18712671101093292,2.098217219090759,0.5634920634920635,True
long,2,2011-01-03,2014-12-31,2011-01-03,2014-12-30,2015-01-02,2015-12-31,trend|SMA250|h1,trend,SMA250,1,"{""window"": 250}",1005,0.0053687077,0.20179383,0.8438420503038139,0.5213930348258706,0.0073264246,0.003414885,0.4615099261241157,0.00391154,0.9354166666666668,True,True,252.0,0.026276439428329468,0.22863022983074188,1.828085440784885,0.5873015873015873,True
long,2,2011-01-03,2014-12-31,2011-01-03,2014-07-02,2015-01-02,2015-12-31,short_term_reversal|reversal_10d|h126,short_term_reversal,reversal_10d,126,"{""window"": 10}",880,0.020039402,0.13194248,1.4819828775400448,0.5636363636363636,0.020335544,0.019743258,1.1647818494395528,0.00059228577,0.8979166666666667,True,True,252.0,-0.045052167028188705,0.16577374935150146,-1.5664884267535681,0.44841269841269843,True
long,2,2011-01-03,2014-12-31,2011-01-03,2014-12-23,2015-01-02,2015-12-31,residual_momentum|resmom_12m_1m|h5,residual_momentum,resmom_12m_1m,5,"{""skip"": 21, ""window"": 252}",1001,0.015858326,0.17940764,1.53760992819767,0.5624375624375625,0.01776088,0.01395957,1.1558633567770287,0.0038013104,0.8895833333333333,True,True,252.0,0.0635257288813591,0.22673918306827545,2.4186850479489164,0.6428571428571429,True
long,2,2011-01-03,2014-12-31,2011-01-03,2014-12-30,2015-01-02,2015-12-31,volatility_scaled_momentum|vsmom_12m_1m_vol60|h1,volatility_scaled_momentum,vsmom_12m_1m_vol60,1,"{""skip"": 21, ""volatility_window"": 60, ""window"": 252}",1005,0.014270548,0.18471003,2.450470066090867,0.5333333333333333,0.018426595,0.010122764,1.5211794088155015,0.008303831,0.8666666666666667,True,True,252.0,0.03762998431921005,0.23358367383480072,2.562449119774279,0.5793650793650794,True
long,2,2011-01-03,2014-12-31,2011-01-03,2014-12-30,2015-01-02,2015-12-31,high_proximity|high_12m|h1,high_proximity,high_12m,1,"{""window"": 252}",1005,0.00707238,0.21527448,1.04201068235023,0.5074626865671642,0.0138307735,0.00032742243,0.04885347222640877,0.013503351,0.8833333333333333,True,True,252.0,0.02749677374958992,0.21773037314414978,2.0087521411460334,0.5753968253968254,True
long,2,2011-01-03,2014-12-31,2011-01-03,2014-12-23,2015-01-02,2015-12-31,trend_slope|slope_250d|h5,trend_slope,slope_250d,5,"{""window"": 250}",1001,0.0112561025,0.18774502,1.0435992664772569,0.5504495504495505,0.0063592778,0.016143154,1.3767246466167549,0.009783877,0.9015625,True,True,252.0,0.05571881681680679,0.2177204042673111,2.2088961014650366,0.6349206349206349,True
long,2,2011-01-03,2014-12-31,2011-01-03,2014-12-30,2015-01-02,2015-12-31,risk_adjusted_trend|risk_trend_250d|h1,risk_adjusted_trend,risk_trend_250d,1,"{""window"": 250}",1005,0.011931461,0.18669176,2.027064949385629,0.5353233830845772,0.013010437,0.01085463,1.7017782908600743,0.0021558069,0.9359375,True,True,252.0,0.030887726694345474,0.2251567244529724,2.1820500524421385,0.5912698412698413,True
long,2,2011-01-03,2014-12-31,2011-01-03,2014-12-23,2015-01-02,2015-12-31,price_volume_confirmation|pvc_12m_1m_liq20_252|h5,price_volume_confirmation,pvc_12m_1m_liq20_252,5,"{""confirmation_strength"": 0.25, ""liquidity_clip"": 2, ""long_window"": 252, ""short_window"": 20, ""skip"": 21, ""window"": 252}",1001,0.01691866,0.18632947,1.576339319693103,0.5594405594405595,0.019740151,0.014102799,1.1677890729924865,0.0056373524,0.8708333333333333,True,True,252.0,0.06229998171329498,0.22635813057422638,2.3730425091132012,0.6468253968253969,True
long,3,2012-01-03,2015-12-31,2012-01-03,2015-12-16,2016-01-04,2016-12-30,momentum|12m-2m|h10,momentum,12m-2m,10,"{""skip"": 42, ""window"": 252}",996,0.04015887,0.19074409,2.54496399807408,0.6164658634538153,0.0397722,0.040545553,1.7001479656116487,0.00077335164,0.8716911764705882,True,True,252.0,-0.08441709727048874,0.2656845152378082,-2.091264478706505,0.3055555555555556,True
long,3,2012-01-03,2015-12-31,2012-01-03,2015-12-30,2016-01-04,2016-12-30,low_volatility|60d|h1,low_volatility,60d,1,"{""window"": 60}",1005,0.011552529,0.21733959,1.6859219786669497,0.5283582089552239,0.0056626005,0.017430749,2.0027721106114886,0.011768148,0.8142857142857143,True,True,252.0,-0.0063253529369831085,0.2687239944934845,-0.3744052869669669,0.5079365079365079,True
long,3,2012-01-03,2015-12-31,2012-01-03,2015-07-02,2016-01-04,2016-12-30,trend|SMA250|h126,trend,SMA250,126,"{""window"": 250}",880,0.043583583,0.15937309,1.0262654689613804,0.5647727272727273,0.04289009,0.04427708,0.6553245992392828,0.0013869889,0.928125,True,True,252.0,-0.17883814871311188,0.16251039505004883,-3.885384436157758,0.1388888888888889,True
long,3,2012-01-03,2015-12-31,2012-01-03,2015-12-30,2016-01-04,2016-12-30,short_term_reversal|reversal_5d|h1,short_term_reversal,reversal_5d,1,"{""window"": 5}",1005,0.007397895,0.1462591,1.6042959696128165,0.5233830845771145,0.0087338295,0.006064619,0.8725225136808629,0.0026692105,0.8958333333333333,True,True,252.0,0.007524615153670311,0.19159193336963654,0.6246989158904316,0.5277777777777778,True
long,3,2012-01-03,2015-12-31,2012-01-03,2015-12-01,2016-01-04,2016-12-30,residual_momentum|resmom_12m_1m|h21,residual_momentum,resmom_12m_1m,21,"{""skip"": 21, ""window"": 252}",985,0.042808857,0.18378846,1.9881393943240118,0.6243654822335025,0.040801026,0.044812616,1.2946857084063037,0.00401159,0.8395833333333332,True,True,252.0,-0.12635324895381927,0.20671236515045166,-3.2066143956482183,0.21031746031746032,True
long,3,2012-01-03,2015-12-31,2012-01-03,2015-12-01,2016-01-04,2016-12-30,volatility_scaled_momentum|vsmom_12m_1m_vol60|h21,volatility_scaled_momentum,vsmom_12m_1m_vol60,21,"{""skip"": 21, ""volatility_window"": 60, ""window"": 252}",985,0.03629677,0.20257829,1.4868772108762547,0.582741116751269,0.023636593,0.04893126,1.4038403413513456,0.025294667,0.775,True,True,252.0,-0.1271435022354126,0.21630127727985382,-2.9950043082383524,0.20634920634920634,True
long,3,2012-01-03,2015-12-31,2012-01-03,2015-12-30,2016-01-04,2016-12-30,high_proximity|high_18m|h1,high_proximity,high_18m,1,"{""window"": 378}",1005,0.009713594,0.19390558,1.5888716896915691,0.5194029850746269,0.006757242,0.012664068,1.4685119753539226,0.0059068254,0.7104166666666667,True,True,252.0,-0.018583638593554497,0.26555100083351135,-1.1131314446626333,0.5,True
long,3,2012-01-03,2015-12-31,2012-01-03,2015-12-01,2016-01-04,2016-12-30,trend_slope|slope_250d|h21,trend_slope,slope_250d,21,"{""window"": 250}",985,0.042155586,0.18273401,1.963236649136309,0.6142131979695431,0.043177426,0.04113581,1.2337623663978128,0.0020416155,0.884375,True,True,252.0,-0.11319416016340256,0.2201545238494873,-2.608585104435319,0.2619047619047619,True
long,3,2012-01-03,2015-12-31,2012-01-03,2015-12-01,2016-01-04,2016-12-30,risk_adjusted_trend|risk_trend_250d|h21,risk_adjusted_trend,risk_trend_250d,21,"{""window"": 250}",985,0.029321428,0.19781631,1.229072668864548,0.5725888324873096,0.021871427,0.036756318,1.0749046736121433,0.014884891,0.853125,True,True,252.0,-0.11950330436229706,0.23248949646949768,-2.57471788070277,0.2698412698412698,True
long,3,2012-01-03,2015-12-31,2012-01-03,2015-12-01,2016-01-04,2016-12-30,price_volume_confirmation|pvc_12m_1m_liq20_252|h21,price_volume_confirmation,pvc_12m_1m_liq20_252,21,"{""confirmation_strength"": 0.25, ""liquidity_clip"": 2, ""long_window"": 252, ""short_window"": 20, ""skip"": 21, ""window"": 252}",985,0.04358398,0.19004361,1.948830033450004,0.6050761421319797,0.041801523,0.045362826,1.3046678055676255,0.003561303,0.81875,True,True,252.0,-0.12695002555847168,0.21503163874149323,-3.0526838010222406,0.20634920634920634,True
long,4,2013-01-02,2016-12-30,2013-01-02,2015-12-31,2017-01-03,2017-12-29,momentum|9m-1m|h252,momentum,9m-1m,252,"{""skip"": 21, ""window"": 189}",756,0.043658756,0.14502954,1.2445267059613079,0.5886243386243386,0.03789191,0.0494256,0.8629741636996314,0.011533689,0.8926470588235296,True,True,251.0,0.09190600365400314,0.1233813688158989,2.0082699509693107,0.7091633466135459,True
long,4,2013-01-02,2016-12-30,2013-01-02,2016-12-29,2017-01-03,2017-12-29,low_volatility|20d|h1,low_volatility,20d,1,"{""window"": 20}",1007,0.0077782352,0.19424525,1.2713383420239073,0.5173783515392254,0.004332512,0.011217119,1.1663116808268301,0.006884607,0.8276785714285715,True,True,251.0,0.002221380127593875,0.16579987108707428,0.21268777396724975,0.50199203187251,True
long,4,2013-01-02,2016-12-30,2013-01-02,2015-12-31,2017-01-03,2017-12-29,trend|SMA250|h252,trend,SMA250,252,"{""window"": 250}",756,0.043642987,0.14979325,1.0219766291898191,0.5701058201058201,0.01010921,0.077176765,1.147354762978325,0.067067556,0.9020833333333333,True,True,251.0,0.0868145227432251,0.12180337309837341,1.8627992135456721,0.7051792828685259,True
long,4,2013-01-02,2016-12-30,2013-01-02,2016-12-15,2017-01-03,2017-12-29,short_term_reversal|reversal_5d|h10,short_term_reversal,reversal_5d,10,"{""window"": 5}",998,0.017278785,0.15226753,1.8208345193051436,0.5591182364729459,0.015593051,0.018964518,1.2145295851224318,0.0033714669,0.925,True,True,251.0,0.006882870569825172,0.13442400097846985,0.41933744553034097,0.47410358565737054,True
long,4,2013-01-02,2016-12-30,2013-01-02,2015-12-31,2017-01-03,2017-12-29,residual_momentum|resmom_9m_1m|h252,residual_momentum,resmom_9m_1m,252,"{""skip"": 21, ""window"": 189}",756,0.03973043,0.14926895,1.0946158682673304,0.5740740740740741,0.036224816,0.04323605,0.7518795099596502,0.0070112348,0.9041666666666667,True,True,251.0,0.08432502299547195,0.1264297515153885,1.8340632004082662,0.6772908366533864,True
long,4,2013-01-02,2016-12-30,2013-01-02,2016-12-29,2017-01-03,2017-12-29,volatility_scaled_momentum|vsmom_12m_1m_vol60|h1,volatility_scaled_momentum,vsmom_12m_1m_vol60,1,"{""skip"": 21, ""volatility_window"": 60, ""window"": 252}",1007,0.011069353,0.20709443,1.6970095726735328,0.5292949354518371,0.010122764,0.012014062,1.071394513363072,0.0018912982,0.8041666666666666,True,True,251.0,0.017380382865667343,0.19380579888820648,1.4236274300276914,0.5537848605577689,True
long,4,2013-01-02,2016-12-30,2013-01-02,2016-12-29,2017-01-03,2017-12-29,high_proximity|high_18m|h1,high_proximity,high_18m,1,"{""window"": 378}",1007,0.0028986011,0.20227216,0.4549700239536488,0.519364448857994,0.00029134608,0.0055006836,0.5045467482498962,0.0052093375,0.7000000000000001,True,True,251.0,0.010442666709423065,0.17810313403606415,0.9307725254954763,0.549800796812749,True
long,4,2013-01-02,2016-12-30,2013-01-02,2015-12-31,2017-01-03,2017-12-29,trend_slope|slope_200d|h252,trend_slope,slope_200d,252,"{""window"": 200}",756,0.042162,0.15423127,1.0987551653697816,0.578042328042328,0.0415914,0.04273261,0.6891146977664176,0.0011412129,0.9203125000000001,True,True,251.0,0.08992575109004974,0.1245926097035408,1.7939347416730749,0.649402390438247,True
long,4,2013-01-02,2016-12-30,2013-01-02,2016-12-29,2017-01-03,2017-12-29,risk_adjusted_trend|risk_trend_200d|h1,risk_adjusted_trend,risk_trend_200d,1,"{""window"": 200}",1007,0.008894613,0.19894852,1.4194392251295316,0.5312810327706058,0.009370273,0.008419896,0.7829949958629229,0.00095037743,0.8609375,True,True,251.0,0.011913347989320755,0.20883269608020782,0.905605556795144,0.5577689243027888,True
long,4,2013-01-02,2016-12-30,2013-01-02,2015-12-31,2017-01-03,2017-12-29,price_volume_confirmation|pvc_9m_1m_liq20_126|h252,price_volume_confirmation,pvc_9m_1m_liq20_126,252,"{""confirmation_strength"": 0.25, ""liquidity_clip"": 2, ""long_window"": 126, ""short_window"": 20, ""skip"": 21, ""window"": 189}",756,0.044547014,0.14469135,1.2823118998249197,0.5886243386243386,0.039695237,0.049398787,0.8645743795054683,0.0097035505,0.8833333333333334,True,True,251.0,0.09233575314283371,0.123347207903862,2.0229458339535675,0.7330677290836654,True
long,5,2014-01-02,2017-12-29,2014-01-02,2017-12-21,2018-01-02,2018-12-31,momentum|6m-2m|h5,momentum,6m-2m,5,"{""skip"": 42, ""window"": 126}",1002,0.015928585,0.1927307,1.4223586751566668,0.5469061876247505,0.014610763,0.017246407,1.0036324859406256,0.0026356438,0.8772058823529411,True,True,251.0,0.021947013214230537,0.16889452934265137,1.1800416053191973,0.5737051792828686,True
long,5,2014-01-02,2017-12-29,2014-01-02,2017-12-28,2018-01-02,2018-12-31,low_volatility|60d|h1,low_volatility,60d,1,"{""window"": 60}",1006,0.008831598,0.21277839,1.317124001042686,0.5188866799204771,0.017430749,0.0002324439,0.022815227724087533,0.017198306,0.6991071428571428,True,True,251.0,0.008211459033191204,0.2048799693584442,0.6362451227538802,0.5139442231075697,True
long,5,2014-01-02,2017-12-29,2014-01-02,2017-06-30,2018-01-02,2018-12-31,trend|SMA20|h126,trend,SMA20,126,"{""window"": 20}",881,0.018859023,0.16414548,0.9836401832789473,0.5595913734392736,0.033141088,0.004609346,0.21538176111058135,0.028531741,0.9375,True,True,251.0,0.009714020416140556,0.11045736819505692,0.7284153392315904,0.5816733067729084,True
long,5,2014-01-02,2017-12-29,2014-01-02,2017-12-14,2018-01-02,2018-12-31,short_term_reversal|reversal_5d|h10,short_term_reversal,reversal_5d,10,"{""window"": 5}",997,0.016959095,0.15556858,1.7467351897147645,0.5386158475426279,0.008261148,0.02563961,1.7395707493786434,0.017378462,0.8854166666666667,True,True,251.0,0.03903566673398018,0.13843192160129547,2.6175813416696156,0.6334661354581673,True
long,5,2014-01-02,2017-12-29,2014-01-02,2017-12-28,2018-01-02,2018-12-31,residual_momentum|resmom_6m_1m|h1,residual_momentum,resmom_6m_1m,1,"{""skip"": 21, ""window"": 126}",1006,0.011189326,0.19659017,1.8061633318753718,0.5437375745526839,0.012670858,0.009707793,1.061343152537266,0.0029630652,0.8833333333333333,True,True,251.0,0.018922623246908188,0.19557496905326843,1.5359313228376392,0.5617529880478087,True
long,5,2014-01-02,2017-12-29,2014-01-02,2017-12-28,2018-01-02,2018-12-31,volatility_scaled_momentum|vsmom_6m_1m_vol60|h1,volatility_scaled_momentum,vsmom_6m_1m_vol60,1,"{""skip"": 21, ""volatility_window"": 60, ""window"": 126}",1006,0.011154142,0.19782268,1.7892667516736498,0.5487077534791253,0.013607643,0.008700644,0.926154323589167,0.004906999,0.8916666666666666,True,True,251.0,0.01854357309639454,0.1942465603351593,1.5154576596588463,0.5617529880478087,True
long,5,2014-01-02,2017-12-29,2014-01-02,2017-09-29,2018-01-02,2018-12-31,high_proximity|high_6m|h63,high_proximity,high_6m,63,"{""window"": 126}",944,0.030332914,0.18187048,0.9211511419832719,0.5815677966101694,0.058290005,0.002375821,0.057551958372622544,0.055914182,0.90625,True,True,251.0,0.029295653104782104,0.13676106929779053,0.6198600040542626,0.5617529880478087,True
long,5,2014-01-02,2017-12-29,2014-01-02,2017-12-28,2018-01-02,2018-12-31,trend_slope|slope_100d|h1,trend_slope,slope_100d,1,"{""window"": 100}",1006,0.005066943,0.18932186,0.8492981150825786,0.532803180914513,0.008788501,0.0013453832,0.15582777813090104,0.007443118,0.8546875,True,True,251.0,0.017587346956133842,0.1881738305091858,1.4836955741688678,0.5617529880478087,True
long,5,2014-01-02,2017-12-29,2014-01-02,2017-12-28,2018-01-02,2018-12-31,risk_adjusted_trend|risk_trend_250d|h1,risk_adjusted_trend,risk_trend_250d,1,"{""window"": 250}",1006,0.009403948,0.21950468,1.3595068009721234,0.5437375745526839,0.018652296,0.00015559964,0.014442498620032307,0.018496696,0.8765625,True,True,251.0,0.02092849463224411,0.19996407628059387,1.661459466473372,0.5737051792828686,True
long,5,2014-01-02,2017-12-29,2014-01-02,2017-10-30,2018-01-02,2018-12-31,liquidity_change|liq_20d_126d|h42,liquidity_change,liq_20d_126d,42,"{""long_window"": 126, ""short_window"": 20}",965,0.0058939154,0.08752897,0.48516823262586856,0.5357512953367876,0.0029999795,0.0087818615,0.6001932125242351,0.005781882,0.9333333333333335,True,True,251.0,-0.018240150064229965,0.07710576802492142,-1.0715884570389647,0.47410358565737054,True
long,5,2014-01-02,2017-12-29,2014-01-02,2017-12-28,2018-01-02,2018-12-31,price_volume_confirmation|pvc_6m_1m_liq5_60|h1,price_volume_confirmation,pvc_6m_1m_liq5_60,1,"{""confirmation_strength"": 0.25, ""liquidity_clip"": 2, ""long_window"": 60, ""short_window"": 5, ""skip"": 21, ""window"": 126}",1006,0.011367345,0.19797876,1.8220293863419703,0.5447316103379721,0.0128003415,0.00993435,1.0761717449191344,0.0028659916,0.8833333333333333,True,True,251.0,0.01803477853536606,0.1953902542591095,1.465249795221368,0.5537848605577689,True
long,6,2015-01-02,2018-12-31,2015-01-02,2018-06-29,2019-01-02,2019-12-31,momentum|3m-0m|h126,momentum,3m-0m,126,"{""skip"": 0, ""window"": 63}",880,0.031317946,0.1449069,1.2136781299427961,0.5886363636363636,0.0012215615,0.061414327,3.0631124802506613,0.060192768,0.8503676470588236,True,True,252.0,0.006852441001683474,0.12235476076602936,0.25329919428024367,0.5238095238095238,True
long,6,2015-01-02,2018-12-31,2015-01-02,2018-09-28,2019-01-02,2019-12-31,low_volatility|20d|h63,low_volatility,20d,63,"{""window"": 20}",943,0.03005153,0.18337229,0.8595167289023311,0.6055143160127253,0.007646824,0.05240877,1.2035252394663438,0.044761945,0.8196428571428571,True,True,252.0,0.038399588316679,0.23461958765983582,0.4594150106248818,0.623015873015873,True
long,6,2015-01-02,2018-12-31,2015-01-02,2018-06-29,2019-01-02,2019-12-31,trend|SMA100|h126,trend,SMA100,126,"{""window"": 100}",880,0.034710184,0.14441362,1.2718060422449307,0.6011363636363637,0.013278055,0.05614231,2.731298979604068,0.042864256,0.9083333333333332,True,True,252.0,0.012913964688777924,0.11572898924350739,0.44391956987860015,0.5515873015873016,True
long,6,2015-01-02,2018-12-31,2015-01-02,2018-12-14,2019-01-02,2019-12-31,short_term_reversal|reversal_5d|h10,short_term_reversal,reversal_5d,10,"{""window"": 5}",996,0.019565945,0.15549591,2.0351521041545046,0.5381526104417671,0.017069729,0.02206216,1.957314735731695,0.004992431,0.9375,True,True,252.0,-0.0005437093204818666,0.20843559503555298,-0.021691337817051702,0.5277777777777778,True
long,6,2015-01-02,2018-12-31,2015-01-02,2018-09-28,2019-01-02,2019-12-31,residual_momentum|resmom_6m_1m|h63,residual_momentum,resmom_6m_1m,63,"{""skip"": 21, ""window"": 126}",943,0.025656378,0.15092917,1.0499572336344696,0.5779427359490986,0.0011868628,0.050074052,2.223473786269071,0.04888719,0.8291666666666667,True,True,252.0,0.01502084732055664,0.20037303864955902,0.21153367341179613,0.6031746031746031,True
long,6,2015-01-02,2018-12-31,2015-01-02,2018-12-28,2019-01-02,2019-12-31,volatility_scaled_momentum|vsmom_6m_1m_vol60|h1,volatility_scaled_momentum,vsmom_6m_1m_vol60,1,"{""skip"": 21, ""volatility_window"": 60, ""window"": 126}",1005,0.0151417125,0.20611095,2.3300924276056234,0.5651741293532339,0.01214919,0.018128285,2.087426389669218,0.0059790956,0.7208333333333333,True,True,252.0,-0.0009987945668399334,0.2337128221988678,-0.06797642908965751,0.5317460317460317,True
long,6,2015-01-02,2018-12-31,2015-01-02,2018-06-29,2019-01-02,2019-12-31,high_proximity|high_6m|h126,high_proximity,high_6m,126,"{""window"": 126}",880,0.040314335,0.16580623,0.9811282551386546,0.6113636363636363,0.034625962,0.046002712,2.3050489143444226,0.01137675,0.9020833333333333,True,True,252.0,0.06422410905361176,0.15987280011177063,1.2710430639470085,0.6904761904761905,True
long,6,2015-01-02,2018-12-31,2015-01-02,2018-06-29,2019-01-02,2019-12-31,trend_slope|slope_50d|h126,trend_slope,slope_50d,126,"{""window"": 50}",880,0.030149078,0.15770888,1.352700732134306,0.5988636363636364,0.0044560605,0.055842098,2.9485878120237294,0.051386036,0.8937500000000002,True,True,252.0,-0.009752098470926285,0.14007683098316193,-0.42166887946889103,0.44841269841269843,True
long,6,2015-01-02,2018-12-31,2015-01-02,2018-12-28,2019-01-02,2019-12-31,risk_adjusted_trend|risk_trend_200d|h1,risk_adjusted_trend,risk_trend_200d,1,"{""window"": 200}",1005,0.013845444,0.22343662,1.9654035796413856,0.5492537313432836,0.008408369,0.01927171,2.12955050240336,0.010863342,0.74375,True,True,252.0,0.0007138001383282244,0.26707950234413147,0.04251085077295521,0.5238095238095238,True
long,6,2015-01-02,2018-12-31,2015-01-02,2018-10-29,2019-01-02,2019-12-31,price_volume_confirmation|pvc_6m_1m_liq5_60|h42,price_volume_confirmation,pvc_6m_1m_liq5_60,42,"{""confirmation_strength"": 0.25, ""liquidity_clip"": 2, ""long_window"": 60, ""short_window"": 5, ""skip"": 21, ""window"": 126}",964,0.021846162,0.16509019,0.9168290852939524,0.5663900414937759,0.0005962047,0.04309612,2.1583308915622212,0.04249992,0.7979166666666668,True,True,252.0,-0.009345338679850101,0.19803309440612793,-0.14430652599714022,0.5357142857142857,True
long,7,2016-01-04,2019-12-31,2016-01-04,2019-10-01,2020-01-02,2020-12-31,momentum|3m-1m|h63,momentum,3m-1m,63,"{""skip"": 21, ""window"": 63}",943,0.018995967,0.1551612,0.7835082514549087,0.6246023329798516,0.014992,0.02299145,0.859166441879595,0.007999451,0.9161764705882354,True,True,253.0,-0.007635290268808603,0.1893865466117859,-0.22257032459683077,0.47035573122529645,True
long,7,2016-01-04,2019-12-31,2016-01-04,2019-12-30,2020-01-02,2020-12-31,low_volatility|60d|h1,low_volatility,60d,1,"{""window"": 60}",1005,0.0007507952,0.23604809,0.10088355221711573,0.5014925373134328,0.00058242807,0.0009188278,0.08479029288291534,0.0003363997,0.5330357142857143,True,True,253.0,0.021026872098445892,0.3387225866317749,0.9893517576315459,0.5652173913043478,True
long,7,2016-01-04,2019-12-31,2016-01-04,2019-07-02,2020-01-02,2020-12-31,trend|SMA50|h126,trend,SMA50,126,"{""window"": 50}",880,0.015642162,0.14780252,0.813635785914676,0.5795454545454546,0.013084715,0.018199608,0.9719287277370932,0.0051148925,0.915625,True,True,253.0,0.04155798256397247,0.21878191828727722,1.2453037392820043,0.5375494071146245,True
long,7,2016-01-04,2019-12-31,2016-01-04,2019-11-29,2020-01-02,2020-12-31,short_term_reversal|reversal_10d|h21,short_term_reversal,reversal_10d,21,"{""window"": 10}",985,0.041321173,0.16293666,3.1819228484419773,0.581725888324873,0.035044007,0.047585607,2.396452022092648,0.0125416,0.9166666666666667,True,True,253.0,-0.031979091465473175,0.21627715229988098,-0.9818166863172625,0.40711462450592883,True
long,7,2016-01-04,2019-12-31,2016-01-04,2019-12-30,2020-01-02,2020-12-31,residual_momentum|resmom_6m_1m|h1,residual_momentum,resmom_6m_1m,1,"{""skip"": 21, ""window"": 126}",1005,0.009014378,0.20485592,1.3956819231307742,0.5482587064676617,0.010370834,0.007660619,0.8393460815005711,0.0027102148,0.8395833333333333,True,True,253.0,0.0067419069819152355,0.3116348683834076,0.3447918202371367,0.5019762845849802,True
long,7,2016-01-04,2019-12-31,2016-01-04,2019-12-30,2020-01-02,2020-12-31,volatility_scaled_momentum|vsmom_9m_1m_vol60|h1,volatility_scaled_momentum,vsmom_9m_1m_vol60,1,"{""skip"": 21, ""volatility_window"": 60, ""window"": 189}",1005,0.007227222,0.22987182,0.9972060012280388,0.5373134328358209,0.0025041318,0.011940922,1.1560724414411954,0.00943679,0.86875,True,True,253.0,0.028225213289260864,0.33460092544555664,1.3444056901233048,0.5691699604743083,True
long,7,2016-01-04,2019-12-31,2016-01-04,2019-10-01,2020-01-02,2020-12-31,high_proximity|high_6m|h63,high_proximity,high_6m,63,"{""window"": 126}",943,0.01140287,0.18226999,0.3649897791772896,0.5609756097560976,0.0007040283,0.022079045,0.4751795162080579,0.021375017,0.8125,True,True,253.0,-0.06194927543401718,0.2641112804412842,-0.889071939095185,0.466403162055336,True
long,7,2016-01-04,2019-12-31,2016-01-04,2019-07-02,2020-01-02,2020-12-31,trend_slope|slope_50d|h126,trend_slope,slope_50d,126,"{""window"": 50}",880,0.023601953,0.15145555,1.1704048652956285,0.5909090909090909,0.010042886,0.037161015,2.1361170813651063,0.027118128,0.9078125,True,True,253.0,0.030145931988954544,0.2123226821422577,1.1508396218801857,0.5177865612648221,True
long,7,2016-01-04,2019-12-31,2016-01-04,2019-10-01,2020-01-02,2020-12-31,risk_adjusted_trend|risk_trend_50d|h63,risk_adjusted_trend,risk_trend_50d,63,"{""window"": 50}",943,0.015907627,0.17295502,0.5512210753141735,0.5768822905620361,0.014174144,0.01763744,0.5157617700520697,0.0034632953,0.8734375,True,True,253.0,0.013912887312471867,0.20727376639842987,0.28902619770978005,0.541501976284585,True
long,7,2016-01-04,2019-12-31,2016-01-04,2019-12-30,2020-01-02,2020-12-31,price_volume_confirmation|pvc_9m_1m_liq20_126|h1,price_volume_confirmation,pvc_9m_1m_liq20_126,1,"{""confirmation_strength"": 0.25, ""liquidity_clip"": 2, ""long_window"": 126, ""short_window"": 20, ""skip"": 21, ""window"": 189}",1005,0.0067553557,0.2242699,0.9553807059571624,0.527363184079602,0.000634263,0.012864279,1.3018212495583976,0.012230015,0.8395833333333333,True,True,253.0,0.02303432859480381,0.34469035267829895,1.0650419856826028,0.5652173913043478,True
long,8,2017-01-03,2020-12-31,2017-01-03,2020-07-02,2021-01-04,2021-12-31,momentum|6m-0m|h126,momentum,6m-0m,126,"{""skip"": 0, ""window"": 126}",881,0.059869245,0.14347409,2.5030477864827403,0.6674233825198638,0.06010684,0.05963219,1.378949762978252,0.0004746504,0.8672794117647059,True,True,252.0,-0.09675806760787964,0.14857695996761322,-2.3844370901432366,0.3055555555555556,True
long,8,2017-01-03,2020-12-31,2017-01-03,2020-01-02,2021-01-04,2021-12-31,low_volatility|120d|h252,low_volatility,120d,252,"{""window"": 120}",755,0.0866696,0.18149476,1.2882595435515338,0.6251655629139072,0.06099479,0.11227647,1.4790317967996744,0.051281683,0.9124999999999999,True,True,252.0,0.1886616349220276,0.11552475392818451,5.039602524991963,0.876984126984127,True
long,8,2017-01-03,2020-12-31,2017-01-03,2020-07-02,2021-01-04,2021-12-31,trend|SMA250|h126,trend,SMA250,126,"{""window"": 250}",881,0.06043118,0.15174766,2.087959253269183,0.6730987514188422,0.057616837,0.06323914,1.4979396474295124,0.005622305,0.9041666666666668,True,True,252.0,-0.09051349014043808,0.1301795393228531,-2.802808744118894,0.26587301587301587,True
long,8,2017-01-03,2020-12-31,2017-01-03,2020-12-01,2021-01-04,2021-12-31,short_term_reversal|reversal_21d|h21,short_term_reversal,reversal_21d,21,"{""window"": 21}",986,0.029729305,0.17865054,1.8305737967294355,0.5405679513184585,0.0203171,0.03914151,1.4909942277718502,0.01882441,0.9125000000000001,True,True,252.0,0.0769096091389656,0.20139242708683014,1.6879357325362716,0.6626984126984127,True
long,8,2017-01-03,2020-12-31,2017-01-03,2020-07-02,2021-01-04,2021-12-31,residual_momentum|resmom_6m_1m|h126,residual_momentum,resmom_6m_1m,126,"{""skip"": 21, ""window"": 126}",881,0.055508904,0.14154899,2.0986823996593515,0.6390465380249716,0.040394485,0.07058905,1.5304226163974015,0.030194566,0.8354166666666667,True,True,252.0,-0.06873837113380432,0.14266827702522278,-1.3739189241290095,0.39285714285714285,True
long,8,2017-01-03,2020-12-31,2017-01-03,2020-01-02,2021-01-04,2021-12-31,volatility_scaled_momentum|vsmom_12m_1m_vol60|h252,volatility_scaled_momentum,vsmom_12m_1m_vol60,252,"{""skip"": 21, ""volatility_window"": 60, ""window"": 252}",755,0.09259904,0.1217348,2.1459884203454656,0.7549668874172185,0.050682638,0.13440454,2.903107369837605,0.083721906,0.8791666666666667,True,True,252.0,-0.12114813923835754,0.057633381336927414,-10.753306121712393,0.027777777777777776,True
long,8,2017-01-03,2020-12-31,2017-01-03,2020-07-02,2021-01-04,2021-12-31,high_proximity|high_18m|h126,high_proximity,high_18m,126,"{""window"": 378}",881,0.06385332,0.15912308,2.1011664473754417,0.6356413166855845,0.06260382,0.06509999,1.3167137768223431,0.0024961755,0.8833333333333334,True,True,252.0,-0.037416279315948486,0.13157536089420319,-2.0826127217368664,0.3968253968253968,True
long,8,2017-01-03,2020-12-31,2017-01-03,2020-01-02,2021-01-04,2021-12-31,trend_slope|slope_250d|h252,trend_slope,slope_250d,252,"{""window"": 250}",755,0.091743015,0.15531418,1.494990220032415,0.6357615894039735,0.042459887,0.14089577,2.0345324103657574,0.09843588,0.8296875000000001,True,True,252.0,-0.15168222784996033,0.05845286697149277,-18.981453925506287,0.011904761904761904,True
long,8,2017-01-03,2020-12-31,2017-01-03,2020-01-02,2021-01-04,2021-12-31,risk_adjusted_trend|risk_trend_250d|h252,risk_adjusted_trend,risk_trend_250d,252,"{""window"": 250}",755,0.09905382,0.13642842,2.0083595509583936,0.6874172185430464,0.062690295,0.13532116,2.603068191356363,0.07263086,0.8765625,True,True,252.0,-0.11790356785058975,0.059769004583358765,-7.636299494266177,0.011904761904761904,True
long,8,2017-01-03,2020-12-31,2017-01-03,2020-01-02,2021-01-04,2021-12-31,liquidity_change|liq_20d_252d|h252,liquidity_change,liq_20d_252d,252,"{""long_window"": 252, ""short_window"": 20}",755,0.06208564,0.068035245,3.532744209850778,0.7947019867549668,0.055617593,0.068536565,3.953055068807043,0.0129189715,0.9416666666666668,True,True,252.0,0.0027546104975044727,0.058990057557821274,0.5324571075402673,0.49206349206349204,True
long,8,2017-01-03,2020-12-31,2017-01-03,2020-01-02,2021-01-04,2021-12-31,price_volume_confirmation|pvc_12m_1m_liq20_252|h252,price_volume_confirmation,pvc_12m_1m_liq20_252,252,"{""confirmation_strength"": 0.25, ""liquidity_clip"": 2, ""long_window"": 252, ""short_window"": 20, ""skip"": 21, ""window"": 252}",755,0.08826046,0.14540993,1.5901576708044003,0.6609271523178808,0.03976299,0.13662961,2.0953331856837343,0.09686662,0.8479166666666667,True,True,252.0,-0.18084099888801575,0.06235981732606888,-20.479799870103744,0.003968253968253968,True
long,9,2018-01-02,2021-12-31,2018-01-02,2021-12-23,2022-01-03,2022-12-30,momentum|24m-2m|h5,momentum,24m-2m,5,"{""skip"": 42, ""window"": 504}",1003,0.022256363,0.25604117,1.5130773437190748,0.5712861415752741,0.014801593,0.029696284,1.2735964133662054,0.014894691,0.8941176470588235,True,True,251.0,-0.02460203692317009,0.22381849586963654,-0.9498416298549449,0.46613545816733065,True
long,9,2018-01-02,2021-12-31,2018-01-02,2021-12-30,2022-01-03,2022-12-30,low_volatility|60d|h1,low_volatility,60d,1,"{""window"": 60}",1007,0.006883198,0.28276703,0.7728442820002734,0.5173783515392254,0.0015909999,0.012164895,0.858935929843316,0.010573896,0.8321428571428572,True,True,251.0,0.020831670612096786,0.33669513463974,0.9821797310244011,0.5258964143426295,True
long,9,2018-01-02,2021-12-31,2018-01-02,2021-12-30,2022-01-03,2022-12-30,trend|SMA250|h1,trend,SMA250,1,"{""window"": 250}",1007,0.011149451,0.2695932,1.313031066620597,0.5431976166832175,0.007065265,0.015225532,1.111550948115886,0.008160267,0.9416666666666667,True,True,251.0,0.01292671263217926,0.3038264811038971,0.6754080125490182,0.5657370517928287,True
long,9,2018-01-02,2021-12-31,2018-01-02,2021-11-01,2022-01-03,2022-12-30,short_term_reversal|reversal_21d|h42,short_term_reversal,reversal_21d,42,"{""window"": 21}",966,0.034077253,0.17542404,1.8923713015268815,0.5590062111801242,0.030043239,0.038111266,1.2586627980186003,0.008068027,0.9333333333333335,True,True,251.0,0.02038182131946087,0.17281906306743622,0.5009448174423943,0.5856573705179283,True
long,9,2018-01-02,2021-12-31,2018-01-02,2021-11-01,2022-01-03,2022-12-30,residual_momentum|resmom_9m_1m|h42,residual_momentum,resmom_9m_1m,42,"{""skip"": 21, ""window"": 189}",966,0.021823108,0.21874912,0.6822951526026757,0.5786749482401656,0.021771817,0.021874398,0.41775805625785,0.000102581456,0.8729166666666668,True,True,251.0,-0.01952359452843666,0.22551818192005157,-0.279037480909229,0.5258964143426295,True
long,9,2018-01-02,2021-12-31,2018-01-02,2021-12-23,2022-01-03,2022-12-30,volatility_scaled_momentum|vsmom_9m_1m_vol60|h5,volatility_scaled_momentum,vsmom_9m_1m_vol60,5,"{""skip"": 21, ""volatility_window"": 60, ""window"": 189}",1003,0.017579468,0.2577478,1.1986964860379632,0.5613160518444666,0.017599491,0.017559484,0.8246748631175387,4.0007755e-05,0.9249999999999999,True,True,251.0,0.010543076321482658,0.25284844636917114,0.3756376867336243,0.5099601593625498,True
long,9,2018-01-02,2021-12-31,2018-01-02,2021-12-30,2022-01-03,2022-12-30,high_proximity|high_18m|h1,high_proximity,high_18m,1,"{""window"": 378}",1007,0.008915825,0.265,1.0681841805358325,0.5412115193644489,0.0038050576,0.01401645,1.062637686587349,0.010211393,0.9000000000000001,True,True,251.0,0.021683163940906525,0.3351220190525055,1.0271254395060594,0.545816733067729,True
long,9,2018-01-02,2021-12-31,2018-01-02,2021-12-30,2022-01-03,2022-12-30,trend_slope|slope_250d|h1,trend_slope,slope_250d,1,"{""window"": 250}",1007,0.016301712,0.2813334,1.8396805496154864,0.5322740814299901,0.014024558,0.018574351,1.2905922139214316,0.004549794,0.9062500000000001,True,True,251.0,0.011001700535416603,0.26634854078292847,0.6557119975260977,0.5139442231075697,True
long,9,2018-01-02,2021-12-31,2018-01-02,2021-12-23,2022-01-03,2022-12-30,risk_adjusted_trend|risk_trend_250d|h5,risk_adjusted_trend,risk_trend_250d,5,"{""window"": 250}",1003,0.017005064,0.2692904,1.1131875399491147,0.5443668993020937,0.01672383,0.017285734,0.7817623680460056,0.00056190416,0.9046875000000002,True,True,251.0,0.0052391113713383675,0.26077672839164734,0.17981230691141084,0.50199203187251,True
long,9,2018-01-02,2021-12-31,2018-01-02,2021-07-02,2022-01-03,2022-12-30,liquidity_change|liq_20d_126d|h126,liquidity_change,liq_20d_126d,126,"{""long_window"": 126, ""short_window"": 20}",882,0.008624116,0.07961253,0.8831433020799464,0.5079365079365079,0.010661376,0.0065868576,0.7684821388943808,0.004074518,0.8958333333333335,True,True,251.0,0.0033584667835384607,0.09582595527172089,0.0791681532255801,0.5298804780876494,True
long,9,2018-01-02,2021-12-31,2018-01-02,2021-12-23,2022-01-03,2022-12-30,price_volume_confirmation|pvc_9m_1m_liq20_126|h5,price_volume_confirmation,pvc_9m_1m_liq20_126,5,"{""confirmation_strength"": 0.25, ""liquidity_clip"": 2, ""long_window"": 126, ""short_window"": 20, ""skip"": 21, ""window"": 189}",1003,0.017061418,0.26575503,1.1367818298546692,0.5563310069790628,0.017905984,0.01621854,0.6964932827999459,0.0016874447,0.8999999999999999,True,True,251.0,0.00841576885432005,0.26027899980545044,0.2934277976342658,0.5099601593625498,True
long,10,2019-01-02,2022-12-30,2019-01-02,2022-12-22,2023-01-03,2023-12-29,momentum|18m-2m|h5,momentum,18m-2m,5,"{""skip"": 42, ""window"": 378}",1003,0.02018912,0.25702482,1.3777706001456054,0.555333998005982,0.02871157,0.01168365,0.6819454732829104,0.01702792,0.8886029411764707,True,True,250.0,-0.011164461262524128,0.19621269404888153,-0.511457628986418,0.492,True
long,10,2019-01-02,2022-12-30,2019-01-02,2022-12-29,2023-01-03,2023-12-29,low_volatility|90d|h1,low_volatility,90d,1,"{""window"": 90}",1007,0.009821212,0.31670663,0.9845514605305662,0.5173783515392254,0.0073797936,0.012257788,0.8622782861906513,0.004877995,0.7321428571428571,True,True,250.0,-0.017878971993923187,0.2653861343860626,-1.0673444317451792,0.476,True
long,10,2019-01-02,2022-12-30,2019-01-02,2022-12-29,2023-01-03,2023-12-29,trend|SMA250|h1,trend,SMA250,1,"{""window"": 250}",1007,0.009373409,0.2912225,1.0218874542693182,0.5422045680238332,0.010084736,0.008663492,0.6923604877750912,0.0014212439,0.9708333333333334,True,True,250.0,0.000858913641422987,0.2235497683286667,0.060871562777271855,0.528,True
long,10,2019-01-02,2022-12-30,2019-01-02,2022-10-31,2023-01-03,2023-12-29,short_term_reversal|reversal_21d|h42,short_term_reversal,reversal_21d,42,"{""window"": 21}",966,0.03874733,0.18556584,1.9364196559326248,0.593167701863354,0.030794779,0.046699878,1.496420382474402,0.015905099,0.8875000000000001,True,True,250.0,0.028293084353208542,0.1744052916765213,0.8340565407529268,0.556,True
long,10,2019-01-02,2022-12-30,2019-01-02,2022-10-31,2023-01-03,2023-12-29,residual_momentum|resmom_9m_1m|h42,residual_momentum,resmom_9m_1m,42,"{""skip"": 21, ""window"": 189}",966,0.02046736,0.23061244,0.5904680049596818,0.5745341614906833,0.015007807,0.025926918,0.5981441680888535,0.010919111,0.8375,True,True,250.0,0.0215713232755661,0.14123159646987915,0.7995972224334814,0.52,True
long,10,2019-01-02,2022-12-30,2019-01-02,2022-12-29,2023-01-03,2023-12-29,volatility_scaled_momentum|vsmom_12m_1m_vol60|h1,volatility_scaled_momentum,vsmom_12m_1m_vol60,1,"{""skip"": 21, ""volatility_window"": 60, ""window"": 252}",1007,0.013792092,0.2798479,1.5647272040101763,0.5342601787487586,0.016281784,0.011307346,1.07211675922925,0.004974438,0.8958333333333335,True,True,250.0,0.00732054328545928,0.22054801881313324,0.5258724663634826,0.512,True
long,10,2019-01-02,2022-12-30,2019-01-02,2022-12-29,2023-01-03,2023-12-29,high_proximity|high_18m|h1,high_proximity,high_18m,1,"{""window"": 378}",1007,0.011005682,0.29874468,1.1696268046884384,0.5412115193644489,0.010824317,0.011186687,0.9063303302675654,0.00036237016,0.9791666666666667,True,True,250.0,-0.004217957146465778,0.24085958302021027,-0.27744596195045534,0.532,True
long,10,2019-01-02,2022-12-30,2019-01-02,2022-12-29,2023-01-03,2023-12-29,trend_slope|slope_200d|h1,trend_slope,slope_200d,1,"{""window"": 200}",1007,0.011078726,0.28654492,1.2275174396872415,0.519364448857994,0.013694082,0.008468562,0.6899009983828528,0.0052255206,0.8703124999999999,True,True,250.0,0.0036512750666588545,0.20824739336967468,0.2777827460731016,0.52,True
long,10,2019-01-02,2022-12-30,2019-01-02,2022-12-29,2023-01-03,2023-12-29,risk_adjusted_trend|risk_trend_250d|h1,risk_adjusted_trend,risk_trend_250d,1,"{""window"": 250}",1007,0.014427347,0.28469065,1.608954462277688,0.5382323733862959,0.019223578,0.00964063,0.8946054049768791,0.009582948,0.9187500000000002,True,True,250.0,0.006357576232403517,0.2116941511631012,0.47579835786239694,0.512,True
long,10,2019-01-02,2022-12-30,2019-01-02,2022-07-01,2023-01-03,2023-12-29,liquidity_change|liq_20d_252d|h126,liquidity_change,liq_20d_252d,126,"{""long_window"": 252, ""short_window"": 20}",882,0.026733045,0.09264273,1.5365015170717775,0.6122448979591837,0.022764409,0.030701678,2.2055848030507805,0.007937269,0.9645833333333333,True,True,250.0,0.03670482337474823,0.0731482058763504,1.8461305459031938,0.74,True
long,10,2019-01-02,2022-12-30,2019-01-02,2022-12-29,2023-01-03,2023-12-29,price_volume_confirmation|pvc_9m_1m_liq20_126|h1,price_volume_confirmation,pvc_9m_1m_liq20_126,1,"{""confirmation_strength"": 0.25, ""liquidity_clip"": 2, ""long_window"": 126, ""short_window"": 20, ""skip"": 21, ""window"": 189}",1007,0.011311045,0.28472862,1.2612526477068637,0.5243296921549155,0.013218314,0.00940756,0.7783253963098277,0.003810754,0.8583333333333334,True,True,250.0,0.0036322136875241995,0.21520309150218964,0.2674012065712717,0.52,True
long,11,2020-01-02,2023-12-29,2020-01-02,2023-12-28,2024-01-02,2024-12-31,momentum|12m-1m|h1,momentum,12m-1m,1,"{""skip"": 21, ""window"": 252}",1005,0.012529544,0.28302684,1.4041284452725755,0.5323383084577115,0.011251018,0.013805527,1.2756530568026805,0.0025545089,0.9430147058823531,True,True,252.0,0.029972130432724953,0.20513607561588287,2.3240166152741057,0.5634920634920635,True
long,11,2020-01-02,2023-12-29,2020-01-02,2023-12-28,2024-01-02,2024-12-31,low_volatility|60d|h1,low_volatility,60d,1,"{""window"": 60}",1005,0.0071337456,0.30969122,0.7306137923270885,0.5194029850746269,0.011632133,0.0026443019,0.19744716137903737,0.008987831,0.7999999999999998,True,True,252.0,0.0071106282994151115,0.22084344923496246,0.5121381759730808,0.503968253968254,True
long,11,2020-01-02,2023-12-29,2020-01-02,2023-12-28,2024-01-02,2024-12-31,trend|SMA250|h1,trend,SMA250,1,"{""window"": 250}",1005,0.01113419,0.2878038,1.2270471958864804,0.545273631840796,0.015672041,0.0066053597,0.5565771015500748,0.009066681,0.9500000000000001,True,True,252.0,0.020426174625754356,0.21107719838619232,1.5392508682583568,0.5753968253968254,True
long,11,2020-01-02,2023-12-29,2020-01-02,2023-10-30,2024-01-02,2024-12-31,short_term_reversal|reversal_21d|h42,short_term_reversal,reversal_21d,42,"{""window"": 21}",964,0.036498014,0.1879127,1.685431536880889,0.5881742738589212,0.042921305,0.030074723,1.0640144622123866,0.012846582,0.8708333333333332,True,True,252.0,-0.02417096123099327,0.11901445686817169,-0.7316516118254068,0.3968253968253968,True
long,11,2020-01-02,2023-12-29,2020-01-02,2023-12-28,2024-01-02,2024-12-31,residual_momentum|resmom_12m_1m|h1,residual_momentum,resmom_12m_1m,1,"{""skip"": 21, ""window"": 252}",1005,0.013000813,0.27732334,1.486905544729534,0.5393034825870647,0.011662215,0.014336751,1.3506427458345505,0.0026745358,0.9583333333333335,True,True,252.0,0.030156629160046577,0.2010800838470459,2.3854890071207824,0.5714285714285714,True
long,11,2020-01-02,2023-12-29,2020-01-02,2023-12-28,2024-01-02,2024-12-31,volatility_scaled_momentum|vsmom_12m_1m_vol60|h1,volatility_scaled_momentum,vsmom_12m_1m_vol60,1,"{""skip"": 21, ""volatility_window"": 60, ""window"": 252}",1005,0.015199923,0.26634336,1.8100840115638848,0.5373134328358209,0.015108656,0.01529101,1.421711155848049,0.00018235389,0.9541666666666667,True,True,252.0,0.028461052104830742,0.20125862956047058,2.2493660080534634,0.5595238095238095,True
long,11,2020-01-02,2023-12-29,2020-01-02,2023-12-28,2024-01-02,2024-12-31,high_proximity|high_18m|h1,high_proximity,high_18m,1,"{""window"": 378}",1005,0.011364034,0.29409206,1.225599121038226,0.5492537313432836,0.014131438,0.008602129,0.6615843544555271,0.0055293087,0.9624999999999999,True,True,252.0,0.016388168558478355,0.2016962319612503,1.2923982232015776,0.5793650793650794,True
long,11,2020-01-02,2023-12-29,2020-01-02,2023-12-28,2024-01-02,2024-12-31,trend_slope|slope_250d|h1,trend_slope,slope_250d,1,"{""window"": 250}",1005,0.013299534,0.28541717,1.4779354641282856,0.5223880597014925,0.018854836,0.0077552744,0.7219636628908367,0.011099562,0.9187500000000001,True,True,252.0,0.030266588553786278,0.19866786897182465,2.423257533921827,0.5753968253968254,True
long,11,2020-01-02,2023-12-29,2020-01-02,2023-12-28,2024-01-02,2024-12-31,risk_adjusted_trend|risk_trend_250d|h1,risk_adjusted_trend,risk_trend_250d,1,"{""window"": 250}",1005,0.015047914,0.26957133,1.7705237617339937,0.5393034825870647,0.02145751,0.00865106,0.818297247694518,0.01280645,0.9500000000000001,True,True,252.0,0.030203629285097122,0.19581085443496704,2.453499940114161,0.5555555555555556,True
long,11,2020-01-02,2023-12-29,2020-01-02,2023-12-28,2024-01-02,2024-12-31,liquidity_change|liq_20d_252d|h1,liquidity_change,liq_20d_252d,1,"{""long_window"": 252, ""short_window"": 20}",1005,0.0035018697,0.12882394,0.8621892794426224,0.5203980099502488,0.0044016833,0.0026038454,0.4286565055083539,0.0017978379,0.8958333333333335,True,True,252.0,0.0023289313539862633,0.09994404017925262,0.3706495894648857,0.5317460317460317,True
long,11,2020-01-02,2023-12-29,2020-01-02,2023-12-28,2024-01-02,2024-12-31,price_volume_confirmation|pvc_12m_1m_liq20_252|h1,price_volume_confirmation,pvc_12m_1m_liq20_252,1,"{""confirmation_strength"": 0.25, ""liquidity_clip"": 2, ""long_window"": 252, ""short_window"": 20, ""skip"": 21, ""window"": 252}",1005,0.012377515,0.2820583,1.3918544365218664,0.5353233830845772,0.011136743,0.01361582,1.2627752480649475,0.0024790764,0.9708333333333334,True,True,252.0,0.029904557392001152,0.2043849378824234,2.3272990642778137,0.5674603174603174,True
long,12,2021-01-04,2024-12-31,2021-01-04,2024-07-02,2025-01-02,2025-12-31,momentum|9m-2m|h126,momentum,9m-2m,126,"{""skip"": 42, ""window"": 189}",879,0.040273253,0.13543071,1.2691142163135034,0.6496018202502845,0.016698161,0.06379476,1.3402779664246343,0.047096603,0.9003676470588234,True,True,250.0,0.05296328663825989,0.09387825429439545,1.8732420089460404,0.736,True
long,12,2021-01-04,2024-12-31,2021-01-04,2024-12-30,2025-01-02,2025-12-31,trend|SMA250|h1,trend,SMA250,1,"{""window"": 250}",1004,0.009554221,0.25150633,1.204285861881474,0.546812749003984,0.009124775,0.009983669,1.0292586704714164,0.0008588936,0.8927083333333333,True,True,250.0,0.01643979176878929,0.2350655049085617,1.1080204777751463,0.556,True
long,12,2021-01-04,2024-12-31,2021-01-04,2024-10-01,2025-01-02,2025-12-31,short_term_reversal|reversal_21d|h63,short_term_reversal,reversal_21d,63,"{""window"": 21}",942,0.038237195,0.14950484,2.5171990751722597,0.618895966029724,0.04154595,0.034928445,2.4853580000337456,0.006617505,0.9604166666666667,True,True,250.0,0.009903932921588421,0.1836417019367218,0.18420522806455672,0.424,True
long,12,2021-01-04,2024-12-31,2021-01-04,2024-07-02,2025-01-02,2025-12-31,residual_momentum|resmom_9m_1m|h126,residual_momentum,resmom_9m_1m,126,"{""skip"": 21, ""window"": 189}",879,0.042493913,0.13739286,1.3280477409407427,0.646188850967008,0.013642076,0.07128018,1.5333436307811072,0.057638105,0.8624999999999999,True,True,250.0,0.07313228398561478,0.09370961785316467,2.535608395139907,0.76,True
long,12,2021-01-04,2024-12-31,2021-01-04,2024-07-02,2025-01-02,2025-12-31,volatility_scaled_momentum|vsmom_9m_1m_vol60|h126,volatility_scaled_momentum,vsmom_9m_1m_vol60,126,"{""skip"": 21, ""volatility_window"": 60, ""window"": 189}",879,0.048690043,0.13231763,1.5885727463086075,0.658703071672355,0.028745743,0.068589024,1.542505870545388,0.039843284,0.8791666666666667,True,True,250.0,0.05717524141073227,0.09443342685699463,1.880310788857431,0.728,True
long,12,2021-01-04,2024-12-31,2021-01-04,2023-12-29,2025-01-02,2025-12-31,high_proximity|high_6m|h252,high_proximity,high_6m,252,"{""window"": 126}",753,0.03463516,0.12225835,1.3526914796799339,0.5790172642762285,0.039292954,0.029989723,0.6657054403673981,0.009303231,0.8958333333333334,True,True,155.0,-0.08835889399051666,0.1259944587945938,-3.5880026237151084,0.2903225806451613,True
long,12,2021-01-04,2024-12-31,2021-01-04,2024-07-02,2025-01-02,2025-12-31,trend_slope|slope_200d|h126,trend_slope,slope_200d,126,"{""window"": 200}",879,0.037687857,0.14156102,1.114185481030205,0.6382252559726962,0.0032121583,0.0720852,1.502497767879073,0.06887304,0.8609375,True,True,250.0,0.06943251937627792,0.09145800769329071,2.2876680097420627,0.732,True
long,12,2021-01-04,2024-12-31,2021-01-04,2024-07-02,2025-01-02,2025-12-31,risk_adjusted_trend|risk_trend_200d|h126,risk_adjusted_trend,risk_trend_200d,126,"{""window"": 200}",879,0.052048158,0.13145278,1.6627391346881388,0.6837315130830489,0.02531316,0.0787224,1.742644901444711,0.05340924,0.8890625000000001,True,True,250.0,0.0725773349404335,0.08562982827425003,2.4437672366465435,0.74,True
long,12,2021-01-04,2024-12-31,2021-01-04,2024-07-02,2025-01-02,2025-12-31,liquidity_change|liq_20d_252d|h126,liquidity_change,liq_20d_252d,126,"{""long_window"": 252, ""short_window"": 20}",879,0.017785884,0.07816035,1.0524193269242101,0.602957906712173,0.020773845,0.014804715,0.5643460277757749,0.0059691295,0.9479166666666665,True,True,250.0,-0.0002772815350908786,0.047573380172252655,-0.03058851168124795,0.496,True
long,12,2021-01-04,2024-12-31,2021-01-04,2024-07-02,2025-01-02,2025-12-31,price_volume_confirmation|pvc_9m_1m_liq20_126|h126,price_volume_confirmation,pvc_9m_1m_liq20_126,126,"{""confirmation_strength"": 0.25, ""liquidity_clip"": 2, ""long_window"": 126, ""short_window"": 20, ""skip"": 21, ""window"": 189}",879,0.03862872,0.13973247,1.1631823368396463,0.6450511945392492,0.011668129,0.06552804,1.3650006787735314,0.05385991,0.8708333333333333,True,True,250.0,0.06096511706709862,0.09650211036205292,2.0189193263556477,0.704,True
