hypothesis_key,factor_key,family,variant,horizon_days,parameters,research_dates,median_membership_count,median_return_asset_count,valid_ic_ratio,quantile_curve_rho,quantile_step_ratio,rank_autocorrelation_observations,mean_rank_autocorrelation,median_rank_autocorrelation,spearman_ic_mean,spearman_ic_median,spearman_ic_hac_tstat,spearman_ic_raw_p_value,spearman_ic_daily_direction_rate,spearman_ic_monthly_direction_rate,spearman_ic_annual_direction_rate,q10_minus_q1_mean,q10_minus_q1_median,q10_minus_q1_hac_tstat,q10_minus_q1_raw_p_value,q10_minus_q1_daily_direction_rate,q10_minus_q1_monthly_direction_rate,q10_minus_q1_annual_direction_rate,q10_minus_middle_mean,q10_minus_middle_median,q10_minus_middle_hac_tstat,q10_minus_middle_raw_p_value,q10_minus_middle_daily_direction_rate,q10_minus_middle_monthly_direction_rate,q10_minus_middle_annual_direction_rate,middle_minus_q1_mean,middle_minus_q1_median,middle_minus_q1_hac_tstat,middle_minus_q1_raw_p_value,middle_minus_q1_daily_direction_rate,middle_minus_q1_monthly_direction_rate,middle_minus_q1_annual_direction_rate,edges_minus_middle_mean,edges_minus_middle_median,edges_minus_middle_hac_tstat,edges_minus_middle_raw_p_value,edges_minus_middle_daily_direction_rate,edges_minus_middle_monthly_direction_rate,edges_minus_middle_annual_direction_rate,pattern,pattern_direction,primary_effect,strongest_economic_effect,strongest_economic_effect_mean,strongest_economic_effect_hac_tstat,strongest_economic_effect_abs_tstat,strongest_economic_effect_monthly_direction_rate,strongest_economic_effect_annual_direction_rate,primary_effect_mean,primary_effect_median,primary_effect_hac_tstat,primary_effect_raw_p_value,primary_effect_bh_q_active_scope,primary_effect_planned_bonferroni_p,primary_effect_monthly_direction_rate,primary_effect_annual_direction_rate,primary_effect_valid_date_ratio,full_research_scope,active_hypothesis_count,active_effect_test_count,evidence_status,classification_reason,evidence_score
short_term_reversal|reversal_5d|h5,short_term_reversal|reversal_5d,short_term_reversal,reversal_5d,5,"{""window"": 5}",4181,503.0,429.0,0.9988041138483617,0.9636363636363635,0.8888888888888888,4181,-0.014935986465886652,-0.009611011311757326,0.012586586928943664,0.0075947141740471125,2.8570002288670002,0.0042766552976161555,0.5193965517241379,0.59,0.8235294117647058,0.0013747650296180875,0.0011121132411062717,1.9449531577944204,0.05178061629236327,0.5308908045977011,0.575,0.7058823529411765,0.0010931225785020702,0.0007820406462997198,2.296388531110018,0.021653676145528968,0.5282567049808429,0.61,0.8823529411764706,0.0002816424497639715,0.00034673791378736496,0.7269669475272824,0.46724620367504466,0.5126915708812261,0.535,0.7058823529411765,0.00040574006968663144,0.0003157788887619972,1.6108969215054834,0.10720219111709411,0.5146072796934866,0.55,0.7058823529411765,upper_tail,q10_above_middle,q10_minus_middle,q10_minus_middle,0.0010931225785020702,2.296388531110018,2.296388531110018,0.61,0.8823529411764706,0.0010931225785020702,0.0007820406462997198,2.296388531110018,0.021653676145528968,0.9179359563047531,1.0,0.61,0.8823529411764706,0.9988041138483617,True,448,2240,rejected_by_multiple_testing,Q10 differs from the middle more clearly than Q1 does.,103.81170535759757
liquidity_change|liq_20d_252d|h252,liquidity_change|liq_20d_252d,liquidity_change,liq_20d_252d,252,"{""long_window"": 252, ""short_window"": 20}",4181,503.0,419.0,0.9397273379574265,-0.10303030303030303,0.6666666666666666,4181,0.07667491765646706,0.0851734051301562,0.008006655858431298,0.012311144731938839,0.7992074037939827,0.42417015959014803,0.568592517179944,0.5851063829787234,0.5625,0.0002404118197825262,0.014380641281604767,0.017122383796449054,0.9863389818417714,0.5601934334436244,0.5585106382978723,0.5625,0.016679007569140692,0.016744539141654968,2.395260295665657,0.016608569956027226,0.6029524051921609,0.6276595744680851,0.6875,-0.016438595729743263,0.0033004656434059143,-1.110122888010891,0.26694607564724737,0.4840926444387885,0.4734042553191489,0.4375,0.01655880164923457,0.009739823639392853,1.8003470325303241,0.07180585879154434,0.5703741410027997,0.6276595744680851,0.5625,upper_tail,q10_above_middle,q10_minus_middle,q10_minus_middle,0.016679007569140692,2.395260295665657,2.395260295665657,0.6276595744680851,0.6875,0.016679007569140692,0.016744539141654968,2.395260295665657,0.016608569956027226,0.9179359563047531,1.0,0.6276595744680851,0.6875,0.9397273379574265,True,448,2240,rejected_by_multiple_testing,Q10 differs from the middle more clearly than Q1 does.,103.73437247309039
liquidity_change|liq_20d_126d|h252,liquidity_change|liq_20d_126d,liquidity_change,liq_20d_126d,252,"{""long_window"": 126, ""short_window"": 20}",4181,503.0,419.0,0.9397273379574265,-0.2727272727272727,0.5555555555555556,4181,0.1459978780704886,0.14786285902410723,0.0029490669993260353,0.005531279370188713,0.5433617563438357,0.5868807516530719,0.5349961822346653,0.5319148936170213,0.6875,0.0037115636100572055,0.007009446620941162,0.45415010844760517,0.6497207897052142,0.5403410537032324,0.5691489361702128,0.625,0.013926054745670536,0.011956781148910522,2.4148290523883165,0.015742596231471295,0.5846271315856452,0.6063829787234043,0.625,-0.010214491147317085,-0.0013210475444793701,-1.013859443912949,0.31064982575855016,0.5100534487146857,0.5159574468085106,0.625,0.012070272916138124,0.007887452840805054,1.6954658808373864,0.08998707740876616,0.5703741410027997,0.6223404255319149,0.5,upper_tail,q10_above_middle,q10_minus_middle,q10_minus_middle,0.013926054745670536,2.4148290523883165,2.4148290523883165,0.6063829787234043,0.625,0.013926054745670536,0.011956781148910522,2.4148290523883165,0.015742596231471295,0.9179359563047531,1.0,0.6063829787234043,0.625,0.9397273379574265,True,448,2240,rejected_by_multiple_testing,Q10 differs from the middle more clearly than Q1 does.,103.6703603216356
low_volatility|60d|h63,low_volatility|60d,low_volatility,60d,63,"{""window"": 60}",4181,503.0,426.0,0.9849318344893566,-0.9393939393939393,0.6666666666666666,4181,0.7336592350159159,0.7310559163810607,-0.011882624191451838,-0.006292290519922972,-0.4935791468158431,0.621603430994266,0.5092277804759592,0.5228426395939086,0.5294117647058824,-0.018311459136558694,-0.014866488054394722,-1.6039108822356372,0.10873369775825369,0.5485672656629432,0.5634517766497462,0.5882352941176471,-0.0013606722961426877,-0.004656006582081318,-0.2638889467169294,0.7918654930865809,0.5378824672170957,0.5482233502538071,0.47058823529411764,-0.016950786917656356,-0.008218839764595032,-2.238628039343961,0.025180128261055174,0.5473530840213696,0.5736040609137056,0.6470588235294118,0.007795057277536203,0.0043218694627285,2.5458528011466806,0.010901114541343605,0.564108790675085,0.5888324873096447,0.5882352941176471,lower_tail,q1_above_middle,middle_minus_q1,edges_minus_middle,0.007795057277536203,2.5458528011466806,2.5458528011466806,0.5888324873096447,0.5882352941176471,-0.016950786917656356,-0.008218839764595032,-2.238628039343961,0.025180128261055174,0.9179359563047531,1.0,0.5736040609137056,0.6470588235294118,0.9849318344893566,True,448,2240,rejected_by_multiple_testing,Q1 differs from the middle more clearly than Q10 does.,103.48474945179855
low_volatility|90d|h63,low_volatility|90d,low_volatility,90d,63,"{""window"": 90}",4181,503.0,426.0,0.9849318344893566,-0.8909090909090909,0.5555555555555556,4181,0.8371353193023363,0.8410406613860542,-0.013731777112298447,-0.011409980710595846,-0.5553753539668985,0.5786379467444529,0.5118989800874211,0.5279187817258884,0.5294117647058824,-0.018480545549610275,-0.016763737425208092,-1.5659132443985102,0.1173689287839582,0.5522098105876639,0.5532994923857868,0.5882352941176471,-0.0017133549512716778,-0.003778415732085705,-0.32246142702585084,0.7471031551310814,0.5322972316658572,0.5431472081218274,0.47058823529411764,-0.016767190661860994,-0.009068859741091728,-2.1419003139481907,0.03220150460463829,0.5509956289460903,0.5685279187817259,0.7058823529411765,0.007526917813455251,0.004197277128696442,2.3879075646179686,0.0169446030085528,0.569208353569694,0.6142131979695431,0.6470588235294118,lower_tail,q1_above_middle,middle_minus_q1,edges_minus_middle,0.007526917813455251,2.3879075646179686,2.3879075646179686,0.6142131979695431,0.6470588235294118,-0.016767190661860994,-0.009068859741091728,-2.1419003139481907,0.03220150460463829,0.9179359563047531,1.0,0.5685279187817259,0.7058823529411765,0.9849318344893566,True,448,2240,rejected_by_multiple_testing,Q1 differs from the middle more clearly than Q10 does.,103.44018966131726
trend|SMA20|h1,trend|SMA20,trend,SMA20,1,"{""window"": 20}",4181,503.0,429.0,0.9997608227696724,-0.9030303030303028,0.6666666666666666,4181,0.9083251332686226,0.9152453339065543,-0.00630080051722997,-0.001867901359219104,-2.1219827973737018,0.03383918266420508,0.5043062200956938,0.6,0.8235294117647058,-0.00036105637238732747,-0.00010794145055115223,-1.7783345543482567,0.07534892439799648,0.5055023923444976,0.56,0.8235294117647058,-8.480931382018317e-05,-7.34422355890274e-05,-0.763450277101497,0.44519490536549977,0.5066985645933014,0.52,0.5882352941176471,-0.00027624705359320916,-0.00019258842803537846,-2.0590134706416783,0.039492948068417986,0.5160287081339713,0.59,0.7647058823529411,9.571885892427325e-05,0.00011915582581423223,1.3723389235209944,0.16995795388346613,0.5150717703349282,0.525,0.6470588235294118,lower_tail,q1_above_middle,middle_minus_q1,middle_minus_q1,-0.00027624705359320916,-2.0590134706416783,2.0590134706416783,0.59,0.7647058823529411,-0.00027624705359320916,-0.00019258842803537846,-2.0590134706416783,0.039492948068417986,0.9179359563047531,1.0,0.59,0.7647058823529411,0.9997608227696724,True,448,2240,rejected_by_multiple_testing,Q1 differs from the middle more clearly than Q10 does.,103.43430948770103
low_volatility|90d|h42,low_volatility|90d,low_volatility,90d,42,"{""window"": 90}",4181,503.0,427.0,0.9899545563262377,-0.9393939393939393,0.6666666666666666,4181,0.8878341710462495,0.892146360528065,-0.012636854861452508,-0.003219396574422717,-0.6158603159831435,0.5379867148514327,0.5047112829185794,0.5202020202020202,0.47058823529411764,-0.012322790952756353,-0.008020438253879547,-1.527729138302476,0.12657980241104164,0.5337037931867601,0.5555555555555556,0.5882352941176471,-0.0010404648781358,-0.001759495586156845,-0.2873568618842561,0.7738390880990366,0.5225899975839575,0.5505050505050505,0.47058823529411764,-0.011282325969171026,-0.004999496042728424,-2.1305215715131847,0.033128576824957796,0.5370862527180479,0.5505050505050505,0.7058823529411765,0.005120930543835301,0.0029803290963172913,2.466310575505822,0.013651291160611706,0.5537569461222518,0.5757575757575758,0.6470588235294118,lower_tail,q1_above_middle,middle_minus_q1,edges_minus_middle,0.005120930543835301,2.466310575505822,2.466310575505822,0.5757575757575758,0.6470588235294118,-0.011282325969171026,-0.004999496042728424,-2.1305215715131847,0.033128576824957796,0.9179359563047531,1.0,0.5505050505050505,0.7058823529411765,0.9899545563262377,True,448,2240,rejected_by_multiple_testing,Q1 differs from the middle more clearly than Q10 does.,103.41157208071446
low_volatility|60d|h42,low_volatility|60d,low_volatility,60d,42,"{""window"": 60}",4181,503.0,427.0,0.9899545563262377,-0.9151515151515152,0.6666666666666666,4181,0.8120525139239808,0.8181639913481333,-0.010637050874538062,-0.0010684238513931632,-0.5331125442376832,0.5939556760560551,0.5015704276395264,0.51010101010101,0.47058823529411764,-0.012152670555081787,-0.007932819426059723,-1.5564378796916125,0.11960400359053737,0.5378110654747523,0.5454545454545454,0.5882352941176471,-0.0010223945295711279,-0.00203491747379303,-0.29259127398198426,0.7698345843801737,0.5247644358540711,0.5454545454545454,0.5294117647058824,-0.011130276033762251,-0.0047666216269135475,-2.160205980415124,0.030756727406106753,0.5341870016912298,0.5606060606060606,0.6470588235294118,0.005053940693007192,0.003369587939232588,2.484644081469493,0.012968101812146674,0.5622130949504711,0.5656565656565656,0.6470588235294118,lower_tail,q1_above_middle,middle_minus_q1,edges_minus_middle,0.005053940693007192,2.484644081469493,2.484644081469493,0.5656565656565656,0.6470588235294118,-0.011130276033762251,-0.0047666216269135475,-2.160205980415124,0.030756727406106753,0.9179359563047531,1.0,0.5606060606060606,0.6470588235294118,0.9899545563262377,True,448,2240,rejected_by_multiple_testing,Q1 differs from the middle more clearly than Q10 does.,103.3927173053653
short_term_reversal|reversal_5d|h1,short_term_reversal|reversal_5d,short_term_reversal,reversal_5d,1,"{""window"": 5}",4181,503.0,429.0,0.9997608227696724,0.9878787878787878,0.8888888888888888,4181,0.7589151182853556,0.7709413508536138,0.007509734801051178,0.0040189402643591166,2.612287794726077,0.008993850754984115,0.511244019138756,0.57,0.8235294117647058,0.0003961829330834686,1.226901076734066e-05,2.028260370982884,0.04253368126332706,0.5002392344497608,0.575,0.7647058823529411,0.0002951672201409143,0.00027575746935326606,2.3244576863972615,0.02010097688646835,0.5244019138755981,0.62,0.8235294117647058,0.0001010157038911238,-3.988808020949364e-05,0.8990578654467462,0.36862183945920934,0.49569377990430624,0.52,0.6470588235294118,9.707575134067399e-05,0.0002052223135251552,1.3959621250746441,0.16272590088550187,0.5272727272727272,0.535,0.7647058823529411,positive_monotonic,positive,q10_minus_q1,q10_minus_middle,0.0002951672201409143,2.3244576863972615,2.3244576863972615,0.62,0.8235294117647058,0.0003961829330834686,1.226901076734066e-05,2.028260370982884,0.04253368126332706,0.9179359563047531,1.0,0.575,0.7647058823529411,0.9997608227696724,True,448,2240,rejected_by_multiple_testing,Higher factor deciles generally have higher future returns.,103.3912108301998
liquidity_change|liq_20d_126d|h126,liquidity_change|liq_20d_126d,liquidity_change,liq_20d_126d,126,"{""long_window"": 126, ""short_window"": 20}",4181,503.0,424.0,0.9698636689787132,-0.24848484848484845,0.5555555555555556,4181,0.06305986977029715,0.06621961353517716,-0.0015408045239667621,0.0017773864092305303,-0.27053438259506957,0.7867491692181636,0.4919852034525277,0.4845360824742268,0.5294117647058824,0.005581212311474384,0.005001075565814972,0.912059896260079,0.3617371880665471,0.5395807644882861,0.5618556701030928,0.5882352941176471,0.010300736017462037,0.007399164140224457,2.041733129894314,0.04117801057383826,0.5787916152897657,0.6082474226804123,0.7058823529411765,-0.004719523706963762,-0.0015848707407712936,-1.1367377020375995,0.2556479533068363,0.5127003699136868,0.5257731958762887,0.6470588235294118,0.007510129732203827,0.005745898932218552,2.1694650893356764,0.030047392014454458,0.5758323057953144,0.6134020618556701,0.7058823529411765,upper_tail,q10_above_middle,q10_minus_middle,edges_minus_middle,0.007510129732203827,2.1694650893356764,2.1694650893356764,0.6134020618556701,0.7058823529411765,0.010300736017462037,0.007399164140224457,2.041733129894314,0.04117801057383826,0.9179359563047531,1.0,0.6082474226804123,0.7058823529411765,0.9698636689787132,True,448,2240,rejected_by_multiple_testing,Q10 differs from the middle more clearly than Q1 does.,103.37755755640924
low_volatility|40d|h63,low_volatility|40d,low_volatility,40d,63,"{""window"": 40}",4181,503.0,426.0,0.9849318344893566,-0.9636363636363635,0.8888888888888888,4181,0.6847259037928685,0.6817274192692256,-0.009829233856248091,-0.003333226079121232,-0.42592891988238757,0.67015964100049,0.5031568722680914,0.5177664974619289,0.5294117647058824,-0.01852136835162001,-0.014554329216480255,-1.6866761424546808,0.09166564196776,0.5539096648858669,0.5634517766497462,0.5294117647058824,-0.0024842467171641183,-0.0024134907871484756,-0.5005613052657334,0.6166799006854302,0.5220981058766392,0.5329949238578681,0.5294117647058824,-0.016037121617592912,-0.007795589044690132,-2.2041184310688084,0.027516016270936968,0.5492957746478874,0.5532994923857868,0.5882352941176471,0.006776437375066018,0.0032506738789379597,2.3054278549978795,0.021142622957977617,0.5534239922292375,0.5736040609137056,0.5882352941176471,lower_tail,q1_above_middle,middle_minus_q1,edges_minus_middle,0.006776437375066018,2.3054278549978795,2.3054278549978795,0.5736040609137056,0.5882352941176471,-0.016037121617592912,-0.007795589044690132,-2.2041184310688084,0.027516016270936968,0.9179359563047531,1.0,0.5532994923857868,0.5882352941176471,0.9849318344893566,True,448,2240,time_unstable_pattern,Q1 differs from the middle more clearly than Q10 does.,103.36870749612223
low_volatility|180d|h63,low_volatility|180d,low_volatility,180d,63,"{""window"": 180}",4181,503.0,425.0,0.9849318344893566,-0.9757575757575757,0.7777777777777778,4181,0.9352739187646114,0.9393077586800404,-0.012509508071425837,-0.010014668107032776,-0.49019738214009945,0.6239942331040744,0.5133559980573094,0.5076142131979695,0.5294117647058824,-0.020822283708286437,-0.018075410276651382,-1.7012391994683198,0.0888980797904165,0.5446818844099077,0.5685279187817259,0.5882352941176471,-0.0032683733073069978,-0.008111122995615005,-0.6083409505674959,0.5429613664101521,0.5679941719281204,0.5736040609137056,0.47058823529411764,-0.01755391053355099,-0.010851072147488594,-2.136199694720376,0.03266314033267896,0.5580378824672171,0.5482233502538071,0.6470588235294118,0.007142768635914578,0.0029570693150162697,2.1791666199514244,0.029319292674120728,0.5378824672170957,0.5482233502538071,0.5882352941176471,lower_tail,q1_above_middle,middle_minus_q1,edges_minus_middle,0.007142768635914578,2.1791666199514244,2.1791666199514244,0.5482233502538071,0.5882352941176471,-0.01755391053355099,-0.010851072147488594,-2.136199694720376,0.03266314033267896,0.9179359563047531,1.0,0.5482233502538071,0.6470588235294118,0.9849318344893566,True,448,2240,time_unstable_pattern,Q1 differs from the middle more clearly than Q10 does.,103.3532735347031
short_term_reversal|reversal_5d|h21,short_term_reversal|reversal_5d,short_term_reversal,reversal_5d,21,"{""window"": 5}",4181,503.0,428.0,0.9949772781631189,0.9636363636363635,0.8888888888888888,4181,-0.0036252973121086935,-0.003339394762095627,0.0096977148548621,0.007491085911169648,1.8937790575551212,0.05825434254571155,0.5175480769230769,0.5829145728643216,0.6470588235294118,0.0027088463497141045,0.001496706623584032,1.8870869912645103,0.0591486261074386,0.5173076923076924,0.5628140703517588,0.7058823529411765,0.0023379627153330006,0.0008663330227136612,1.97217858098428,0.04858922389483423,0.5165865384615385,0.5778894472361809,0.7647058823529411,0.0003708835907113658,0.0013956166803836823,0.35513676534491323,0.7224871347124755,0.5228365384615384,0.542713567839196,0.5294117647058824,0.0009835395478988245,0.0003159232437610626,1.1489009669001322,0.2505968189119796,0.5079326923076923,0.5125628140703518,0.6470588235294118,upper_tail,q10_above_middle,q10_minus_middle,q10_minus_middle,0.0023379627153330006,1.97217858098428,1.97217858098428,0.5778894472361809,0.7647058823529411,0.0023379627153330006,0.0008663330227136612,1.97217858098428,0.04858922389483423,0.9179359563047531,1.0,0.5778894472361809,0.7647058823529411,0.9949772781631189,True,448,2240,rejected_by_multiple_testing,Q10 differs from the middle more clearly than Q1 does.,103.33449569638324
low_volatility|180d|h42,low_volatility|180d,low_volatility,180d,42,"{""window"": 180}",4181,503.0,427.0,0.9899545563262377,-0.9757575757575757,0.7777777777777778,4181,0.9585204558919391,0.9625436432883011,-0.01222162892825416,-0.004282514564692974,-0.5763244412997315,0.5643959054599612,0.5059193041797536,0.5202020202020202,0.5294117647058824,-0.01408209728544403,-0.007774200290441513,-1.6602063875905848,0.0968729400888478,0.5353950229524039,0.5505050505050505,0.5882352941176471,-0.002104879449245748,-0.005097687244415283,-0.5617079956081268,0.5743149858208625,0.5496496738342594,0.5555555555555556,0.5294117647058824,-0.011977217811686092,-0.003913722932338715,-2.131121640700611,0.0330791223126954,0.5266972698719498,0.5252525252525253,0.6470588235294118,0.004936169160188629,0.002285960130393505,2.2466307671434382,0.02466363418608971,0.5419183377627447,0.5404040404040404,0.6470588235294118,lower_tail,q1_above_middle,middle_minus_q1,edges_minus_middle,0.004936169160188629,2.2466307671434382,2.2466307671434382,0.5404040404040404,0.6470588235294118,-0.011977217811686092,-0.003913722932338715,-2.131121640700611,0.0330791223126954,0.9179359563047531,1.0,0.5252525252525253,0.6470588235294118,0.9899545563262377,True,448,2240,time_unstable_pattern,Q1 differs from the middle more clearly than Q10 does.,103.32589929715398
low_volatility|90d|h5,low_volatility|90d,low_volatility,90d,5,"{""window"": 90}",4181,503.0,429.0,0.9988041138483617,-0.9030303030303028,0.6666666666666666,4181,0.9865274911339228,0.989142808852504,-0.0013123915851859054,-0.004009428666904569,-0.1760012630109313,0.8602929501974639,0.5052681992337165,0.48,0.5294117647058824,-0.0015877823186560486,-0.0013169031590223312,-1.4910313403914845,0.1359532668296937,0.5167624521072797,0.485,0.6470588235294118,-0.0001436333487022082,-0.0004077632038388401,-0.3106956285532795,0.7560320208136365,0.5134099616858238,0.515,0.7058823529411765,-0.0014441489867150264,-0.0006778473034501076,-2.040663425458217,0.04128429313887244,0.5126915708812261,0.495,0.7647058823529411,0.0006502578159329443,0.00026540353428572416,2.3940926945611114,0.016661537414989446,0.5100574712643678,0.555,0.7647058823529411,lower_tail,q1_above_middle,middle_minus_q1,edges_minus_middle,0.0006502578159329443,2.3940926945611114,2.3940926945611114,0.555,0.7647058823529411,-0.0014441489867150264,-0.0006778473034501076,-2.040663425458217,0.04128429313887244,0.9179359563047531,1.0,0.495,0.7647058823529411,0.9988041138483617,True,448,2240,time_unstable_pattern,Q1 differs from the middle more clearly than Q10 does.,103.32431023475678
residual_momentum|resmom_9m_1m|h63,residual_momentum|resmom_9m_1m,residual_momentum,resmom_9m_1m,63,"{""skip"": 21, ""window"": 189}",4181,503.0,415.0,0.9849318344893566,0.6969696969696969,0.5555555555555556,4181,0.5926601620429804,0.6066543063438143,0.01388705269446958,0.025928479619324207,0.9039450119685225,0.36602455973147474,0.5679941719281204,0.5634517766497462,0.5294117647058824,0.009715562929232972,0.01072940556332469,1.1344112535095718,0.25662208077140514,0.5662943176299174,0.5482233502538071,0.6470588235294118,0.009269939729906102,0.007430991157889366,2.118626039282473,0.03412208332348786,0.5667799902865469,0.5786802030456852,0.5882352941176471,0.0004456232256885218,0.0027754581533372402,0.0669667910871273,0.9466081407045717,0.5254978144730452,0.5126903553299492,0.5294117647058824,0.00441215827940335,0.003049890510737896,1.206415064282399,0.22765749044050154,0.5286546867411365,0.5329949238578681,0.6470588235294118,upper_tail,q10_above_middle,q10_minus_middle,q10_minus_middle,0.009269939729906102,2.118626039282473,2.118626039282473,0.5786802030456852,0.5882352941176471,0.009269939729906102,0.007430991157889366,2.118626039282473,0.03412208332348786,0.9179359563047531,1.0,0.5786802030456852,0.5882352941176471,0.9849318344893566,True,448,2240,time_unstable_pattern,Q10 differs from the middle more clearly than Q1 does.,103.30672779683863
low_volatility|120d|h63,low_volatility|120d,low_volatility,120d,63,"{""window"": 120}",4181,503.0,426.0,0.9849318344893566,-0.9636363636363635,0.6666666666666666,4181,0.88922944166435,0.894287489975379,-0.014436447942501564,-0.013075761497020721,-0.5733451311811083,0.5664110333328628,0.5155415250121418,0.5177664974619289,0.5294117647058824,-0.018956362500811886,-0.016759964637458324,-1.5863306826241819,0.11266431560571323,0.5505099562894609,0.5634517766497462,0.5882352941176471,-0.0034171520354544663,-0.005855849711224437,-0.6359509602084344,0.5248083859667655,0.5490529383195726,0.5685279187817259,0.47058823529411764,-0.015539210489641237,-0.008449513465166092,-1.9786787041458485,0.04785219212404291,0.5478387566779991,0.5634517766497462,0.7058823529411765,0.006061029231757913,0.0031988434493541718,1.9588448259905415,0.05013096215268964,0.5500242836328315,0.5685279187817259,0.5882352941176471,lower_tail,q1_above_middle,middle_minus_q1,middle_minus_q1,-0.015539210489641237,-1.9786787041458485,1.9786787041458485,0.5634517766497462,0.7058823529411765,-0.015539210489641237,-0.008449513465166092,-1.9786787041458485,0.04785219212404291,0.9179359563047531,1.0,0.5634517766497462,0.7058823529411765,0.9849318344893566,True,448,2240,rejected_by_multiple_testing,Q1 differs from the middle more clearly than Q10 does.,103.26779962077822
liquidity_change|liq_20d_252d|h126,liquidity_change|liq_20d_252d,liquidity_change,liq_20d_252d,126,"{""long_window"": 252, ""short_window"": 20}",4181,503.0,423.0,0.9698636689787132,-0.23636363636363633,0.6666666666666666,4181,0.11935900534186177,0.11716546782665341,0.00476509203507895,0.003655422246083617,0.5674634116960723,0.5703993781301244,0.5200986436498151,0.5257731958762887,0.5882352941176471,0.008331178022581858,0.010059066116809845,0.9811524888405838,0.3265175495565438,0.5713933415536375,0.6082474226804123,0.5882352941176471,0.01285019439947131,0.007675968110561371,2.001048203905417,0.04538719539341885,0.579284833538841,0.5876288659793815,0.5882352941176471,-0.0045190163537786425,0.0009617693722248077,-0.781351653557904,0.43459569777976426,0.4897657213316893,0.4896907216494845,0.5882352941176471,0.008684605406913057,0.004487358033657074,1.975863344731522,0.0481702567113608,0.5570900123304562,0.5927835051546392,0.5882352941176471,upper_tail,q10_above_middle,q10_minus_middle,q10_minus_middle,0.01285019439947131,2.001048203905417,2.001048203905417,0.5876288659793815,0.5882352941176471,0.01285019439947131,0.007675968110561371,2.001048203905417,0.04538719539341885,0.9179359563047531,1.0,0.5876288659793815,0.5882352941176471,0.9698636689787132,True,448,2240,time_unstable_pattern,Q10 differs from the middle more clearly than Q1 does.,103.1969228460415
low_volatility|180d|h5,low_volatility|180d,low_volatility,180d,5,"{""window"": 180}",4181,503.0,429.0,0.9988041138483617,-0.9999999999999999,1.0,4181,0.9953091649601135,0.9968251236458167,-0.001532049338893026,-0.005932387663051486,-0.2006055039062455,0.8410070540661352,0.508860153256705,0.48,0.5294117647058824,-0.0017833982164324096,-0.00167942326515913,-1.6442989376468706,0.10011446867909168,0.5208333333333334,0.495,0.6470588235294118,-0.0003314824532733635,-0.0008210086962208152,-0.6920929703375298,0.48887894597771975,0.5268199233716475,0.5,0.7058823529411765,-0.0014519157938039649,-0.0005874753114767373,-2.024666666514227,0.04290160363062908,0.5112547892720306,0.49,0.6470588235294118,0.0005602166964873222,2.6712194085121155e-05,2.0092613690742587,0.04450942246839356,0.5023946360153256,0.54,0.7058823529411765,lower_tail,q1_above_middle,middle_minus_q1,middle_minus_q1,-0.0014519157938039649,-2.024666666514227,2.024666666514227,0.49,0.6470588235294118,-0.0014519157938039649,-0.0005874753114767373,-2.024666666514227,0.04290160363062908,0.9179359563047531,1.0,0.49,0.6470588235294118,0.9988041138483617,True,448,2240,time_unstable_pattern,Q1 differs from the middle more clearly than Q10 does.,103.18197215670877
low_volatility|180d|h10,low_volatility|180d,low_volatility,180d,10,"{""window"": 180}",4181,503.0,428.0,0.9976082276967233,-0.9999999999999999,1.0,4181,0.9905517371384797,0.9930507778036306,-0.004572162477012154,-0.002981205703690648,-0.43332067911364225,0.6647818170666773,0.5051546391752577,0.505,0.5882352941176471,-0.003286090583077294,-0.0022368431091308594,-1.6349027134919527,0.10206944356519414,0.5226564373052026,0.54,0.6470588235294118,-0.0006547535195896119,-0.0016484111547470093,-0.7115754878199494,0.47672769040578167,0.5286502037880604,0.55,0.7058823529411765,-0.002631337095417466,-0.0011150389909744263,-1.9800656654669353,0.04769615057818054,0.5178614241189163,0.515,0.6470588235294118,0.0009882917841529668,0.00021079182624816895,1.81542776908002,0.06945819683567099,0.5073123951090865,0.51,0.6470588235294118,lower_tail,q1_above_middle,middle_minus_q1,middle_minus_q1,-0.002631337095417466,-1.9800656654669353,1.9800656654669353,0.515,0.6470588235294118,-0.002631337095417466,-0.0011150389909744263,-1.9800656654669353,0.04769615057818054,0.9179359563047531,1.0,0.515,0.6470588235294118,0.9976082276967233,True,448,2240,time_unstable_pattern,Q1 differs from the middle more clearly than Q10 does.,103.16192514565101
low_volatility|20d|h5,low_volatility|20d,low_volatility,20d,5,"{""window"": 20}",4181,503.0,429.0,0.9988041138483617,-0.8787878787878788,0.6666666666666666,4181,0.880742695726568,0.8874593723403935,-0.0013422980651561919,-0.00022540672944160178,-0.2010040661935171,0.8406953945958094,0.5004789272030651,0.48,0.5294117647058824,-0.0016918141734454035,-0.000871034077135846,-1.7768629814552324,0.07559078638344555,0.5170019157088123,0.52,0.5882352941176471,-0.0004402489670657564,-0.00039379126974381506,-1.0674135035917778,0.28578515336459387,0.51772030651341,0.545,0.7058823529411765,-0.0012515651865650332,-0.0004985593259334564,-1.9627196800064668,0.04967875509240187,0.5114942528735632,0.505,0.6470588235294118,0.00040565809869936485,9.838445112109184e-05,1.6327793024452195,0.10251542164405575,0.5067049808429118,0.56,0.6470588235294118,lower_tail,q1_above_middle,middle_minus_q1,middle_minus_q1,-0.0012515651865650332,-1.9627196800064668,1.9627196800064668,0.505,0.6470588235294118,-0.0012515651865650332,-0.0004985593259334564,-1.9627196800064668,0.04967875509240187,0.9179359563047531,1.0,0.505,0.6470588235294118,0.9988041138483617,True,448,2240,time_unstable_pattern,Q1 differs from the middle more clearly than Q10 does.,103.13440570033593
low_volatility|20d|h63,low_volatility|20d,low_volatility,20d,63,"{""window"": 20}",4181,503.0,426.0,0.9849318344893566,-0.9636363636363635,0.8888888888888888,4181,0.5889716545578599,0.5924533462289941,-0.008755069724275914,0.0018152926350012422,-0.40990833981295205,0.6818731873595716,0.49757163671685284,0.5177664974619289,0.47058823529411764,-0.017204091064369594,-0.012970007490366697,-1.6761180082829055,0.09371508004222671,0.5519669742593492,0.5736040609137056,0.47058823529411764,-0.003614543760290361,-0.0033698813058435917,-0.789359039630804,0.4299021887898352,0.5322972316658572,0.5583756345177665,0.5294117647058824,-0.013589547362286894,-0.006635219790041447,-2.016608971464163,0.043736336044024306,0.5417678484701312,0.5431472081218274,0.5294117647058824,0.004987501810454538,0.0023607760667800903,1.90547198446236,0.056718745793726884,0.5403108305002429,0.5634517766497462,0.5882352941176471,lower_tail,q1_above_middle,middle_minus_q1,middle_minus_q1,-0.013589547362286894,-2.016608971464163,2.016608971464163,0.5431472081218274,0.5294117647058824,-0.013589547362286894,-0.006635219790041447,-2.016608971464163,0.043736336044024306,0.9179359563047531,1.0,0.5431472081218274,0.5294117647058824,0.9849318344893566,True,448,2240,time_unstable_pattern,Q1 differs from the middle more clearly than Q10 does.,103.10933403400651
volatility_scaled_momentum|vsmom_12m_1m_vol60|h63,volatility_scaled_momentum|vsmom_12m_1m_vol60,volatility_scaled_momentum,vsmom_12m_1m_vol60,63,"{""skip"": 21, ""volatility_window"": 60, ""window"": 252}",4181,503.0,425.0,0.9849318344893566,-0.09090909090909088,0.5555555555555556,4181,0.6828107503499568,0.7016316053371662,0.008235000181290428,0.024419537745416164,0.4384335474142244,0.661072032175422,0.5497814473045167,0.5532994923857868,0.6470588235294118,0.005951867664615963,0.008614227175712585,0.6779966250511904,0.4977738330922361,0.549538610976202,0.5380710659898477,0.6470588235294118,-0.0024900683824351983,0.00030566006898880005,-0.5926858216244145,0.5533914318788862,0.4985429820301117,0.4720812182741117,0.5294117647058824,0.008441936081483862,0.008799195289611816,1.4618811686897608,0.14377377618625334,0.5750364254492472,0.5786802030456852,0.7647058823529411,-0.005466002273134595,-0.006838511908426881,-2.189343436981557,0.028571887471702938,0.6097620203982516,0.6446700507614214,0.7058823529411765,no_stable_structure,none,none,edges_minus_middle,-0.005466002273134595,-2.189343436981557,2.189343436981557,0.6446700507614214,0.7058823529411765,,,,,,,,,0.9849318344893566,True,448,2240,no_stable_structure,No stable monotonic or tail structure passed the descriptive rules.,0.02189343436981557
low_volatility|90d|h10,low_volatility|90d,low_volatility,90d,10,"{""window"": 90}",4181,503.0,428.0,0.9976082276967233,-0.9636363636363635,0.6666666666666666,4181,0.9728135245802277,0.9765615479784727,-0.004205870928569818,-0.0010171625763177872,-0.4076028766649714,0.6835652520226494,0.5020378806041716,0.515,0.5294117647058824,-0.0027624293928463534,-0.0016545485705137253,-1.412546192284523,0.15778919965126692,0.5197794293934308,0.52,0.6470588235294118,-0.00030559811926328737,-0.0007786962669342756,-0.34403837877937504,0.7308174237199636,0.5171421721409734,0.535,0.7058823529411765,-0.0024568312586369127,-0.0011186674237251282,-1.907251730063251,0.05648799762392617,0.5197794293934308,0.51,0.7058823529411765,0.0010756165860075655,0.0004553799517452717,2.0775490961578655,0.03775090880223331,0.5154639175257731,0.545,0.7647058823529411,no_stable_structure,none,none,edges_minus_middle,0.0010756165860075655,2.0775490961578655,2.0775490961578655,0.545,0.7647058823529411,,,,,,,,,0.9976082276967233,True,448,2240,no_stable_structure,No stable monotonic or tail structure passed the descriptive rules.,0.020775490961578654
low_volatility|90d|h21,low_volatility|90d,low_volatility,90d,21,"{""window"": 90}",4181,503.0,428.0,0.9949772781631189,-0.9393939393939393,0.6666666666666666,4181,0.9425717794200171,0.9476513523836064,-0.006756721134014207,0.00047691373038105667,-0.46231303876199226,0.643856850611336,0.4987980769230769,0.49246231155778897,0.47058823529411764,-0.005694882286367759,-0.000795670785009861,-1.3889099776211933,0.16486012610957101,0.5057692307692307,0.5175879396984925,0.6470588235294118,-0.0005815565732448773,-0.0013619103701785207,-0.3131094047790942,0.7541975441238923,0.5233173076923077,0.5226130653266332,0.6470588235294118,-0.0051133257372594715,-0.0007078796625137329,-1.8788476569859442,0.06026529765162516,0.5069711538461539,0.5025125628140703,0.7058823529411765,0.002265884596902022,0.001259400974959135,2.047065576121693,0.04065164634491276,0.5252403846153846,0.5527638190954773,0.6470588235294118,no_stable_structure,none,none,edges_minus_middle,0.002265884596902022,2.047065576121693,2.047065576121693,0.5527638190954773,0.6470588235294118,,,,,,,,,0.9949772781631189,True,448,2240,no_stable_structure,No stable monotonic or tail structure passed the descriptive rules.,0.02047065576121693
low_volatility|40d|h42,low_volatility|40d,low_volatility,40d,42,"{""window"": 40}",4181,503.0,427.0,0.9899545563262377,-0.9272727272727272,0.7777777777777778,4181,0.6748343741435563,0.6692756690725915,-0.008085678790489489,-0.0023885462433099747,-0.42036959724487827,0.6742154745028208,0.5027784489007007,0.5,0.47058823529411764,-0.012165671508860741,-0.009085504338145256,-1.6229099334291772,0.10460865978187503,0.5433679632761537,0.5353535353535354,0.5882352941176471,-0.00251064453178438,-0.0020983517169952393,-0.7390651406916839,0.45986744309559735,0.5230732060884271,0.5454545454545454,0.6470588235294118,-0.009655026946805282,-0.004228214733302593,-1.9557110065169712,0.05049920742011883,0.5264556656197149,0.5454545454545454,0.5882352941176471,0.0035721912326871284,0.002298746258020401,1.8070236791133372,0.07075858724592783,0.5404687122493356,0.5555555555555556,0.5294117647058824,no_stable_structure,none,none,middle_minus_q1,-0.009655026946805282,-1.9557110065169712,1.9557110065169712,0.5454545454545454,0.5882352941176471,,,,,,,,,0.9899545563262377,True,448,2240,no_stable_structure,No stable monotonic or tail structure passed the descriptive rules.,0.019557110065169712
low_volatility|252d|h5,low_volatility|252d,low_volatility,252d,5,"{""window"": 252}",4181,503.0,428.0,0.9988041138483617,-0.9151515151515152,0.7777777777777778,4181,0.9974350166856768,0.9984689599147456,-0.0022328390472348774,-0.006593176629394293,-0.29062514470110606,0.7713380270686762,0.5098180076628352,0.48,0.6470588235294118,-0.0018333282327587547,-0.0015519833541475236,-1.6934337394524521,0.09037293727983961,0.5217911877394636,0.505,0.7058823529411765,-0.00043891803508667256,-0.0008554377709515393,-0.9135503396715985,0.3609531708448833,0.5263409961685823,0.52,0.7058823529411765,-0.0013944101884447184,-0.0006572630954906344,-1.9506920896359845,0.05109368493101243,0.5136494252873564,0.51,0.7058823529411765,0.00047774607832029494,-2.4656765162944794e-06,1.7117432867646611,0.08694398765600218,0.49976053639846746,0.525,0.5882352941176471,no_stable_structure,none,none,middle_minus_q1,-0.0013944101884447184,-1.9506920896359845,1.9506920896359845,0.51,0.7058823529411765,,,,,,,,,0.9988041138483617,True,448,2240,no_stable_structure,No stable monotonic or tail structure passed the descriptive rules.,0.019506920896359844
residual_momentum|resmom_9m_1m|h42,residual_momentum|resmom_9m_1m,residual_momentum,resmom_9m_1m,42,"{""skip"": 21, ""window"": 189}",4181,503.0,417.0,0.9899545563262377,0.5272727272727272,0.5555555555555556,4181,0.7162722926866001,0.7311139204133734,0.010631842558167355,0.02022586390376091,0.786684160111541,0.4314667788592955,0.5508576950954337,0.5606060606060606,0.5882352941176471,0.006195110829985145,0.006746282801032066,1.04036785667037,0.2981690293476966,0.5409519207538053,0.5555555555555556,0.5882352941176471,0.005915059196994446,0.006519254297018051,1.9477048750391595,0.05145028645734266,0.5706692437786905,0.6111111111111112,0.7058823529411765,0.0002800516268802304,0.0023401714861392975,0.06127134224656526,0.9511431134823525,0.5196907465571394,0.51010101010101,0.47058823529411764,0.002817503759128049,0.002826893702149391,1.132236069650821,0.25753519950070736,0.5315293549166465,0.5353535353535354,0.5882352941176471,no_stable_structure,none,none,q10_minus_middle,0.005915059196994446,1.9477048750391595,1.9477048750391595,0.6111111111111112,0.7058823529411765,,,,,,,,,0.9899545563262377,True,448,2240,no_stable_structure,No stable monotonic or tail structure passed the descriptive rules.,0.019477048750391593
low_volatility|20d|h10,low_volatility|20d,low_volatility,20d,10,"{""window"": 20}",4181,503.0,428.0,0.9976082276967233,-0.9636363636363635,0.8888888888888888,4181,0.7693232166522771,0.7753725718237211,-0.0037730540605092505,-0.0006565420189872384,-0.41070951991917976,0.6812855454943056,0.5020378806041716,0.495,0.5294117647058824,-0.0029968115993812493,-0.0009851944632828236,-1.7381345611654921,0.08218710634377412,0.5125869096140014,0.52,0.5882352941176471,-0.0008126207217571886,-0.0006010520737618208,-1.031110428220281,0.3024890380922869,0.5197794293934308,0.53,0.6470588235294118,-0.0021841909152371503,-0.00042952969670295715,-1.9390094955537194,0.052500181931667986,0.5087508990649724,0.5,0.6470588235294118,0.0006857850962079342,8.805689867585897e-05,1.5265427585346518,0.12687475020181957,0.5034763845600575,0.54,0.5294117647058824,no_stable_structure,none,none,middle_minus_q1,-0.0021841909152371503,-1.9390094955537194,1.9390094955537194,0.5,0.6470588235294118,,,,,,,,,0.9976082276967233,True,448,2240,no_stable_structure,No stable monotonic or tail structure passed the descriptive rules.,0.019390094955537195
liquidity_change|liq_20d_126d|h63,liquidity_change|liq_20d_126d,liquidity_change,liq_20d_126d,63,"{""long_window"": 126, ""short_window"": 20}",4181,503.0,426.0,0.9849318344893566,-0.5515151515151515,0.7777777777777778,4181,0.09127376443511862,0.09260367731501389,-0.010037232163845472,-0.00632762536406517,-1.684113106046019,0.09215981195571325,0.531568722680913,0.5329949238578681,0.7058823529411765,-0.0005158754425932305,0.0004458986222743988,-0.1576188415692412,0.8747571557410428,0.4922292374939291,0.5228426395939086,0.5294117647058824,0.002900072059004046,0.0013740621507167816,1.3246834941377337,0.18527614997343544,0.5220981058766392,0.5126903553299492,0.6470588235294118,-0.0034159474963072773,-0.0017343685030937195,-1.4061190237018557,0.1596887842713589,0.5218552695483244,0.5380710659898477,0.5882352941176471,0.0031580097916580814,0.0024877935647964478,1.9329378615505357,0.0532438530318369,0.5451675570665372,0.5329949238578681,0.7647058823529411,no_stable_structure,none,none,edges_minus_middle,0.0031580097916580814,1.9329378615505357,1.9329378615505357,0.5329949238578681,0.7647058823529411,,,,,,,,,0.9849318344893566,True,448,2240,no_stable_structure,No stable monotonic or tail structure passed the descriptive rules.,0.019329378615505356
low_volatility|180d|h21,low_volatility|180d,low_volatility,180d,21,"{""window"": 180}",4181,503.0,428.0,0.9949772781631189,-0.9878787878787878,0.8888888888888888,4181,0.9801805771800967,0.9841707465743685,-0.00724609407456088,-0.0018697057384997606,-0.48299832864569275,0.6290969229479602,0.5028846153846154,0.49246231155778897,0.5294117647058824,-0.0067767969947034054,-0.003502743551507592,-1.5856882123299543,0.11281005444831897,0.5225961538461539,0.5175879396984925,0.6470588235294118,-0.0012351722964992335,-0.002023397944867611,-0.646619623231353,0.5178781546096116,0.5283653846153846,0.5477386934673367,0.6470588235294118,-0.00554162472018596,-0.0012086564674973488,-1.9304518691410073,0.05355087338523315,0.5110576923076923,0.5276381909547738,0.7058823529411765,0.0021532262431439727,0.0008507771417498589,1.8339298340158092,0.06666441031261659,0.5197115384615385,0.5276381909547738,0.7058823529411765,no_stable_structure,none,none,middle_minus_q1,-0.00554162472018596,-1.9304518691410073,1.9304518691410073,0.5276381909547738,0.7058823529411765,,,,,,,,,0.9949772781631189,True,448,2240,no_stable_structure,No stable monotonic or tail structure passed the descriptive rules.,0.019304518691410075
low_volatility|120d|h5,low_volatility|120d,low_volatility,120d,5,"{""window"": 120}",4181,503.0,429.0,0.9988041138483617,-0.9272727272727272,0.8888888888888888,4181,0.9911955079665066,0.993912841663864,-0.0017462075593862715,-0.0076331146992743015,-0.23123574545347245,0.8171316615428015,0.5100574712643678,0.48,0.5882352941176471,-0.0017125423136038992,-0.0012568806996569037,-1.5948674804123513,0.11074187304336083,0.5170019157088123,0.495,0.6470588235294118,-0.0003482855216176155,-0.0008159778080880642,-0.7377883384630579,0.4606430808220162,0.5261015325670498,0.54,0.5882352941176471,-0.0013642567529233121,-0.0005799389909952879,-1.9215116676342872,0.05466723285004641,0.5122126436781609,0.485,0.7058823529411765,0.0005079856132310137,1.448910916224122e-05,1.852250833181919,0.06398981233949093,0.5007183908045977,0.52,0.6470588235294118,no_stable_structure,none,none,middle_minus_q1,-0.0013642567529233121,-1.9215116676342872,1.9215116676342872,0.485,0.7058823529411765,,,,,,,,,0.9988041138483617,True,448,2240,no_stable_structure,No stable monotonic or tail structure passed the descriptive rules.,0.01921511667634287
low_volatility|120d|h42,low_volatility|120d,low_volatility,120d,42,"{""window"": 120}",4181,503.0,427.0,0.9899545563262377,-0.9636363636363635,0.6666666666666666,4181,0.9275238180750978,0.9318341489326672,-0.013598013089178476,-0.0054585617035627365,-0.6511034127758769,0.5149797336357591,0.5078521381976323,0.5252525252525253,0.5294117647058824,-0.01253564692270625,-0.006965707987546921,-1.5172895660937464,0.12919359136260808,0.5320125634211162,0.5606060606060606,0.5882352941176471,-0.0022391668834140076,-0.0035272613167762756,-0.6034214663771592,0.5462283453144664,0.5380526697269872,0.5606060606060606,0.5294117647058824,-0.010296479974938955,-0.004228949546813965,-1.9058945997510133,0.05666388184044696,0.5295965208987679,0.5505050505050505,0.5882352941176471,0.004028656558567034,0.0019190048333257437,1.9176432718825958,0.05515625933809596,0.5341870016912298,0.5505050505050505,0.6470588235294118,no_stable_structure,none,none,edges_minus_middle,0.004028656558567034,1.9176432718825958,1.9176432718825958,0.5505050505050505,0.6470588235294118,,,,,,,,,0.9899545563262377,True,448,2240,no_stable_structure,No stable monotonic or tail structure passed the descriptive rules.,0.019176432718825957
volatility_scaled_momentum|vsmom_12m_1m_vol60|h42,volatility_scaled_momentum|vsmom_12m_1m_vol60,volatility_scaled_momentum,vsmom_12m_1m_vol60,42,"{""skip"": 21, ""volatility_window"": 60, ""window"": 252}",4181,503.0,425.0,0.9899545563262377,0.1515151515151515,0.5555555555555556,4181,0.7795699917681187,0.7961120646879035,0.010147789257758518,0.01760961301624775,0.6414267611213481,0.5212454506662683,0.538294273979222,0.5505050505050505,0.6470588235294118,0.0044595420482359685,0.006492041051387787,0.7341461831784124,0.4628596489403147,0.5465088185552066,0.5606060606060606,0.6470588235294118,-0.0011235745846891047,0.001296747475862503,-0.3841875149887326,0.7008394711975489,0.48200048320850447,0.48484848484848486,0.47058823529411764,0.005583116665210707,0.00818466767668724,1.393242879616627,0.1635463571325545,0.5767093500845615,0.5505050505050505,0.7647058823529411,-0.0033533456103874435,-0.0038099102675914764,-1.910474925147234,0.05607209190444603,0.5805750181203189,0.5959595959595959,0.6470588235294118,no_stable_structure,none,none,edges_minus_middle,-0.0033533456103874435,-1.910474925147234,1.910474925147234,0.5959595959595959,0.6470588235294118,,,,,,,,,0.9899545563262377,True,448,2240,no_stable_structure,No stable monotonic or tail structure passed the descriptive rules.,0.01910474925147234
trend|SMA100|h5,trend|SMA100,trend,SMA100,5,"{""window"": 100}",4181,503.0,429.0,0.9988041138483617,-0.7212121212121211,0.5555555555555556,4181,0.9109336393743113,0.9180096343694076,-0.004785163214831673,0.00247326388489455,-0.8667410239129919,0.3860839224027346,0.4942528735632184,0.525,0.7058823529411765,-0.0010293616452002345,-0.000121688237413764,-1.1444738039531932,0.25242719578129735,0.5023946360153256,0.54,0.6470588235294118,4.275000629740521e-05,0.0007332796230912209,0.0973851212920502,0.9224205600522037,0.5301724137931034,0.545,0.35294117647058826,-0.0010721116529890716,-0.00033780258672777563,-1.7324031729255256,0.0832018034563154,0.5098180076628352,0.57,0.6470588235294118,0.0005574308570256498,0.0005035964422859251,1.9052021133011436,0.05675380361325045,0.5258620689655172,0.545,0.6470588235294118,no_stable_structure,none,none,edges_minus_middle,0.0005574308570256498,1.9052021133011436,1.9052021133011436,0.545,0.6470588235294118,,,,,,,,,0.9988041138483617,True,448,2240,no_stable_structure,No stable monotonic or tail structure passed the descriptive rules.,0.019052021133011438
momentum|9m-2m|h63,momentum|9m-2m,momentum,9m-2m,63,"{""skip"": 42, ""window"": 189}",4181,503.0,425.0,0.9849318344893566,0.7575757575757575,0.7777777777777778,4181,0.5388585224471031,0.5562492140231897,0.014885195445143136,0.02320165280252695,0.8937007213282769,0.37148203934617907,0.554638173870811,0.5634517766497462,0.5294117647058824,0.009682317752824873,0.010041788220405579,1.0493762593115117,0.2940049803511149,0.5609519184069937,0.583756345177665,0.5294117647058824,0.00942976607683496,0.006667418405413628,1.9007379440230523,0.05733634590289745,0.560709082078679,0.5685279187817259,0.5882352941176471,0.00025255164774831327,0.002970186062157154,0.03726761328088281,0.9702716284031281,0.521369596891695,0.5076142131979695,0.5294117647058824,0.004588607184874096,0.0036510173231363297,1.2270142922239111,0.2198172191832639,0.5349684312773191,0.5685279187817259,0.6470588235294118,no_stable_structure,none,none,q10_minus_middle,0.00942976607683496,1.9007379440230523,1.9007379440230523,0.5685279187817259,0.5882352941176471,,,,,,,,,0.9849318344893566,True,448,2240,no_stable_structure,No stable monotonic or tail structure passed the descriptive rules.,0.019007379440230524
momentum|3m-1m|h5,momentum|3m-1m,momentum,3m-1m,5,"{""skip"": 21, ""window"": 63}",4181,503.0,429.0,0.9988041138483617,-0.5515151515151515,0.6666666666666666,4181,0.8556046504712577,0.8640043003543169,-0.0005708613966151316,0.006801632698625326,-0.111928889387373,0.9108797901084145,0.48515325670498083,0.505,0.5294117647058824,-0.00015818001246635117,0.0005200081504881382,-0.21215745022458082,0.8319842008780058,0.4885057471264368,0.51,0.5882352941176471,0.00046553008155308495,0.0008033622580114752,1.1099513316901712,0.26701999902111273,0.532088122605364,0.535,0.6470588235294118,-0.0006237100834792288,-0.0001649141777306795,-1.2079079109342918,0.2270826863088824,0.5050287356321839,0.54,0.6470588235294118,0.0005446200712271845,0.00026937294751405716,1.898493047054529,0.05763116283218793,0.5146072796934866,0.58,0.5882352941176471,no_stable_structure,none,none,edges_minus_middle,0.0005446200712271845,1.898493047054529,1.898493047054529,0.58,0.5882352941176471,,,,,,,,,0.9988041138483617,True,448,2240,no_stable_structure,No stable monotonic or tail structure passed the descriptive rules.,0.01898493047054529
low_volatility|252d|h10,low_volatility|252d,low_volatility,252d,10,"{""window"": 252}",4181,503.0,428.0,0.9976082276967233,-0.9030303030303028,0.6666666666666666,4181,0.994703078866579,0.9967088045790545,-0.005172311306154681,-0.00356246717274189,-0.48726238826163537,0.6260723981011582,0.5063533924718293,0.505,0.5882352941176471,-0.003369678881801857,-0.0021508578211069107,-1.6758928673658784,0.09375917908345786,0.521457684008631,0.525,0.7058823529411765,-0.0008435085631638318,-0.0018571950495243073,-0.9174906608840997,0.35888558453004105,0.5327259649964038,0.555,0.7058823529411765,-0.0025261703245655492,-0.0011433148756623268,-1.8972784095369264,0.05779120297243466,0.5188204267561736,0.52,0.7058823529411765,0.0008413309125521438,-0.0001100245863199234,1.5403788944405405,0.12346802292334146,0.49604411412131383,0.5,0.5882352941176471,no_stable_structure,none,none,middle_minus_q1,-0.0025261703245655492,-1.8972784095369264,1.8972784095369264,0.52,0.7058823529411765,,,,,,,,,0.9976082276967233,True,448,2240,no_stable_structure,No stable monotonic or tail structure passed the descriptive rules.,0.018972784095369264
low_volatility|252d|h63,low_volatility|252d,low_volatility,252d,63,"{""window"": 252}",4181,503.0,425.0,0.9849318344893566,-0.9030303030303028,0.6666666666666666,4181,0.957957659848842,0.96453136892328,-0.014275446283275844,-0.0141210095025599,-0.5515793286536167,0.5812366022456079,0.517969888295289,0.5228426395939086,0.5294117647058824,-0.02015802968964442,-0.015734346583485603,-1.6182396195548743,0.10561096754310186,0.5390966488586693,0.5532994923857868,0.5882352941176471,-0.004111873762956411,-0.008995672687888145,-0.7679829194347448,0.4424973325681191,0.5699368625546382,0.5685279187817259,0.47058823529411764,-0.016046155947494634,-0.00787588581442833,-1.895441595880438,0.05803392236753304,0.5434677027683341,0.5532994923857868,0.7058823529411765,0.005967141151409678,0.002398473210632801,1.7693159097752815,0.07684116984714585,0.5284118504128218,0.5329949238578681,0.5882352941176471,no_stable_structure,none,none,middle_minus_q1,-0.016046155947494634,-1.895441595880438,1.895441595880438,0.5532994923857868,0.7058823529411765,,,,,,,,,0.9849318344893566,True,448,2240,no_stable_structure,No stable monotonic or tail structure passed the descriptive rules.,0.018954415958804382
liquidity_change|liq_20d_126d|h1,liquidity_change|liq_20d_126d,liquidity_change,liq_20d_126d,1,"{""long_window"": 126, ""short_window"": 20}",4181,503.0,429.0,0.9997608227696724,-0.49090909090909085,0.5555555555555556,4181,0.9856751331895225,0.9871101888726407,-0.0025149230826447305,-0.0010758214048109949,-1.6600965465382442,0.096895031558458,0.5047846889952153,0.555,0.7058823529411765,-0.00014164965309102547,-4.0037790313363075e-05,-1.297929766109088,0.19431147045687658,0.5038277511961723,0.575,0.6470588235294118,-5.341761985862779e-06,6.618828047066927e-05,-0.06908550185177337,0.9449215613003017,0.49114832535885167,0.48,0.5882352941176471,-0.00013630789671791995,-0.00013592035975307226,-1.8922657567986894,0.05845558098143173,0.5155502392344498,0.565,0.7058823529411765,6.548306859232336e-05,0.00011828390415757895,1.2827199435037415,0.19959021020067336,0.5200956937799043,0.505,0.6470588235294118,no_stable_structure,none,none,middle_minus_q1,-0.00013630789671791995,-1.8922657567986894,1.8922657567986894,0.565,0.7058823529411765,,,,,,,,,0.9997608227696724,True,448,2240,no_stable_structure,No stable monotonic or tail structure passed the descriptive rules.,0.018922657567986893
low_volatility|60d|h126,low_volatility|60d,low_volatility,60d,126,"{""window"": 60}",4181,503.0,424.0,0.9698636689787132,-0.9878787878787878,0.8888888888888888,4181,0.6931879038642547,0.689890660754336,-0.006485657513871704,-0.0016146665439009666,-0.20459228758075187,0.8378906815659563,0.5023427866831073,0.4896907216494845,0.5294117647058824,-0.0359014640448979,-0.020501337945461273,-1.5937870898150455,0.11098373010450503,0.5585696670776819,0.5618556701030928,0.7058823529411765,-0.0068080556586685645,-0.007227502763271332,-0.7065743030974966,0.47983106269156695,0.5464858199753391,0.5567010309278351,0.47058823529411764,-0.02909340826104339,-0.01539008691906929,-1.8768319323899356,0.0605411323972138,0.5699136868064119,0.5876288659793815,0.7058823529411765,0.011142676307919692,0.007645703852176666,1.7682022735429717,0.07702709426219709,0.5854500616522811,0.5979381443298969,0.5294117647058824,no_stable_structure,none,none,middle_minus_q1,-0.02909340826104339,-1.8768319323899356,1.8768319323899356,0.5876288659793815,0.7058823529411765,,,,,,,,,0.9698636689787132,True,448,2240,no_stable_structure,No stable monotonic or tail structure passed the descriptive rules.,0.018768319323899357
trend|SMA20|h5,trend|SMA20,trend,SMA20,5,"{""window"": 20}",4181,503.0,429.0,0.9988041138483617,-0.9636363636363635,0.6666666666666666,4181,0.591108417947461,0.6033775841330172,-0.012589784212420133,-0.0062785090412944555,-2.6366613818891262,0.008372636349964066,0.5150862068965517,0.585,0.8823529411764706,-0.001374947475767603,-0.0007552420720458031,-1.8527585845782837,0.06391696880513799,0.5191570881226054,0.595,0.7647058823529411,-0.0004034160746278371,-0.0002784659154713154,-1.0356668781595035,0.30035757967145416,0.5136494252873564,0.555,0.7647058823529411,-0.0009715314061681217,-0.0005444692797027528,-1.8727855660269883,0.06109800194254969,0.5241858237547893,0.625,0.7058823529411765,0.0002840576790588704,0.0001704153255559504,1.0532196412973889,0.2922403385461252,0.5081417624521073,0.525,0.5882352941176471,no_stable_structure,none,none,middle_minus_q1,-0.0009715314061681217,-1.8727855660269883,1.8727855660269883,0.625,0.7058823529411765,,,,,,,,,0.9988041138483617,True,448,2240,no_stable_structure,No stable monotonic or tail structure passed the descriptive rules.,0.018727855660269882
low_volatility|252d|h42,low_volatility|252d,low_volatility,252d,42,"{""window"": 252}",4181,503.0,425.0,0.9899545563262377,-0.9151515151515152,0.7777777777777778,4181,0.9738607001784311,0.9788272921008146,-0.014022980845135055,-0.008756891824305058,-0.6542527624881402,0.5129489737355779,0.5117178062333897,0.5303030303030303,0.47058823529411764,-0.013540234065424057,-0.007204928435385227,-1.5840714348276692,0.11317746395038741,0.5262140613674801,0.5404040404040404,0.5882352941176471,-0.002809792151542434,-0.005743995308876038,-0.7593991173181196,0.4476138413837698,0.5614882821937666,0.5707070707070707,0.6470588235294118,-0.010730441977243453,-0.0022309236228466034,-1.8693255161950035,0.061577540233029145,0.5143754530079729,0.5050505050505051,0.6470588235294118,0.0039603248947406,0.0011136457324028015,1.7615405737338048,0.07814695200888278,0.5177579125392607,0.5202020202020202,0.5882352941176471,no_stable_structure,none,none,middle_minus_q1,-0.010730441977243453,-1.8693255161950035,1.8693255161950035,0.5050505050505051,0.6470588235294118,,,,,,,,,0.9899545563262377,True,448,2240,no_stable_structure,No stable monotonic or tail structure passed the descriptive rules.,0.018693255161950036
trend_slope|slope_100d|h5,trend_slope|slope_100d,trend_slope,slope_100d,5,"{""window"": 100}",4181,503.0,429.0,0.9988041138483617,-0.5636363636363636,0.4444444444444444,4181,0.9844098974644547,0.9855995090533554,-0.0006504490644021707,0.0038775880821049213,-0.11258487975465978,0.910359673033445,0.492816091954023,0.505,0.47058823529411764,-0.00038500649813728556,0.0002900357358157635,-0.44741295835457223,0.6545769212652643,0.4930555555555556,0.495,0.47058823529411764,0.000364623126710933,0.000869845156557858,0.8108936134600924,0.4174267682143201,0.5308908045977011,0.565,0.8235294117647058,-0.0007496296041389197,9.322492405772209e-05,-1.2721935756351344,0.20330434966534694,0.49688697318007663,0.525,0.5882352941176471,0.0005571263710787775,0.00034840183798223734,1.861480491941394,0.06267635300661444,0.5150862068965517,0.52,0.5882352941176471,no_stable_structure,none,none,edges_minus_middle,0.0005571263710787775,1.861480491941394,1.861480491941394,0.52,0.5882352941176471,,,,,,,,,0.9988041138483617,True,448,2240,no_stable_structure,No stable monotonic or tail structure passed the descriptive rules.,0.01861480491941394
low_volatility|90d|h126,low_volatility|90d,low_volatility,90d,126,"{""window"": 90}",4181,503.0,424.0,0.9698636689787132,-0.9636363636363635,0.8888888888888888,4181,0.7464167044527252,0.7478684973309322,-0.007390779054610064,-0.0031652303878217936,-0.2253964320026412,0.8216708870875187,0.5055487053020962,0.5051546391752577,0.5294117647058824,-0.0372827751409267,-0.024395376443862915,-1.5962947252394526,0.1104230072125721,0.5657213316892725,0.5721649484536082,0.6470588235294118,-0.0070513049235886695,-0.008583739399909973,-0.7095125200715694,0.4780064848189578,0.5625154130702836,0.5876288659793815,0.47058823529411764,-0.03023147026950243,-0.014230109751224518,-1.8531779362763687,0.06385685900327176,0.5630086313193589,0.5979381443298969,0.7058823529411765,0.011590082613974075,0.006337468512356281,1.7075143684611835,0.0877264894657436,0.566707768187423,0.5721649484536082,0.5882352941176471,no_stable_structure,none,none,middle_minus_q1,-0.03023147026950243,-1.8531779362763687,1.8531779362763687,0.5979381443298969,0.7058823529411765,,,,,,,,,0.9698636689787132,True,448,2240,no_stable_structure,No stable monotonic or tail structure passed the descriptive rules.,0.01853177936276369
low_volatility|60d|h21,low_volatility|60d,low_volatility,60d,21,"{""window"": 60}",4181,503.0,428.0,0.9949772781631189,-0.8909090909090909,0.7777777777777778,4181,0.9031461866400845,0.912833017518127,-0.005417910116581809,0.0020235948031768203,-0.3809059214031166,0.7032730584934004,0.49759615384615385,0.4824120603015075,0.5294117647058824,-0.0057039516841961395,-0.0005563832819461823,-1.426390383563635,0.1537556879586866,0.5038461538461538,0.5125628140703518,0.6470588235294118,-0.000847088004390501,-0.0011941695120185614,-0.46980375397618873,0.6384952321298623,0.5165865384615385,0.5326633165829145,0.6470588235294118,-0.004856863622920243,-0.00014158617705106735,-1.8242961772814614,0.06810730803825847,0.5021634615384616,0.5125628140703518,0.6470588235294118,0.002004887852868146,0.001439579762518406,1.8521249731098999,0.06400787920065024,0.5348557692307693,0.5226130653266332,0.6470588235294118,no_stable_structure,none,none,edges_minus_middle,0.002004887852868146,1.8521249731098999,1.8521249731098999,0.5226130653266332,0.6470588235294118,,,,,,,,,0.9949772781631189,True,448,2240,no_stable_structure,No stable monotonic or tail structure passed the descriptive rules.,0.018521249731098997
momentum|3m-0m|h5,momentum|3m-0m,momentum,3m-0m,5,"{""skip"": 0, ""window"": 63}",4181,503.0,429.0,0.9988041138483617,-0.7696969696969697,0.6666666666666666,4181,0.9022441010375385,0.9099830843856183,-0.005013633464273842,0.0025748752523213625,-0.9363985020590736,0.34906804891935594,0.4952107279693487,0.5,0.6470588235294118,-0.0010312504523199966,0.00025178585201501846,-1.1854575981749462,0.2358365700509102,0.49688697318007663,0.515,0.6470588235294118,2.1202048412717074e-05,0.0004957211203873158,0.04924112898208606,0.960727134815595,0.521551724137931,0.515,0.47058823529411764,-0.0010524525051111816,-0.00041115889325737953,-1.7499163527909936,0.08013274849793207,0.5122126436781609,0.575,0.6470588235294118,0.0005368272585694417,0.0005356133915483952,1.848188102244681,0.06457513599160575,0.5237068965517241,0.545,0.5882352941176471,no_stable_structure,none,none,edges_minus_middle,0.0005368272585694417,1.848188102244681,1.848188102244681,0.545,0.5882352941176471,,,,,,,,,0.9988041138483617,True,448,2240,no_stable_structure,No stable monotonic or tail structure passed the descriptive rules.,0.01848188102244681
residual_momentum|resmom_9m_1m|h5,residual_momentum|resmom_9m_1m,residual_momentum,resmom_9m_1m,5,"{""skip"": 21, ""window"": 189}",4181,503.0,418.0,0.9988041138483617,-0.01818181818181818,0.4444444444444444,4181,0.9609483634114767,0.9643006366528897,0.00897739104282845,0.01611952669918537,1.4934224618074898,0.13532663691165178,0.5292145593869731,0.595,0.6470588235294118,0.00039138002696630396,0.0014819717034697533,0.46352470436515186,0.6429883112705542,0.5261015325670498,0.56,0.5294117647058824,0.0007788410535007733,0.0015304687549360096,1.7215128818215253,0.08515779666030057,0.5383141762452107,0.6,0.7058823529411765,-0.00038746104698938853,0.0005166432820260525,-0.6523531024958247,0.514173410702025,0.48802681992337166,0.5,0.6470588235294118,0.0005831510270128925,0.0005760397762060165,1.8395786829230583,0.06583011638585876,0.5299329501915708,0.55,0.6470588235294118,no_stable_structure,none,none,edges_minus_middle,0.0005831510270128925,1.8395786829230583,1.8395786829230583,0.55,0.6470588235294118,,,,,,,,,0.9988041138483617,True,448,2240,no_stable_structure,No stable monotonic or tail structure passed the descriptive rules.,0.018395786829230584
low_volatility|40d|h126,low_volatility|40d,low_volatility,40d,126,"{""window"": 40}",4181,503.0,424.0,0.9698636689787132,-0.9878787878787878,0.8888888888888888,4181,0.6464061046907493,0.6442013358548353,-0.004745136553945791,-0.0006855659885331988,-0.1567037284801691,0.8754783484854411,0.5013563501849568,0.4845360824742268,0.5294117647058824,-0.03593305132412679,-0.018222250044345856,-1.6232807070638924,0.10452941186120672,0.5615289765721332,0.5773195876288659,0.6470588235294118,-0.007872385429976331,-0.0058932825922966,-0.8468246624471564,0.3970928595423653,0.535881627620222,0.5154639175257731,0.47058823529411764,-0.028060665928256845,-0.009439036250114441,-1.8351146475742026,0.06648870406267428,0.5524044389642416,0.5824742268041238,0.7058823529411765,0.01009414029185937,0.007224544882774353,1.645811554077908,0.09980256276180254,0.5741060419235512,0.5927835051546392,0.5882352941176471,no_stable_structure,none,none,middle_minus_q1,-0.028060665928256845,-1.8351146475742026,1.8351146475742026,0.5824742268041238,0.7058823529411765,,,,,,,,,0.9698636689787132,True,448,2240,no_stable_structure,No stable monotonic or tail structure passed the descriptive rules.,0.018351146475742028
short_term_reversal|reversal_5d|h10,short_term_reversal|reversal_5d,short_term_reversal,reversal_5d,10,"{""window"": 5}",4181,503.0,428.0,0.9976082276967233,0.9272727272727272,0.5555555555555556,4181,-0.004313737238681613,-0.005969724493690497,0.010191009004796138,0.008404957130551338,2.0645050346473304,0.03896985703926149,0.5202589307120594,0.59,0.8235294117647058,0.0015567696018101952,0.0013643174897879362,1.6093797108526884,0.10753333896055269,0.522176935986574,0.6,0.7647058823529411,0.0013076312070572,0.00119496148545295,1.8325703506767146,0.06686649076302043,0.5324862143370894,0.635,0.7058823529411765,0.00024913843004950115,0.0006822124123573303,0.41792498652575255,0.6760019632704823,0.5204986813713738,0.56,0.5294117647058824,0.0005292464107748039,0.0005015011411160231,1.1883688617474235,0.2346881185796189,0.5202589307120594,0.53,0.7058823529411765,no_stable_structure,none,none,q10_minus_middle,0.0013076312070572,1.8325703506767146,1.8325703506767146,0.635,0.7058823529411765,,,,,,,,,0.9976082276967233,True,448,2240,no_stable_structure,No stable monotonic or tail structure passed the descriptive rules.,0.018325703506767144
residual_momentum|resmom_6m_1m|h126,residual_momentum|resmom_6m_1m,residual_momentum,resmom_6m_1m,126,"{""skip"": 21, ""window"": 126}",4181,503.0,415.0,0.9698636689787132,0.7454545454545454,0.7777777777777778,4181,0.011953324100397195,0.02923550512819667,0.018562174170684353,0.027118410915136337,1.1005198019689508,0.2711057066581045,0.5706535141800246,0.5824742268041238,0.5882352941176471,0.018121106240326486,0.012116789817810059,1.2497756457543179,0.21138151502166402,0.554130702836005,0.5567010309278351,0.5294117647058824,0.01647721171123148,0.013461727648973465,1.8280932606634681,0.06753555623076042,0.6007398273736129,0.6082474226804123,0.6470588235294118,0.0016438945553709928,0.0016806945204734802,0.16520613301243436,0.868781738151648,0.5127003699136868,0.520618556701031,0.5294117647058824,0.007416658628842209,0.004896096885204315,1.2100358209734168,0.2262651479508322,0.54845869297164,0.5463917525773195,0.5294117647058824,no_stable_structure,none,none,q10_minus_middle,0.01647721171123148,1.8280932606634681,1.8280932606634681,0.6082474226804123,0.6470588235294118,,,,,,,,,0.9698636689787132,True,448,2240,no_stable_structure,No stable monotonic or tail structure passed the descriptive rules.,0.01828093260663468
momentum|18m-1m|h126,momentum|18m-1m,momentum,18m-1m,126,"{""skip"": 21, ""window"": 378}",4181,503.0,422.0,0.9698636689787132,-0.22424242424242422,0.3333333333333333,4181,0.5945210797456545,0.6244643546402503,0.011141360798870185,0.03699204698204994,0.4204400559077828,0.6741640114188696,0.5911220715166461,0.5876288659793815,0.5882352941176471,0.012704648350109374,0.0236005000770092,0.6334292062919527,0.5264533975016307,0.586189889025894,0.5927835051546392,0.5882352941176471,0.01578896689663943,0.01212899386882782,1.805698952736454,0.07096537634318906,0.5731196054254007,0.5824742268041238,0.5294117647058824,-0.003084318546530057,0.009532079100608826,-0.20312983083676284,0.8390335561106768,0.45425400739827376,0.4484536082474227,0.4117647058823529,0.009436642729163941,0.00889422558248043,1.2970198167309273,0.19462436844576325,0.5760789149198521,0.6134020618556701,0.6470588235294118,no_stable_structure,none,none,q10_minus_middle,0.01578896689663943,1.805698952736454,1.805698952736454,0.5824742268041238,0.5294117647058824,,,,,,,,,0.9698636689787132,True,448,2240,no_stable_structure,No stable monotonic or tail structure passed the descriptive rules.,0.01805698952736454
price_volume_confirmation|pvc_9m_1m_liq20_126|h63,price_volume_confirmation|pvc_9m_1m_liq20_126,price_volume_confirmation,pvc_9m_1m_liq20_126,63,"{""confirmation_strength"": 0.25, ""liquidity_clip"": 2, ""long_window"": 126, ""short_window"": 20, ""skip"": 21, ""window"": 189}",4181,503.0,425.0,0.9849318344893566,0.5393939393939393,0.6666666666666666,4181,0.5817130252284878,0.5948079376142485,0.011177776101855956,0.02170134335756302,0.6989095870799864,0.4846085357128175,0.5597377367654202,0.5532994923857868,0.5294117647058824,0.008071927175045894,0.008949965238571167,0.9093058490803562,0.36318870399417125,0.5437105390966489,0.5482233502538071,0.5294117647058824,0.007913515414269627,0.005849132314324379,1.804508246003316,0.07115166764395453,0.5539096648858669,0.5736040609137056,0.5882352941176471,0.000158411760578378,0.0019220486283302307,0.023507592377297076,0.9812453823182684,0.517969888295289,0.5279187817258884,0.5294117647058824,0.0038775518494049803,0.0009815078228712082,1.0914707884935995,0.2750657787644276,0.5106847984458475,0.5076142131979695,0.5882352941176471,no_stable_structure,none,none,q10_minus_middle,0.007913515414269627,1.804508246003316,1.804508246003316,0.5736040609137056,0.5882352941176471,,,,,,,,,0.9849318344893566,True,448,2240,no_stable_structure,No stable monotonic or tail structure passed the descriptive rules.,0.018045082460033158
low_volatility|120d|h10,low_volatility|120d,low_volatility,120d,10,"{""window"": 120}",4181,503.0,428.0,0.9976082276967233,-0.9515151515151514,0.7777777777777778,4181,0.9827351716620945,0.9868512878590777,-0.00481667104172781,-0.0013518938794732094,-0.4608420926125975,0.644911899899657,0.5027571325821146,0.515,0.5294117647058824,-0.003071395782307813,-0.0020761708728969097,-1.5489834637057074,0.12138569528952174,0.5188204267561736,0.53,0.6470588235294118,-0.00071247419129245,-0.0015086117200553417,-0.7886361831195434,0.4303246766712038,0.529848957084632,0.575,0.6470588235294118,-0.0023589215770809706,-0.0011842865496873856,-1.8018945569009182,0.07156199677350568,0.5161831695037161,0.51,0.6470588235294118,0.0008232236723136447,6.88387081027031e-05,1.5499852546306478,0.12114505519864417,0.5027571325821146,0.505,0.5294117647058824,no_stable_structure,none,none,middle_minus_q1,-0.0023589215770809706,-1.8018945569009182,1.8018945569009182,0.51,0.6470588235294118,,,,,,,,,0.9976082276967233,True,448,2240,no_stable_structure,No stable monotonic or tail structure passed the descriptive rules.,0.01801894556900918
low_volatility|90d|h1,low_volatility|90d,low_volatility,90d,1,"{""window"": 90}",4181,503.0,429.0,0.9997608227696724,-0.9151515151515152,0.7777777777777778,4181,0.9974066514176441,0.9982949751326985,0.005102264603235969,0.004682440543547273,1.231689915731532,0.21806493823232176,0.5057416267942584,0.545,0.6470588235294118,-0.0003135177206255565,-0.0002308967523276806,-1.184542501540285,0.2361983824249595,0.5069377990430622,0.555,0.7058823529411765,-2.9872510618658048e-05,-0.00011670682579278946,-0.2678951707582348,0.7887800110571616,0.5107655502392344,0.515,0.5294117647058824,-0.00028364521698955486,-0.0002811019658111036,-1.5726587688109848,0.11579785178601068,0.5124401913875598,0.605,0.7058823529411765,0.0001268863677525944,6.029836367815733e-05,1.800057358180577,0.07185158181850496,0.509090909090909,0.56,0.7647058823529411,no_stable_structure,none,none,edges_minus_middle,0.0001268863677525944,1.800057358180577,1.800057358180577,0.56,0.7647058823529411,,,,,,,,,0.9997608227696724,True,448,2240,no_stable_structure,No stable monotonic or tail structure passed the descriptive rules.,0.01800057358180577
momentum|9m-2m|h42,momentum|9m-2m,momentum,9m-2m,42,"{""skip"": 42, ""window"": 189}",4181,503.0,426.0,0.9899545563262377,0.7696969696969697,0.5555555555555556,4181,0.6781540982825888,0.6931622349400832,0.010511940476174684,0.01616801880300045,0.7649282248562238,0.4443142857606869,0.5409519207538053,0.5555555555555556,0.5882352941176471,0.006214072371913581,0.00634138286113739,1.0194959216378146,0.3079675883769908,0.5455424015462672,0.5454545454545454,0.5882352941176471,0.006024297744790184,0.006847560405731201,1.7970106447808583,0.07233392986863714,0.5672867842474028,0.601010101010101,0.7058823529411765,0.00018977461940268927,0.002678411081433296,0.041713374646612913,0.9667271918157438,0.527663686880889,0.5050505050505051,0.47058823529411764,0.002917261596733768,0.003454890102148056,1.1287023338898765,0.2590234244260242,0.5395022952403963,0.5707070707070707,0.6470588235294118,no_stable_structure,none,none,q10_minus_middle,0.006024297744790184,1.7970106447808583,1.7970106447808583,0.601010101010101,0.7058823529411765,,,,,,,,,0.9899545563262377,True,448,2240,no_stable_structure,No stable monotonic or tail structure passed the descriptive rules.,0.01797010644780858
low_volatility|20d|h126,low_volatility|20d,low_volatility,20d,126,"{""window"": 20}",4181,503.0,424.0,0.9698636689787132,-0.9878787878787878,0.8888888888888888,4181,0.5547122154920864,0.553940418371065,-0.004891710435891879,0.0006022807792760432,-0.1752470138492402,0.8608855441748029,0.4988902589395808,0.4896907216494845,0.5294117647058824,-0.03355441394291586,-0.018982036039233208,-1.6447847628937664,0.10001420548189101,0.5617755856966707,0.5721649484536082,0.5882352941176471,-0.008457481753110941,-0.00393395870923996,-1.001618880878071,0.3165276984555807,0.531442663378545,0.5567010309278351,0.5294117647058824,-0.0250969322483858,-0.008172722533345222,-1.7848851202242906,0.07427995268816576,0.5383477188655981,0.5670103092783505,0.7058823529411765,0.00831972530758199,0.0027924776077270508,1.5075233267128965,0.13167656927500904,0.5279901356350185,0.5515463917525774,0.6470588235294118,no_stable_structure,none,none,middle_minus_q1,-0.0250969322483858,-1.7848851202242906,1.7848851202242906,0.5670103092783505,0.7058823529411765,,,,,,,,,0.9698636689787132,True,448,2240,no_stable_structure,No stable monotonic or tail structure passed the descriptive rules.,0.017848851202242905
momentum|24m-2m|h5,momentum|24m-2m,momentum,24m-2m,5,"{""skip"": 42, ""window"": 504}",4181,503.0,427.0,0.9988041138483617,-0.1515151515151515,0.5555555555555556,4181,0.9840607204067473,0.9863943186870664,0.013199032493223975,0.023964817635715008,2.2087699358371604,0.0271906471743392,0.5476532567049809,0.58,0.7647058823529411,0.00018819530459357939,0.0020124176517128944,0.21733478251882754,0.8279474523131924,0.5332854406130269,0.535,0.4117647058823529,0.0006953156192233517,0.0015077904099598527,1.4325031019427297,0.15199989100712083,0.5474137931034483,0.575,0.5882352941176471,-0.0005071203150932314,0.0006360350525937974,-0.8379571461197157,0.402054771923253,0.48515325670498083,0.49,0.5882352941176471,0.0006012179427413207,0.00046804259181953967,1.784817334599782,0.07429095067059382,0.51772030651341,0.565,0.7647058823529411,no_stable_structure,none,none,edges_minus_middle,0.0006012179427413207,1.784817334599782,1.784817334599782,0.565,0.7647058823529411,,,,,,,,,0.9988041138483617,True,448,2240,no_stable_structure,No stable monotonic or tail structure passed the descriptive rules.,0.01784817334599782
price_volume_confirmation|pvc_9m_1m_liq20_126|h5,price_volume_confirmation|pvc_9m_1m_liq20_126,price_volume_confirmation,pvc_9m_1m_liq20_126,5,"{""confirmation_strength"": 0.25, ""liquidity_clip"": 2, ""long_window"": 126, ""short_window"": 20, ""skip"": 21, ""window"": 189}",4181,503.0,429.0,0.9988041138483617,0.16363636363636364,0.5555555555555556,4181,0.9577366948011303,0.9611316001237078,0.008963207524457489,0.01878396701067686,1.4644122666013428,0.14308133850853788,0.5368773946360154,0.595,0.6470588235294118,0.00010761041824156272,0.0013057012110948563,0.12397752696826284,0.9013330686492322,0.5213122605363985,0.525,0.47058823529411764,0.0005926485158890632,0.0012435513199307024,1.256894577524637,0.20879181231604504,0.5390325670498084,0.575,0.7058823529411765,-0.00048503809844722864,0.0004316975246183574,-0.8356268566232248,0.4033648551407837,0.4861111111111111,0.515,0.5882352941176471,0.0005388433201075376,0.0007614256464876235,1.7835458780590898,0.07449748676675912,0.532088122605364,0.555,0.5882352941176471,no_stable_structure,none,none,edges_minus_middle,0.0005388433201075376,1.7835458780590898,1.7835458780590898,0.555,0.5882352941176471,,,,,,,,,0.9988041138483617,True,448,2240,no_stable_structure,No stable monotonic or tail structure passed the descriptive rules.,0.0178354587805909
momentum|3m-0m|h1,momentum|3m-0m,momentum,3m-0m,1,"{""skip"": 0, ""window"": 63}",4181,503.0,429.0,0.9997608227696724,-0.8424242424242423,0.6666666666666666,4181,0.9790919330101097,0.9815367134794776,0.0010777739196243328,0.006748484680429101,0.33654586432065337,0.7364592716844239,0.5143540669856459,0.5,0.5294117647058824,-0.0002788086305581296,0.00038030557334423065,-1.253129118541465,0.21015872048638518,0.4830143540669856,0.52,0.7647058823529411,-2.0530178929755962e-05,0.00023973139468580484,-0.1719898549398027,0.8634455047382853,0.4842105263157895,0.505,0.5882352941176471,-0.00025827845445128853,4.838222230318934e-05,-1.7767652858312677,0.07560686565856287,0.4966507177033493,0.565,0.6470588235294118,0.00011887414113612307,0.0001208194880746305,1.630650007746155,0.10296419082424704,0.5126794258373206,0.555,0.5882352941176471,no_stable_structure,none,none,middle_minus_q1,-0.00025827845445128853,-1.7767652858312677,1.7767652858312677,0.565,0.6470588235294118,,,,,,,,,0.9997608227696724,True,448,2240,no_stable_structure,No stable monotonic or tail structure passed the descriptive rules.,0.017767652858312676
trend|SMA50|h1,trend|SMA50,trend,SMA50,1,"{""window"": 50}",4181,503.0,429.0,0.9997608227696724,-0.9757575757575757,0.7777777777777778,4181,0.9630185998671295,0.967017612428854,-0.0026973472202454023,0.004557831911370158,-0.8678424322948158,0.38548059732573625,0.4909090909090909,0.575,0.5294117647058824,-0.0002887849325202623,9.219149433192797e-05,-1.3363341322730933,0.18144008495385844,0.4966507177033493,0.565,0.7058823529411765,-3.808220248540159e-05,6.732076872140169e-05,-0.3302672728742042,0.7411980192815268,0.4933014354066986,0.52,0.6470588235294118,-0.0002507027323447161,-0.0001075644395314157,-1.7743629490970638,0.07600313430418704,0.5088516746411483,0.61,0.6470588235294118,0.0001063102662891125,0.00012087402865290642,1.5103430346234092,0.1309559161065153,0.5133971291866029,0.555,0.5882352941176471,no_stable_structure,none,none,middle_minus_q1,-0.0002507027323447161,-1.7743629490970638,1.7743629490970638,0.61,0.6470588235294118,,,,,,,,,0.9997608227696724,True,448,2240,no_stable_structure,No stable monotonic or tail structure passed the descriptive rules.,0.01774362949097064
low_volatility|40d|h252,low_volatility|40d,low_volatility,40d,252,"{""window"": 40}",4181,503.0,420.0,0.9397273379574265,-0.9999999999999999,1.0,4181,0.6010689759958676,0.5985053910835025,0.002335787404562408,-0.00271883443929255,0.0572925555766225,0.9543121504034358,0.4947823873759226,0.48936170212765956,0.5,-0.07133573116002176,-0.027808621525764465,-1.5679875507447072,0.11688403773720457,0.5724102825146348,0.5797872340425532,0.5625,-0.017928975363579392,-0.012067824602127075,-0.9800309491057771,0.32707084182100166,0.5461949605497582,0.5425531914893617,0.625,-0.05340675574026435,-0.025748372077941895,-1.7623540532903543,0.07800949649440508,0.5940442860778824,0.6063829787234043,0.625,0.017738890235157498,0.007689259946346283,1.6985899967067912,0.08939646256655918,0.5607024688215831,0.5638297872340425,0.5625,no_stable_structure,none,none,middle_minus_q1,-0.05340675574026435,-1.7623540532903543,1.7623540532903543,0.6063829787234043,0.625,,,,,,,,,0.9397273379574265,True,448,2240,no_stable_structure,No stable monotonic or tail structure passed the descriptive rules.,0.017623540532903544
low_volatility|60d|h5,low_volatility|60d,low_volatility,60d,5,"{""window"": 60}",4181,503.0,429.0,0.9988041138483617,-0.9151515151515152,0.7777777777777778,4181,0.9745115749709736,0.9808598435711837,-0.0011583369025847299,-0.0038267159834504128,-0.15848388082568582,0.8740755213779077,0.5064655172413793,0.49,0.47058823529411764,-0.0015557693379615136,-0.0012368413154035807,-1.4788197104129068,0.1391885064653552,0.5181992337164751,0.5,0.6470588235294118,-0.00032862401172100347,-0.0006200284697115421,-0.7201688909805858,0.4714210152786935,0.5203544061302682,0.51,0.6470588235294118,-0.0012271452950946725,-0.0005926876328885555,-1.7613912697833107,0.07817220164430398,0.5129310344827587,0.49,0.5882352941176471,0.00044926062983552606,-2.9111746698617935e-05,1.6967522085884077,0.0897435175925614,0.49808429118773945,0.515,0.5294117647058824,no_stable_structure,none,none,middle_minus_q1,-0.0012271452950946725,-1.7613912697833107,1.7613912697833107,0.49,0.5882352941176471,,,,,,,,,0.9988041138483617,True,448,2240,no_stable_structure,No stable monotonic or tail structure passed the descriptive rules.,0.017613912697833106
momentum|24m-2m|h10,momentum|24m-2m,momentum,24m-2m,10,"{""skip"": 42, ""window"": 504}",4181,503.0,426.0,0.9976082276967233,-0.16363636363636364,0.5555555555555556,4181,0.9695963334781007,0.9736083498743795,0.011382344678924433,0.02240687981247902,1.3588226582552037,0.17420279154493268,0.5423159913689762,0.555,0.5882352941176471,0.0004617422347308032,0.0032024942338466644,0.27417460996599086,0.7839504390733796,0.53752097818269,0.55,0.47058823529411764,0.0013535758796238656,0.002424214966595173,1.4878123080828132,0.13680039885476014,0.5567010309278351,0.575,0.5882352941176471,-0.000891833626932559,0.0007933406159281731,-0.7523795236863038,0.4518228568488001,0.482378326540398,0.485,0.5882352941176471,0.001122704746788986,0.0008569774217903614,1.7591474044089128,0.07855247497646256,0.5260129465356029,0.55,0.6470588235294118,no_stable_structure,none,none,edges_minus_middle,0.001122704746788986,1.7591474044089128,1.7591474044089128,0.55,0.6470588235294118,,,,,,,,,0.9976082276967233,True,448,2240,no_stable_structure,No stable monotonic or tail structure passed the descriptive rules.,0.017591474044089127
low_volatility|60d|h252,low_volatility|60d,low_volatility,60d,252,"{""window"": 60}",4181,503.0,419.0,0.9397273379574265,-0.9999999999999999,1.0,4181,0.64086059382718,0.6450986299046367,0.001318355356552499,-0.004551169462502003,0.030939242542673207,0.9753179938688756,0.48994655128531434,0.48404255319148937,0.5,-0.07336894351909978,-0.03555794060230255,-1.533738932532494,0.12509389173361313,0.575209977093408,0.574468085106383,0.5625,-0.01593972195758107,-0.011806666851043701,-0.8451875414215401,0.3980061372084739,0.5390684652583354,0.5478723404255319,0.625,-0.05742922155876315,-0.022964060306549072,-1.7461694145775994,0.08078151780685579,0.5843726138966658,0.5797872340425532,0.625,0.020744749645508882,0.00724676251411438,1.7134197629553227,0.08663534304213741,0.5576482565538305,0.5478723404255319,0.5625,no_stable_structure,none,none,middle_minus_q1,-0.05742922155876315,-1.7461694145775994,1.7461694145775994,0.5797872340425532,0.625,,,,,,,,,0.9397273379574265,True,448,2240,no_stable_structure,No stable monotonic or tail structure passed the descriptive rules.,0.017461694145775995
momentum|9m-1m|h63,momentum|9m-1m,momentum,9m-1m,63,"{""skip"": 21, ""window"": 189}",4181,503.0,425.0,0.9849318344893566,0.6121212121212121,0.5555555555555556,4181,0.5940308225879073,0.6074329817548128,0.01185140255268902,0.02338238898664713,0.7368384938772582,0.4612205710209357,0.5611947547353084,0.5685279187817259,0.5294117647058824,0.00860125895638723,0.009609684348106384,0.9408759633734884,0.3467684267492277,0.5577950461389024,0.5634517766497462,0.5882352941176471,0.008071283296318503,0.006024405360221863,1.7431615344154878,0.08130540241857825,0.5539096648858669,0.5583756345177665,0.5294117647058824,0.0005299756762532281,0.0031372904777526855,0.07713777472742094,0.9385139426229031,0.5216124332200097,0.5279187817258884,0.4117647058823529,0.0037706537440083576,0.0024933647364377975,1.028964962793256,0.3034961395318716,0.5257406508013599,0.5228426395939086,0.5882352941176471,no_stable_structure,none,none,q10_minus_middle,0.008071283296318503,1.7431615344154878,1.7431615344154878,0.5583756345177665,0.5294117647058824,,,,,,,,,0.9849318344893566,True,448,2240,no_stable_structure,No stable monotonic or tail structure passed the descriptive rules.,0.01743161534415488
low_volatility|252d|h21,low_volatility|252d,low_volatility,252d,21,"{""window"": 252}",4181,503.0,427.0,0.9949772781631189,-0.8787878787878788,0.6666666666666666,4181,0.9881144427684355,0.9918094892660219,-0.008350141322811255,-0.003965744283050299,-0.5517618320725038,0.5811115405302598,0.50625,0.5175879396984925,0.5294117647058824,-0.006594054403425476,-0.0031217271462082863,-1.5434311451242106,0.12272620178283514,0.5180288461538461,0.507537688442211,0.6470588235294118,-0.0015737670277653356,-0.0026016401825472713,-0.8287159309179706,0.4072651689584482,0.536298076923077,0.5728643216080402,0.7058823529411765,-0.005020287352537987,-0.0007677432149648666,-1.7374058176036513,0.08231556511156153,0.5091346153846154,0.5226130653266332,0.7058823529411765,0.0017232601399323007,-0.00012148823589086533,1.4488522599755596,0.14737884570590393,0.4985576923076923,0.5226130653266332,0.5882352941176471,no_stable_structure,none,none,middle_minus_q1,-0.005020287352537987,-1.7374058176036513,1.7374058176036513,0.5226130653266332,0.7058823529411765,,,,,,,,,0.9949772781631189,True,448,2240,no_stable_structure,No stable monotonic or tail structure passed the descriptive rules.,0.017374058176036513
momentum|18m-0m|h126,momentum|18m-0m,momentum,18m-0m,126,"{""skip"": 0, ""window"": 378}",4181,503.0,423.0,0.9698636689787132,-0.11515151515151514,0.3333333333333333,4181,0.6153666009920875,0.6475880338064808,0.010105121099563349,0.044313520193099976,0.3850405408769292,0.700207379456881,0.5903822441430333,0.5979381443298969,0.5882352941176471,0.01118229457803654,0.024695925414562225,0.5602091613855628,0.57533677883472,0.5933415536374846,0.6082474226804123,0.5882352941176471,0.014914180581261543,0.011886775493621826,1.7308983338888588,0.0834698988568014,0.5672009864364982,0.5618556701030928,0.5294117647058824,-0.0037318861617278375,0.007282570004463196,-0.245681375045598,0.805928890940536,0.4648581997533909,0.4742268041237113,0.4117647058823529,0.00932303342236718,0.00840771198272705,1.2820809365334023,0.19981425557080124,0.5684340320591862,0.5824742268041238,0.7058823529411765,no_stable_structure,none,none,q10_minus_middle,0.014914180581261543,1.7308983338888588,1.7308983338888588,0.5618556701030928,0.5294117647058824,,,,,,,,,0.9698636689787132,True,448,2240,no_stable_structure,No stable monotonic or tail structure passed the descriptive rules.,0.017308983338888587
low_volatility|60d|h10,low_volatility|60d,low_volatility,60d,10,"{""window"": 60}",4181,503.0,428.0,0.9976082276967233,-0.8909090909090909,0.5555555555555556,4181,0.9516067079658522,0.9605763538804212,-0.004025464153559409,0.0006593858706764877,-0.39992446408512927,0.6892121528637338,0.49844162071445697,0.51,0.5294117647058824,-0.0028331782331389205,-0.0014755402226001024,-1.4692262588064788,0.14177143024786942,0.5164229201630305,0.515,0.6470588235294118,-0.0006440841309192363,-0.0009855572134256363,-0.7388070958786634,0.4600241423852772,0.5171421721409734,0.51,0.6470588235294118,-0.0021890941257378957,-0.000700637698173523,-1.7270715610199459,0.08415481233493266,0.5135459122512587,0.52,0.5882352941176471,0.0007725049809403017,0.0002046511508524418,1.5337673518176245,0.12508689756137117,0.5058738911532007,0.515,0.5882352941176471,no_stable_structure,none,none,middle_minus_q1,-0.0021890941257378957,-1.7270715610199459,1.7270715610199459,0.52,0.5882352941176471,,,,,,,,,0.9976082276967233,True,448,2240,no_stable_structure,No stable monotonic or tail structure passed the descriptive rules.,0.01727071561019946
low_volatility|20d|h21,low_volatility|20d,low_volatility,20d,21,"{""window"": 20}",4181,503.0,428.0,0.9949772781631189,-0.9636363636363635,0.8888888888888888,4181,0.5682896495136802,0.5665923123341149,-0.006141935906668131,0.0022034080466255546,-0.47743717368615596,0.6330508486139608,0.49615384615384617,0.47738693467336685,0.5294117647058824,-0.005870507682182226,-0.0007447778480127454,-1.6486077763163272,0.0992280145866459,0.5060096153846154,0.5125628140703518,0.6470588235294118,-0.001831557516040378,-0.0012491727247834206,-1.1180904611999067,0.2635283599694319,0.5197115384615385,0.507537688442211,0.5882352941176471,-0.004038950142057729,0.0005152635276317596,-1.725171728538631,0.08449652901480384,0.49447115384615387,0.49748743718592964,0.6470588235294118,0.0011036963378221396,0.00018746056593954563,1.1555263900830801,0.24787493212209244,0.505048076923077,0.5025125628140703,0.5882352941176471,no_stable_structure,none,none,middle_minus_q1,-0.004038950142057729,-1.725171728538631,1.725171728538631,0.49748743718592964,0.6470588235294118,,,,,,,,,0.9949772781631189,True,448,2240,no_stable_structure,No stable monotonic or tail structure passed the descriptive rules.,0.01725171728538631
short_term_reversal|reversal_21d|h1,short_term_reversal|reversal_21d,short_term_reversal,reversal_21d,1,"{""window"": 21}",4181,503.0,429.0,0.9997608227696724,0.8424242424242423,0.5555555555555556,4181,0.9379261886065209,0.9435708769968212,0.004790380895688618,0.00279321800917387,1.6119007939585654,0.10698352940794051,0.5074162679425838,0.53,0.7058823529411765,0.0003248695600649752,-6.573839345946908e-05,1.606339195338479,0.10819940285569192,0.49760765550239233,0.58,0.7058823529411765,0.00023375714353578717,7.214571814984083e-05,1.7196589131275946,0.08549446048280285,0.5074162679425838,0.61,0.6470588235294118,9.111241854487197e-05,4.807498771697283e-05,0.8429805732831696,0.3992393087398649,0.50311004784689,0.51,0.6470588235294118,7.132235212286635e-05,2.101040445268154e-05,1.0236699980937678,0.3059911707379891,0.5028708133971291,0.545,0.6470588235294118,no_stable_structure,none,none,q10_minus_middle,0.00023375714353578717,1.7196589131275946,1.7196589131275946,0.61,0.6470588235294118,,,,,,,,,0.9997608227696724,True,448,2240,no_stable_structure,No stable monotonic or tail structure passed the descriptive rules.,0.017196589131275947
low_volatility|252d|h126,low_volatility|252d,low_volatility,252d,126,"{""window"": 252}",4181,503.0,423.0,0.9698636689787132,-0.9636363636363635,0.6666666666666666,4181,0.9041840389596064,0.9153967474737956,-0.006801129560172256,-0.01559191569685936,-0.1964695984991155,0.8442426258106022,0.5223181257706535,0.5257731958762887,0.5294117647058824,-0.039530746741524674,-0.024425514042377472,-1.5940061508623586,0.11093465725698866,0.5738594327990135,0.5927835051546392,0.6470588235294118,-0.009304704908028925,-0.012863785028457642,-0.9130769204375317,0.36120208773802465,0.5844636251541308,0.5773195876288659,0.5882352941176471,-0.030226041919307188,-0.011751070618629456,-1.7146937454652418,0.08640139089204867,0.5474722564734895,0.5412371134020618,0.7058823529411765,0.010460668540147447,0.0018719285726547241,1.4296851558523296,0.15280740255280886,0.5154130702836005,0.520618556701031,0.5882352941176471,no_stable_structure,none,none,middle_minus_q1,-0.030226041919307188,-1.7146937454652418,1.7146937454652418,0.5412371134020618,0.7058823529411765,,,,,,,,,0.9698636689787132,True,448,2240,no_stable_structure,No stable monotonic or tail structure passed the descriptive rules.,0.017146937454652417
risk_adjusted_trend|risk_trend_50d|h126,risk_adjusted_trend|risk_trend_50d,risk_adjusted_trend,risk_trend_50d,126,"{""window"": 50}",4181,503.0,424.0,0.9698636689787132,-0.2727272727272727,0.6666666666666666,4181,0.021692443110904853,0.03089273127247129,-0.0011434260882047969,0.006544133182615042,-0.08755506833380422,0.9302303152439961,0.48557336621454994,0.4742268041237113,0.47058823529411764,0.0017789859536997332,0.003155279904603958,0.1922374544709147,0.8475562085735312,0.5136868064118373,0.4793814432989691,0.4117647058823529,-0.003269189505197071,-0.00245226314291358,-0.6450131004415457,0.518918696143748,0.518865598027127,0.5360824742268041,0.6470588235294118,0.005048175452910961,0.005007907748222351,0.9374296172535891,0.34853761209022327,0.5383477188655981,0.5257731958762887,0.47058823529411764,-0.004158682570621628,-0.002871595323085785,-1.7071128569540956,0.08780107786337386,0.5351418002466092,0.5412371134020618,0.5294117647058824,no_stable_structure,none,none,edges_minus_middle,-0.004158682570621628,-1.7071128569540956,1.7071128569540956,0.5412371134020618,0.5294117647058824,,,,,,,,,0.9698636689787132,True,448,2240,no_stable_structure,No stable monotonic or tail structure passed the descriptive rules.,0.017071128569540957
low_volatility|120d|h21,low_volatility|120d,low_volatility,120d,21,"{""window"": 120}",4181,503.0,428.0,0.9949772781631189,-0.9393939393939393,0.6666666666666666,4181,0.9644153578394109,0.9694265294248633,-0.007673787050557971,0.0003408530537853949,-0.5175024018016202,0.6048054927413882,0.49951923076923077,0.49748743718592964,0.5294117647058824,-0.006140423369204374,-0.0023971591144800186,-1.464966031730153,0.14293018557158038,0.5173076923076924,0.5226130653266332,0.5882352941176471,-0.0013525954734107542,-0.002317843958735466,-0.7180651352753039,0.47271712609087635,0.5319711538461539,0.5577889447236181,0.6470588235294118,-0.004787827838481462,-0.0007057664915919304,-1.7056333591136248,0.08807636432716655,0.5081730769230769,0.5025125628140703,0.6470588235294118,0.0017176161657166981,0.00042268913239240646,1.4940199486664798,0.13517040532497193,0.5103365384615385,0.542713567839196,0.6470588235294118,no_stable_structure,none,none,middle_minus_q1,-0.004787827838481462,-1.7056333591136248,1.7056333591136248,0.5025125628140703,0.6470588235294118,,,,,,,,,0.9949772781631189,True,448,2240,no_stable_structure,No stable monotonic or tail structure passed the descriptive rules.,0.017056333591136248
low_volatility|20d|h42,low_volatility|20d,low_volatility,20d,42,"{""window"": 20}",4181,503.0,427.0,0.9899545563262377,-0.9515151515151514,0.7777777777777778,4181,0.5568028338283298,0.5578583044490755,-0.008722500914826853,-0.0005941818817518651,-0.4877352199227429,0.6257374014526822,0.5015704276395264,0.5050505050505051,0.47058823529411764,-0.011648285771321222,-0.005698331631720066,-1.667296662755788,0.09545542991740662,0.5329789804300555,0.5454545454545454,0.5882352941176471,-0.0038753433212548797,-0.0025225747376680374,-1.228924785013077,0.21910000779293093,0.5312877506644117,0.5555555555555556,0.5882352941176471,-0.0077729424445465295,-0.0027727223932743073,-1.705191547670768,0.0881587058932577,0.5221067890794878,0.5404040404040404,0.5882352941176471,0.0019487996009525201,0.0008228719234466553,1.0963907183296222,0.2729078240783037,0.5182411210437303,0.5454545454545454,0.47058823529411764,no_stable_structure,none,none,middle_minus_q1,-0.0077729424445465295,-1.705191547670768,1.705191547670768,0.5404040404040404,0.5882352941176471,,,,,,,,,0.9899545563262377,True,448,2240,no_stable_structure,No stable monotonic or tail structure passed the descriptive rules.,0.01705191547670768
low_volatility|180d|h126,low_volatility|180d,low_volatility,180d,126,"{""window"": 180}",4181,503.0,424.0,0.9698636689787132,-0.9757575757575757,0.7777777777777778,4181,0.8592717907172648,0.8689874414923884,-0.0065190329816835185,-0.008865111507475376,-0.18967126001234935,0.8495667431512602,0.5149198520345253,0.5103092783505154,0.5294117647058824,-0.03838122026346286,-0.023861046880483627,-1.5524213269854197,0.12056144371071953,0.5686806411837237,0.5721649484536082,0.6470588235294118,-0.008415138861882178,-0.013688497245311737,-0.8280902391084146,0.40761939694635796,0.5923551171393342,0.5876288659793815,0.5294117647058824,-0.029966081211282546,-0.009624349884688854,-1.704433148990616,0.08830019536818329,0.5351418002466092,0.5309278350515464,0.6470588235294118,0.010775471002704082,0.0020793676376342773,1.4749548295961583,0.1402246878636438,0.5223181257706535,0.5309278350515464,0.6470588235294118,no_stable_structure,none,none,middle_minus_q1,-0.029966081211282546,-1.704433148990616,1.704433148990616,0.5309278350515464,0.6470588235294118,,,,,,,,,0.9698636689787132,True,448,2240,no_stable_structure,No stable monotonic or tail structure passed the descriptive rules.,0.01704433148990616
low_volatility|180d|h252,low_volatility|180d,low_volatility,180d,252,"{""window"": 180}",4181,503.0,419.0,0.9397273379574265,-0.9272727272727272,0.6666666666666666,4181,0.7538745485086361,0.7636639439712636,0.004430417427456329,-0.013319933786988258,0.0964556187166284,0.9231587206481068,0.4774751845253245,0.4787234042553192,0.5,-0.08339952827640092,-0.0443742573261261,-1.5737019332598616,0.11555637469255842,0.6062611351488928,0.5957446808510638,0.625,-0.01973747910996181,-0.021404094994068146,-0.9397643379288394,0.3473384551789279,0.5647747518452533,0.5531914893617021,0.625,-0.0636620492756544,-0.01663610339164734,-1.6992324901092473,0.08927538692084185,0.5767370832272843,0.5691489361702128,0.625,0.021962285046194286,0.0025598350912332535,1.4799018628074494,0.13889943850090003,0.5143802494273352,0.5159574468085106,0.5625,no_stable_structure,none,none,middle_minus_q1,-0.0636620492756544,-1.6992324901092473,1.6992324901092473,0.5691489361702128,0.625,,,,,,,,,0.9397273379574265,True,448,2240,no_stable_structure,No stable monotonic or tail structure passed the descriptive rules.,0.01699232490109247
low_volatility|120d|h126,low_volatility|120d,low_volatility,120d,126,"{""window"": 120}",4181,503.0,424.0,0.9698636689787132,-0.9757575757575757,0.7777777777777778,4181,0.7798988576587974,0.7839235307775979,-0.006817222126459328,-0.005402974784374237,-0.2035831144093126,0.8386792895488536,0.5082614056720098,0.5051546391752577,0.5294117647058824,-0.03603856588430179,-0.02320203185081482,-1.5107619845592188,0.13084910353371412,0.5578298397040691,0.5824742268041238,0.6470588235294118,-0.007776132772869572,-0.010499171912670135,-0.7748995160864393,0.4383990381179921,0.5713933415536375,0.5721649484536082,0.47058823529411764,-0.028262433244240426,-0.013462960720062256,-1.689670056849306,0.09109109485335565,0.547225647348952,0.5670103092783505,0.6470588235294118,0.010243150260662326,0.004985438659787178,1.4787742614587274,0.139200657061022,0.5450061652281134,0.5360824742268041,0.5882352941176471,no_stable_structure,none,none,middle_minus_q1,-0.028262433244240426,-1.689670056849306,1.689670056849306,0.5670103092783505,0.6470588235294118,,,,,,,,,0.9698636689787132,True,448,2240,no_stable_structure,No stable monotonic or tail structure passed the descriptive rules.,0.01689670056849306
momentum|24m-0m|h5,momentum|24m-0m,momentum,24m-0m,5,"{""skip"": 0, ""window"": 504}",4181,503.0,427.0,0.9988041138483617,-0.34545454545454546,0.5555555555555556,4181,0.9852292454831831,0.9874327432321227,0.01021977806707821,0.022988480515778065,1.6787106934566272,0.09320844086544396,0.539272030651341,0.57,0.7058823529411765,-0.0003707663789560454,0.0017297945450991392,-0.3924225213512677,0.6947460482117619,0.47294061302681994,0.455,0.7058823529411765,0.0004026402741104924,0.0016214735805988312,0.820597811525733,0.41187539466759326,0.546455938697318,0.555,0.47058823529411764,-0.0007734066454002989,0.0005332729779183865,-1.1553324235393447,0.2479543231830913,0.48323754789272033,0.495,0.7058823529411765,0.0005880234643168078,0.0004422200145199895,1.6885484998036677,0.09130598713469798,0.51772030651341,0.57,0.7647058823529411,no_stable_structure,none,none,edges_minus_middle,0.0005880234643168078,1.6885484998036677,1.6885484998036677,0.57,0.7647058823529411,,,,,,,,,0.9988041138483617,True,448,2240,no_stable_structure,No stable monotonic or tail structure passed the descriptive rules.,0.016885484998036677
momentum|9m-2m|h5,momentum|9m-2m,momentum,9m-2m,5,"{""skip"": 42, ""window"": 189}",4181,503.0,429.0,0.9988041138483617,-0.09090909090909088,0.4444444444444444,4181,0.9562996151739543,0.9604446686241008,0.009072799598740798,0.016915018670260906,1.529471178537017,0.12614767872908123,0.5361590038314177,0.585,0.7058823529411765,0.00016883988425374689,0.00184566096868366,0.20803762113650084,0.8351995925063799,0.532088122605364,0.54,0.47058823529411764,0.000621138379021041,0.0016259525436908007,1.3168656380986485,0.18788366629953113,0.5534003831417624,0.575,0.5882352941176471,-0.00045229849967717167,0.0005317244213074446,-0.8135665369180718,0.41589331453227973,0.48587164750957856,0.5,0.5882352941176471,0.00053671844341744,0.0007512765005230904,1.6878989803826903,0.0914306224154855,0.5330459770114943,0.575,0.7647058823529411,no_stable_structure,none,none,edges_minus_middle,0.00053671844341744,1.6878989803826903,1.6878989803826903,0.575,0.7647058823529411,,,,,,,,,0.9988041138483617,True,448,2240,no_stable_structure,No stable monotonic or tail structure passed the descriptive rules.,0.0168789898038269
momentum|24m-2m|h63,momentum|24m-2m,momentum,24m-2m,63,"{""skip"": 42, ""window"": 504}",4181,503.0,423.0,0.9849318344893566,-0.406060606060606,0.6666666666666666,4181,0.8301045668157145,0.8498335365230603,-0.007031090946103942,0.00870541948825121,-0.3493569555656892,0.7268213443602654,0.48567265662943176,0.49238578680203043,0.47058823529411764,-0.0008495176820031418,5.098991096019745e-05,-0.08399358521123884,0.9330615320067048,0.4995143273433706,0.5025380710659898,0.47058823529411764,0.005831138835298309,0.005190063267946243,1.1180566518456854,0.26354279852249096,0.5422535211267606,0.5685279187817259,0.5882352941176471,-0.006680656502777806,-0.0016506742686033249,-0.9312274882211857,0.35173590162639534,0.5126274890723652,0.5076142131979695,0.7058823529411765,0.006255897633149458,0.007047148421406746,1.686473934172705,0.09170455149884453,0.5862068965517241,0.6192893401015228,0.5882352941176471,no_stable_structure,none,none,edges_minus_middle,0.006255897633149458,1.686473934172705,1.686473934172705,0.6192893401015228,0.5882352941176471,,,,,,,,,0.9849318344893566,True,448,2240,no_stable_structure,No stable monotonic or tail structure passed the descriptive rules.,0.01686473934172705
momentum|6m-1m|h126,momentum|6m-1m,momentum,6m-1m,126,"{""skip"": 21, ""window"": 126}",4181,503.0,424.0,0.9698636689787132,0.29696969696969694,0.7777777777777778,4181,0.009629775424492752,0.025447653702177123,0.01565296013218386,0.0261218324303627,0.8808576420445678,0.3783948762309898,0.5694204685573366,0.5773195876288659,0.5882352941176471,0.015766875405190686,0.012736372649669647,1.0106296038951772,0.31219374134154865,0.5570900123304562,0.5670103092783505,0.5294117647058824,0.01581135632317518,0.014571532607078552,1.6835877112143807,0.09226137529226854,0.5972872996300863,0.6082474226804123,0.5882352941176471,-4.448087210738262e-05,0.001706048846244812,-0.004208342488201586,0.9966422384131711,0.48754623921085083,0.4742268041237113,0.47058823529411764,0.007927918636025322,0.005286917090415955,1.2676827196204792,0.20491127826775446,0.5489519112207152,0.5463917525773195,0.5882352941176471,no_stable_structure,none,none,q10_minus_middle,0.01581135632317518,1.6835877112143807,1.6835877112143807,0.6082474226804123,0.5882352941176471,,,,,,,,,0.9698636689787132,True,448,2240,no_stable_structure,No stable monotonic or tail structure passed the descriptive rules.,0.016835877112143807
trend_slope|slope_100d|h10,trend_slope|slope_100d,trend_slope,slope_100d,10,"{""window"": 100}",4181,503.0,428.0,0.9976082276967233,-0.5515151515151515,0.6666666666666666,4181,0.943434416988004,0.9472567480457224,-0.0060932392293644375,-0.005036414135247469,-0.7767382069667024,0.437313240358952,0.5087508990649724,0.525,0.5294117647058824,-0.000621273588216168,0.00037409551441669464,-0.39640034843213257,0.6918097090826945,0.493886358187485,0.5,0.4117647058823529,0.0006428072854086759,0.0012161917984485626,0.7575220834390095,0.4487371406752164,0.5310477103812036,0.54,0.7058823529411765,-0.0012640808975721818,-0.00013547702110372484,-1.1785100624864298,0.23859332316115966,0.502277631263486,0.55,0.6470588235294118,0.0009534441320690253,0.0005850791931152344,1.6823700517741744,0.09249710494431472,0.518340925437545,0.505,0.6470588235294118,no_stable_structure,none,none,edges_minus_middle,0.0009534441320690253,1.6823700517741744,1.6823700517741744,0.505,0.6470588235294118,,,,,,,,,0.9976082276967233,True,448,2240,no_stable_structure,No stable monotonic or tail structure passed the descriptive rules.,0.016823700517741746
short_term_reversal|reversal_10d|h10,short_term_reversal|reversal_10d,short_term_reversal,reversal_10d,10,"{""window"": 10}",4181,503.0,428.0,0.9976082276967233,0.9030303030303028,0.8888888888888888,4181,-0.012008710145206358,-0.005895833789720422,0.01016689042229974,0.004019139800220728,1.7847272035335013,0.07430557618440449,0.5104291536801726,0.545,0.7058823529411765,0.0015017038456672722,0.0008602263405919075,1.3577444090088473,0.17454480002969286,0.5142651642292017,0.565,0.6470588235294118,0.0012998826225470803,0.0005350625142455101,1.676779561783253,0.09358559578945125,0.5159434188444019,0.6,0.6470588235294118,0.00020182120238606746,0.0002740488853305578,0.2994008268614772,0.764634231342408,0.5051546391752577,0.555,0.6470588235294118,0.0005490307147886842,0.0004080983344465494,1.1656279088251487,0.24376491890005514,0.5159434188444019,0.505,0.7058823529411765,no_stable_structure,none,none,q10_minus_middle,0.0012998826225470803,1.676779561783253,1.676779561783253,0.6,0.6470588235294118,,,,,,,,,0.9976082276967233,True,448,2240,no_stable_structure,No stable monotonic or tail structure passed the descriptive rules.,0.01676779561783253
trend|SMA100|h1,trend|SMA100,trend,SMA100,1,"{""window"": 100}",4181,503.0,429.0,0.9997608227696724,-0.7575757575757575,0.8888888888888888,4181,0.9811229156396652,0.9833910403555002,0.0009045622891291854,0.013365170452743769,0.27384651477499683,0.7842025758064185,0.5251196172248804,0.49,0.6470588235294118,-0.0002950429854240284,0.00034766015596687794,-1.2785467077036134,0.20105672684728781,0.4839712918660287,0.54,0.7647058823529411,-4.4424004540358154e-05,0.0001470406714361161,-0.3674432259407453,0.7132884334553246,0.4892344497607656,0.51,0.5882352941176471,-0.00025061898040498883,5.027235602028668e-05,-1.6689045627632222,0.0951362952158447,0.49521531100478466,0.59,0.6470588235294118,0.00010309748779219224,0.0001533071044832468,1.4200599918464356,0.15559021647513227,0.5169856459330143,0.555,0.5882352941176471,no_stable_structure,none,none,middle_minus_q1,-0.00025061898040498883,-1.6689045627632222,1.6689045627632222,0.59,0.6470588235294118,,,,,,,,,0.9997608227696724,True,448,2240,no_stable_structure,No stable monotonic or tail structure passed the descriptive rules.,0.016689045627632224
momentum|18m-2m|h126,momentum|18m-2m,momentum,18m-2m,126,"{""skip"": 42, ""window"": 378}",4181,503.0,422.0,0.9698636689787132,-0.07878787878787878,0.4444444444444444,4181,0.5715333862768611,0.6090506339816069,0.011613903338686806,0.03118474781513214,0.4360622868082837,0.6627915386260356,0.5718865598027127,0.5721649484536082,0.6470588235294118,0.009874607868947356,0.017442025244235992,0.49136479456315346,0.6231684595896902,0.5684340320591862,0.5721649484536082,0.5882352941176471,0.01464271639498426,0.00987561047077179,1.6687829905132676,0.09516039487286616,0.5570900123304562,0.5567010309278351,0.5882352941176471,-0.004768108444876335,0.0076489076018333435,-0.3160924848739919,0.7519323107427653,0.4579531442663379,0.4639175257731959,0.47058823529411764,0.009705412347712605,0.0097946897149086,1.3550203029287717,0.17541108850762732,0.5901356350184956,0.6082474226804123,0.7647058823529411,no_stable_structure,none,none,q10_minus_middle,0.01464271639498426,1.6687829905132676,1.6687829905132676,0.5567010309278351,0.5882352941176471,,,,,,,,,0.9698636689787132,True,448,2240,no_stable_structure,No stable monotonic or tail structure passed the descriptive rules.,0.016687829905132675
momentum|24m-2m|h21,momentum|24m-2m,momentum,24m-2m,21,"{""skip"": 42, ""window"": 504}",4181,503.0,426.0,0.9949772781631189,-0.22424242424242422,0.5555555555555556,4181,0.9385988361749065,0.9455423387638717,0.0063719112872897415,0.02200283668935299,0.5381179884800646,0.5904955943104986,0.5391826923076923,0.542713567839196,0.5882352941176471,0.0004643739970980767,0.005327573046088219,0.1335284254025271,0.8937754853319205,0.541826923076923,0.5276381909547738,0.47058823529411764,0.0024763787885184194,0.004157013259828091,1.3407115649746737,0.18001411823541835,0.5649038461538461,0.5979899497487438,0.6470588235294118,-0.0020120048662087917,0.0011912824120372534,-0.8026459186977558,0.42217941969440653,0.48389423076923077,0.4623115577889447,0.5882352941176471,0.0022441918079353996,0.001553211361169815,1.661678768391331,0.09657720039802159,0.5302884615384615,0.5376884422110553,0.6470588235294118,no_stable_structure,none,none,edges_minus_middle,0.0022441918079353996,1.661678768391331,1.661678768391331,0.5376884422110553,0.6470588235294118,,,,,,,,,0.9949772781631189,True,448,2240,no_stable_structure,No stable monotonic or tail structure passed the descriptive rules.,0.01661678768391331
momentum|3m-1m|h10,momentum|3m-1m,momentum,3m-1m,10,"{""skip"": 21, ""window"": 63}",4181,503.0,428.0,0.9976082276967233,-0.5878787878787878,0.6666666666666666,4181,0.7249187948097336,0.7351533620441182,-0.0045803845560678695,-0.0038880149368196726,-0.6648524310084072,0.5061448836302338,0.509949652361544,0.505,0.6470588235294118,-0.00021344535256244976,0.0001993514597415924,-0.15629150580892162,0.8758032514463436,0.49844162071445697,0.455,0.47058823529411764,0.0008053483500893827,0.0012401975691318512,1.023487949140376,0.3060771948230072,0.532965715655718,0.555,0.5882352941176471,-0.0010187936844819993,-0.0002497737295925617,-1.0641314972889035,0.28726913402129406,0.5044353871973148,0.535,0.6470588235294118,0.00091207103140848,0.0005247239023447037,1.6607668789501495,0.09676027556725345,0.5197794293934308,0.565,0.5882352941176471,no_stable_structure,none,none,edges_minus_middle,0.00091207103140848,1.6607668789501495,1.6607668789501495,0.565,0.5882352941176471,,,,,,,,,0.9976082276967233,True,448,2240,no_stable_structure,No stable monotonic or tail structure passed the descriptive rules.,0.016607668789501494
low_volatility|20d|h252,low_volatility|20d,low_volatility,20d,252,"{""window"": 20}",4181,503.0,420.0,0.9397273379574265,-0.9999999999999999,1.0,4181,0.5239924722847764,0.5218298525014924,0.0017713741777830912,0.0008605885086581111,0.047175566166186254,0.9623733012094264,0.5026724357342836,0.48936170212765956,0.5,-0.06312494393728235,-0.03075726330280304,-1.5152430187609471,0.1297108725262988,0.5731738355815729,0.5797872340425532,0.5625,-0.018815769711554384,-0.009479865431785583,-1.1135886220595035,0.2654557098185719,0.5405955713922117,0.5478723404255319,0.625,-0.044309173948867506,-0.02370813488960266,-1.6527528825221605,0.09838116694622347,0.5937897683889031,0.5851063829787234,0.5625,0.012746702046389578,0.005553573369979858,1.543179028751102,0.12278734409506119,0.536777806057521,0.526595744680851,0.5625,no_stable_structure,none,none,middle_minus_q1,-0.044309173948867506,-1.6527528825221605,1.6527528825221605,0.5851063829787234,0.5625,,,,,,,,,0.9397273379574265,True,448,2240,no_stable_structure,No stable monotonic or tail structure passed the descriptive rules.,0.016527528825221606
price_volume_confirmation|pvc_9m_1m_liq20_126|h10,price_volume_confirmation|pvc_9m_1m_liq20_126,price_volume_confirmation,pvc_9m_1m_liq20_126,10,"{""confirmation_strength"": 0.25, ""liquidity_clip"": 2, ""long_window"": 126, ""short_window"": 20, ""skip"": 21, ""window"": 189}",4181,503.0,428.0,0.9976082276967233,0.28484848484848485,0.4444444444444444,4181,0.9175952953212894,0.9233529965294244,0.0053465978171754,0.015097132883965969,0.6472787266822705,0.5174515671014916,0.5322464636777751,0.565,0.6470588235294118,9.322079282097234e-05,0.0015651397407054901,0.05655374956112952,0.9549006780435031,0.5200191800527452,0.53,0.47058823529411764,0.0009817986361042926,0.002056149300187826,1.132548102234921,0.2574040732835725,0.5473507552145769,0.565,0.6470588235294118,-0.0008885778302490467,2.652406692504883e-06,-0.7946071123907615,0.42684207978110567,0.4998801246703428,0.515,0.6470588235294118,0.0009351882400845555,0.0012047886848449707,1.6487311780680143,0.09920271979697914,0.5389594821385759,0.575,0.5882352941176471,no_stable_structure,none,none,edges_minus_middle,0.0009351882400845555,1.6487311780680143,1.6487311780680143,0.575,0.5882352941176471,,,,,,,,,0.9976082276967233,True,448,2240,no_stable_structure,No stable monotonic or tail structure passed the descriptive rules.,0.016487311780680143
momentum|9m-1m|h42,momentum|9m-1m,momentum,9m-1m,42,"{""skip"": 21, ""window"": 189}",4181,503.0,426.0,0.9899545563262377,0.33333333333333326,0.5555555555555556,4181,0.7178034920057972,0.7311492044169313,0.009100229568368062,0.02172735705971718,0.6541167087432737,0.5130366174418245,0.5491664653297899,0.5707070707070707,0.5882352941176471,0.005788969913250955,0.007256563752889633,0.9259389606790402,0.35447770246309873,0.5494080695820246,0.5505050505050505,0.5882352941176471,0.005303967798086647,0.0056135691702365875,1.6439636358250396,0.10018371402240375,0.569944431021986,0.5808080808080808,0.5882352941176471,0.0004850021462967573,0.0034536458551883698,0.10381693612123179,0.9173146260147446,0.529354916646533,0.5050505050505051,0.47058823529411764,0.0024094828691235202,0.0017971023917198181,0.9565401159386879,0.3387994270332352,0.5237980188451317,0.5404040404040404,0.5882352941176471,no_stable_structure,none,none,q10_minus_middle,0.005303967798086647,1.6439636358250396,1.6439636358250396,0.5808080808080808,0.5882352941176471,,,,,,,,,0.9899545563262377,True,448,2240,no_stable_structure,No stable monotonic or tail structure passed the descriptive rules.,0.016439636358250395
price_volume_confirmation|pvc_6m_1m_liq5_60|h126,price_volume_confirmation|pvc_6m_1m_liq5_60,price_volume_confirmation,pvc_6m_1m_liq5_60,126,"{""confirmation_strength"": 0.25, ""liquidity_clip"": 2, ""long_window"": 60, ""short_window"": 5, ""skip"": 21, ""window"": 126}",4181,503.0,424.0,0.9698636689787132,0.43030303030303024,0.7777777777777778,4181,0.010541432971525797,0.026899419365495142,0.015365474905009209,0.02560909278690815,0.867626900775914,0.38559861496273384,0.5741060419235512,0.5876288659793815,0.5882352941176471,0.015414136114705965,0.015533164143562317,1.0115482334818386,0.311754107928629,0.5664611590628853,0.5824742268041238,0.5294117647058824,0.014992644666718794,0.011645004153251648,1.643351456686039,0.1003102375854183,0.5864364981504315,0.5927835051546392,0.5882352941176471,0.00042149140126314177,0.0024693459272384644,0.040727911538995486,0.9675128098611128,0.5191122071516646,0.5360824742268041,0.5294117647058824,0.007285576618538363,0.0037960298359394073,1.195859242002345,0.23175149276515206,0.5398273736128236,0.5309278350515464,0.5294117647058824,no_stable_structure,none,none,q10_minus_middle,0.014992644666718794,1.643351456686039,1.643351456686039,0.5927835051546392,0.5882352941176471,,,,,,,,,0.9698636689787132,True,448,2240,no_stable_structure,No stable monotonic or tail structure passed the descriptive rules.,0.016433514566860388
residual_momentum|resmom_9m_1m|h10,residual_momentum|resmom_9m_1m,residual_momentum,resmom_9m_1m,10,"{""skip"": 21, ""window"": 189}",4181,503.0,418.0,0.9976082276967233,0.006060606060606061,0.5555555555555556,4181,0.9247003801928774,0.9309179939080716,0.005788629013966522,0.014979774132370949,0.7164896395967056,0.47368906251028997,0.530568209062575,0.56,0.5882352941176471,0.0007157446223636732,0.0020502954721450806,0.44461742625941997,0.6565962518707025,0.5240949412610885,0.555,0.5294117647058824,0.0013357478560573034,0.002303328365087509,1.6311259064433792,0.10286375530627655,0.5555022776312635,0.59,0.7058823529411765,-0.0006200032391396957,0.00030121952295303345,-0.5367375718025933,0.5914488993675107,0.49316710620954207,0.49,0.6470588235294118,0.0009778755513873702,0.0012852996587753296,1.6421297747404249,0.1005631123134409,0.5346439702709183,0.545,0.5882352941176471,no_stable_structure,none,none,edges_minus_middle,0.0009778755513873702,1.6421297747404249,1.6421297747404249,0.545,0.5882352941176471,,,,,,,,,0.9976082276967233,True,448,2240,no_stable_structure,No stable monotonic or tail structure passed the descriptive rules.,0.016421297747404247
momentum|6m-0m|h126,momentum|6m-0m,momentum,6m-0m,126,"{""skip"": 0, ""window"": 126}",4181,503.0,424.0,0.9698636689787132,0.09090909090909088,0.3333333333333333,4181,0.013044702909087652,0.02881600137965797,0.014538013736917505,0.028283998370170593,0.8289298999875883,0.40714407504312355,0.5785450061652281,0.6030927835051546,0.5882352941176471,0.01540091204595937,0.016915079206228256,0.9644465370458905,0.3348221001422851,0.5726263871763255,0.5567010309278351,0.5294117647058824,0.015573168172370115,0.011625416576862335,1.6398969353552189,0.10102659818605907,0.5785450061652281,0.6082474226804123,0.5882352941176471,-0.00017225611478356706,0.0013990849256515503,-0.01562609760368115,0.987532685346095,0.4919852034525277,0.5154639175257731,0.4117647058823529,0.007872712125360929,0.006095796823501587,1.213317800248705,0.22500833993140157,0.5570900123304562,0.5618556701030928,0.6470588235294118,no_stable_structure,none,none,q10_minus_middle,0.015573168172370115,1.6398969353552189,1.6398969353552189,0.6082474226804123,0.5882352941176471,,,,,,,,,0.9698636689787132,True,448,2240,no_stable_structure,No stable monotonic or tail structure passed the descriptive rules.,0.016398969353552187
liquidity_change|liq_20d_126d|h42,liquidity_change|liq_20d_126d,liquidity_change,liq_20d_126d,42,"{""long_window"": 126, ""short_window"": 20}",4181,503.0,427.0,0.9899545563262377,-0.6727272727272726,0.7777777777777778,4181,0.03560158867227536,0.02898410082148952,-0.010014330144168034,-0.011099204421043396,-1.6786208576454005,0.09322595893579201,0.5474752355641459,0.5707070707070707,0.7058823529411765,-0.0019555051870273725,-0.0006431657820940018,-0.7575299769967525,0.4487324134766615,0.5095433679632762,0.5202020202020202,0.6470588235294118,0.0009714426227323675,-0.00036327121779322624,0.5969050454246182,0.55057077853122,0.4943223000724813,0.494949494949495,0.5294117647058824,-0.0029269477891993145,-0.0011794846504926682,-1.559078980855061,0.11897768785426684,0.5177579125392607,0.5252525252525253,0.5882352941176471,0.0019491952621343352,0.0009589772671461105,1.6353706030125208,0.10197138107623244,0.523314810340662,0.5303030303030303,0.6470588235294118,no_stable_structure,none,none,edges_minus_middle,0.0019491952621343352,1.6353706030125208,1.6353706030125208,0.5303030303030303,0.6470588235294118,,,,,,,,,0.9899545563262377,True,448,2240,no_stable_structure,No stable monotonic or tail structure passed the descriptive rules.,0.016353706030125207
momentum|24m-1m|h10,momentum|24m-1m,momentum,24m-1m,10,"{""skip"": 21, ""window"": 504}",4181,503.0,426.0,0.9976082276967233,-0.23636363636363633,0.5555555555555556,4181,0.9710383027692945,0.9743927985072675,0.010956180784896633,0.02516956999897957,1.2975717382113916,0.19443453894981377,0.5461520019180053,0.56,0.6470588235294118,-8.580727748373209e-05,0.0030816402286291122,-0.05016216472680101,0.9599931617507725,0.46128026852073845,0.475,0.5882352941176471,0.0010129016899648679,0.002380451187491417,1.1157467849094367,0.26453053819791317,0.5499880124670343,0.565,0.5882352941176471,-0.0010987089306414301,0.0008010570891201496,-0.9053883680557602,0.36525967586129304,0.4845360824742268,0.485,0.5882352941176471,0.001055805275920717,0.0008195526897907257,1.6352783386893732,0.10199071232939033,0.5262526971949173,0.56,0.7058823529411765,no_stable_structure,none,none,edges_minus_middle,0.001055805275920717,1.6352783386893732,1.6352783386893732,0.56,0.7058823529411765,,,,,,,,,0.9976082276967233,True,448,2240,no_stable_structure,No stable monotonic or tail structure passed the descriptive rules.,0.01635278338689373
short_term_reversal|reversal_10d|h5,short_term_reversal|reversal_10d,short_term_reversal,reversal_10d,5,"{""window"": 10}",4181,503.0,429.0,0.9988041138483617,0.9515151515151514,0.7777777777777778,4181,0.45399319734391624,0.46813328112123537,0.010467157184015152,0.004608408315107226,2.248245204971491,0.024560558615146836,0.5112547892720306,0.565,0.8235294117647058,0.001032897073768449,0.0009495339472778141,1.4484984183279594,0.14747770801094726,0.5191570881226054,0.585,0.7058823529411765,0.000785603516220481,0.0008529834449291229,1.6324194244199628,0.10259115990572415,0.5289750957854407,0.605,0.7647058823529411,0.0002472935577884092,0.00039415870560333133,0.6283734347508626,0.5297593354778452,0.5170019157088123,0.555,0.7058823529411765,0.0002691549709678598,0.0002557896077632904,1.0467403094240322,0.2952193670779355,0.5114942528735632,0.515,0.6470588235294118,no_stable_structure,none,none,q10_minus_middle,0.000785603516220481,1.6324194244199628,1.6324194244199628,0.605,0.7647058823529411,,,,,,,,,0.9988041138483617,True,448,2240,no_stable_structure,No stable monotonic or tail structure passed the descriptive rules.,0.01632419424419963
momentum|9m-0m|h63,momentum|9m-0m,momentum,9m-0m,63,"{""skip"": 0, ""window"": 189}",4181,503.0,425.0,0.9849318344893566,0.6,0.5555555555555556,4181,0.6382325138976856,0.6548732290252581,0.010389775442294082,0.025638745166361332,0.6384786338235519,0.523162158147534,0.5689655172413793,0.5786802030456852,0.5294117647058824,0.008143792685756579,0.01058918610215187,0.88578423550229,0.37573380635300224,0.5539096648858669,0.5786802030456852,0.5882352941176471,0.007296352825429916,0.006717182695865631,1.6322569077200555,0.10262537700404825,0.5626517727051967,0.5736040609137056,0.5294117647058824,0.0008474398995511054,0.003454122692346573,0.12354441880687485,0.9016760025579399,0.5252549781447304,0.5025380710659898,0.47058823529411764,0.0032244564739151824,0.002586904913187027,0.9162497106265671,0.3595359379058152,0.5293831957260806,0.5329949238578681,0.5882352941176471,no_stable_structure,none,none,q10_minus_middle,0.007296352825429916,1.6322569077200555,1.6322569077200555,0.5736040609137056,0.5294117647058824,,,,,,,,,0.9849318344893566,True,448,2240,no_stable_structure,No stable monotonic or tail structure passed the descriptive rules.,0.016322569077200554
low_volatility|40d|h5,low_volatility|40d,low_volatility,40d,5,"{""window"": 40}",4181,503.0,429.0,0.9988041138483617,-0.9393939393939393,0.6666666666666666,4181,0.952243716382285,0.9584102595960566,-0.0007673242726928718,0.000263803442067001,-0.10830892525621706,0.9137506429367592,0.4988026819923372,0.475,0.47058823529411764,-0.0015412443271475501,-0.0010781848104670644,-1.5182868672516316,0.12894209690436598,0.514367816091954,0.505,0.5882352941176471,-0.0004508847499564442,-0.0004904735833406448,-1.0186305085197274,0.3083784147669829,0.5196360153256705,0.51,0.6470588235294118,-0.0010903595472405046,-0.0004157349467277527,-1.6217445058119548,0.10485806508287013,0.5102969348659003,0.485,0.6470588235294118,0.0003197373881863258,-5.07943332195282e-05,1.2411430712068507,0.21455290077286993,0.49808429118773945,0.51,0.5294117647058824,no_stable_structure,none,none,middle_minus_q1,-0.0010903595472405046,-1.6217445058119548,1.6217445058119548,0.485,0.6470588235294118,,,,,,,,,0.9988041138483617,True,448,2240,no_stable_structure,No stable monotonic or tail structure passed the descriptive rules.,0.016217445058119548
low_volatility|90d|h252,low_volatility|90d,low_volatility,90d,252,"{""window"": 90}",4181,503.0,419.0,0.9397273379574265,-0.9878787878787878,0.8888888888888888,4181,0.6864066875743077,0.6918759490332467,0.0009694283446959867,-0.00947822816669941,0.021966278744092814,0.9824748547077244,0.4856197505726648,0.48404255319148937,0.5,-0.07505111825825696,-0.0314471572637558,-1.4826593679805204,0.1381649351762163,0.5647747518452533,0.5691489361702128,0.5625,-0.017383953297632107,-0.013972580432891846,-0.8937044038517292,0.37148006851622595,0.555357597353016,0.5638297872340425,0.625,-0.05766716487884671,-0.01893925666809082,-1.618923814762403,0.1054636561658069,0.5808093662509545,0.6063829787234043,0.625,0.02014160589158552,0.003946751356124878,1.4888257016659217,0.13653327246128438,0.5342326291677272,0.5319148936170213,0.5,no_stable_structure,none,none,middle_minus_q1,-0.05766716487884671,-1.618923814762403,1.618923814762403,0.6063829787234043,0.625,,,,,,,,,0.9397273379574265,True,448,2240,no_stable_structure,No stable monotonic or tail structure passed the descriptive rules.,0.01618923814762403
trend_slope|slope_100d|h1,trend_slope|slope_100d,trend_slope,slope_100d,1,"{""window"": 100}",4181,503.0,429.0,0.9997608227696724,-0.5393939393939393,0.5555555555555556,4181,0.9992215620740673,0.9992803295110296,0.0054561577511820225,0.012831266038119793,1.6313740604515532,0.10281141483236754,0.5299043062200957,0.555,0.6470588235294118,-7.653374194752973e-05,0.00034563313238322735,-0.3430219990072409,0.7315819102942756,0.4863636363636364,0.48,0.47058823529411764,8.236728995034702e-05,0.0003429466305533424,0.6682652487629097,0.503964291836001,0.5270334928229665,0.555,0.7647058823529411,-0.0001589010267516163,6.386695895344019e-05,-1.1007610477227003,0.2710006688760537,0.4966507177033493,0.555,0.5882352941176471,0.0001206341693889401,9.343202691525221e-05,1.6163754175925282,0.10601316993114242,0.5093301435406699,0.555,0.5882352941176471,no_stable_structure,none,none,edges_minus_middle,0.0001206341693889401,1.6163754175925282,1.6163754175925282,0.555,0.5882352941176471,,,,,,,,,0.9997608227696724,True,448,2240,no_stable_structure,No stable monotonic or tail structure passed the descriptive rules.,0.016163754175925284
low_volatility|120d|h252,low_volatility|120d,low_volatility,120d,252,"{""window"": 120}",4181,503.0,419.0,0.9397273379574265,-0.9636363636363635,0.8888888888888888,4181,0.7150805591445727,0.723401898698725,0.0020882839016576026,-0.008053207769989967,0.046288788725952844,0.9630800750328025,0.48511071519470605,0.4787234042553192,0.5,-0.07722299947048052,-0.03892599046230316,-1.4928640292527104,0.13547278262159732,0.5803003308729957,0.6063829787234043,0.5,-0.018955418102921562,-0.014609478414058685,-0.9370439694353074,0.3487359409990748,0.5624840926444388,0.5585106382978723,0.625,-0.05826758142699625,-0.01626809686422348,-1.6105803470411766,0.10727122018350495,0.568592517179944,0.574468085106383,0.625,0.019656081622659395,0.005222231149673462,1.4257000371278095,0.1539549458156141,0.5375413591244591,0.5478723404255319,0.5,no_stable_structure,none,none,middle_minus_q1,-0.05826758142699625,-1.6105803470411766,1.6105803470411766,0.574468085106383,0.625,,,,,,,,,0.9397273379574265,True,448,2240,no_stable_structure,No stable monotonic or tail structure passed the descriptive rules.,0.016105803470411767
momentum|6m-2m|h126,momentum|6m-2m,momentum,6m-2m,126,"{""skip"": 42, ""window"": 126}",4181,503.0,424.0,0.9698636689787132,0.9757575757575757,0.7777777777777778,4181,0.007455092501291316,0.022170290444591158,0.019253461317997326,0.03451208397746086,1.117789109497882,0.26365707385430825,0.5953144266337854,0.6082474226804123,0.5882352941176471,0.016889648030870324,0.01954091340303421,1.1258977714872695,0.26020879275486275,0.5852034525277435,0.5670103092783505,0.5882352941176471,0.014511512340426573,0.01256578043103218,1.6084505481340359,0.10773653853788666,0.5933415536374846,0.6391752577319587,0.5294117647058824,0.002378135696400885,0.005244870204478502,0.2349399095355659,0.8142553730263686,0.5307028360049322,0.5257731958762887,0.5882352941176471,0.006066688308124827,0.004648146685212851,1.0157611683479937,0.30974313175234813,0.5454993834771886,0.5515463917525774,0.5294117647058824,no_stable_structure,none,none,q10_minus_middle,0.014511512340426573,1.6084505481340359,1.6084505481340359,0.6391752577319587,0.5294117647058824,,,,,,,,,0.9698636689787132,True,448,2240,no_stable_structure,No stable monotonic or tail structure passed the descriptive rules.,0.01608450548134036
liquidity_change|liq_20d_126d|h5,liquidity_change|liq_20d_126d,liquidity_change,liq_20d_126d,5,"{""long_window"": 126, ""short_window"": 20}",4181,503.0,429.0,0.9988041138483617,-0.6727272727272726,0.5555555555555556,4181,0.8578764949859425,0.8613934641754679,-0.006452814242339136,-0.004011006793007255,-2.396005571876042,0.016574838356069543,0.5201149425287356,0.55,0.7647058823529411,-0.0004828975147418156,8.791207801550627e-05,-1.1600947930413987,0.24601021392250444,0.49712643678160917,0.505,0.7058823529411765,9.587041353774515e-06,0.00012142570631112903,0.03624455896050592,0.9710873564002301,0.5074233716475096,0.49,0.4117647058823529,-0.0004924845431501004,-0.00016596622299402952,-1.6082165638804045,0.10778775669284404,0.508860153256705,0.555,0.7058823529411765,0.000251035806523338,0.0002495540538802743,1.2785049756447522,0.20107143150234996,0.5210727969348659,0.54,0.5882352941176471,no_stable_structure,none,none,middle_minus_q1,-0.0004924845431501004,-1.6082165638804045,1.6082165638804045,0.555,0.7058823529411765,,,,,,,,,0.9988041138483617,True,448,2240,no_stable_structure,No stable monotonic or tail structure passed the descriptive rules.,0.016082165638804043
momentum|24m-1m|h21,momentum|24m-1m,momentum,24m-1m,21,"{""skip"": 21, ""window"": 504}",4181,503.0,426.0,0.9949772781631189,-0.32121212121212117,0.6666666666666666,4181,0.9416843060147269,0.9480239307733102,0.005360209357417471,0.023602232336997986,0.4522305240736311,0.6511029206688419,0.5439903846153846,0.5477386934673367,0.5882352941176471,-0.000451370156644351,0.005204814486205578,-0.12935578527147504,0.8970761319076861,0.45913461538461536,0.457286432160804,0.5294117647058824,0.001902321508532623,0.003975209314376116,1.055008255505994,0.2914215490969999,0.5653846153846154,0.6080402010050251,0.6470588235294118,-0.0023536917161506537,0.0008964613080024719,-0.93306328976514,0.35078729178348,0.48846153846153845,0.507537688442211,0.5882352941176471,0.0021280066064299228,0.0016939123161137104,1.6025293752579162,0.1090385970639388,0.5271634615384615,0.542713567839196,0.7058823529411765,no_stable_structure,none,none,edges_minus_middle,0.0021280066064299228,1.6025293752579162,1.6025293752579162,0.542713567839196,0.7058823529411765,,,,,,,,,0.9949772781631189,True,448,2240,no_stable_structure,No stable monotonic or tail structure passed the descriptive rules.,0.01602529375257916
momentum|18m-1m|h63,momentum|18m-1m,momentum,18m-1m,63,"{""skip"": 21, ""window"": 378}",4181,503.0,425.0,0.9849318344893566,-0.10303030303030303,0.4444444444444444,4181,0.7866456398439852,0.8109155127538035,0.00375704464451503,0.019544528797268867,0.200379235165846,0.8411839980947113,0.5403108305002429,0.5329949238578681,0.5294117647058824,0.005997288342654178,0.009252258576452732,0.6261949177464926,0.5311871003294567,0.5400679941719281,0.5431472081218274,0.5294117647058824,0.007402986784122076,0.005082711577415466,1.5979500081032925,0.11005410334623908,0.5449247207382224,0.5431472081218274,0.5882352941176471,-0.001405698511563038,0.00532308965921402,-0.19662955384092892,0.8441174414618365,0.4618746964545896,0.48223350253807107,0.5882352941176471,0.0044043426857736535,0.0025804247707128525,1.205250004019773,0.22810680387431737,0.5339970859640603,0.5177664974619289,0.6470588235294118,no_stable_structure,none,none,q10_minus_middle,0.007402986784122076,1.5979500081032925,1.5979500081032925,0.5431472081218274,0.5882352941176471,,,,,,,,,0.9849318344893566,True,448,2240,no_stable_structure,No stable monotonic or tail structure passed the descriptive rules.,0.015979500081032924
momentum|24m-2m|h126,momentum|24m-2m,momentum,24m-2m,126,"{""skip"": 42, ""window"": 504}",4181,503.0,422.0,0.9698636689787132,-0.6242424242424242,0.7777777777777778,4147,0.6714862398477507,0.706940423483342,-0.015210048827358227,0.006291422061622143,-0.5547980768627877,0.5790327827125126,0.48557336621454994,0.4845360824742268,0.5294117647058824,-0.005142279594873093,0.0068231672048568726,-0.2463434001592676,0.8054164163788499,0.4744759556103576,0.4587628865979381,0.5294117647058824,0.008839976101247858,0.012065067887306213,0.9499492653591923,0.3421380324281619,0.5632552404438964,0.5721649484536082,0.47058823529411764,-0.013982255650631412,-0.005003809928894043,-0.9148213706300053,0.3602854138175515,0.5284833538840937,0.5257731958762887,0.5882352941176471,0.011411115883059488,0.011885065585374832,1.5952932270792795,0.11064667946528164,0.5985203452527743,0.6082474226804123,0.7647058823529411,no_stable_structure,none,none,edges_minus_middle,0.011411115883059488,1.5952932270792795,1.5952932270792795,0.6082474226804123,0.7647058823529411,,,,,,,,,0.9698636689787132,True,448,2240,no_stable_structure,No stable monotonic or tail structure passed the descriptive rules.,0.015952932270792794
liquidity_change|liq_20d_252d|h63,liquidity_change|liq_20d_252d,liquidity_change,liq_20d_252d,63,"{""long_window"": 252, ""short_window"": 20}",4181,503.0,425.0,0.9849318344893566,-0.41818181818181815,0.5555555555555556,4181,0.29237996674020333,0.2936157406187884,-0.0034724834447992323,-0.002330231945961714,-0.5205796567598062,0.6026596239178765,0.5099562894609033,0.49746192893401014,0.5294117647058824,0.002766809131534686,0.0017488906159996986,0.7104698703968085,0.4774128084898789,0.5152986886838271,0.49746192893401014,0.5294117647058824,0.004221630560776631,0.002557077445089817,1.5878289427906294,0.1123250248425087,0.5344827586206896,0.5583756345177665,0.6470588235294118,-0.001454821419319221,0.000324418768286705,-0.5301608595309198,0.5960004059302798,0.4956289460903351,0.5228426395939086,0.5294117647058824,0.002838225929112223,0.0012154970318078995,1.5153489394551234,0.1296840608267722,0.5228266148615833,0.5126903553299492,0.5294117647058824,no_stable_structure,none,none,q10_minus_middle,0.004221630560776631,1.5878289427906294,1.5878289427906294,0.5583756345177665,0.6470588235294118,,,,,,,,,0.9849318344893566,True,448,2240,no_stable_structure,No stable monotonic or tail structure passed the descriptive rules.,0.015878289427906294
momentum|24m-0m|h10,momentum|24m-0m,momentum,24m-0m,10,"{""skip"": 0, ""window"": 504}",4181,503.0,426.0,0.9976082276967233,-0.35757575757575755,0.5555555555555556,4181,0.9716765926257697,0.9755090337058786,0.00781495231609451,0.023048682138323784,0.9127771018142237,0.3613597836365827,0.5401582354351474,0.55,0.5882352941176471,-0.0005217332153276187,0.0028032660484313965,-0.29662357256921335,0.7667539121055345,0.4699112922560537,0.44,0.6470588235294118,0.0007820518314090404,0.002119744196534157,0.8673702988225886,0.3857391501359809,0.545192999280748,0.555,0.5294117647058824,-0.0013037850031192906,0.0006789155304431915,-1.0309500973207097,0.30256422196489696,0.486214337089427,0.505,0.6470588235294118,0.0010429183931772745,0.0008847708813846111,1.5854705745743263,0.11285945737431474,0.5284104531287461,0.53,0.7058823529411765,no_stable_structure,none,none,edges_minus_middle,0.0010429183931772745,1.5854705745743263,1.5854705745743263,0.53,0.7058823529411765,,,,,,,,,0.9976082276967233,True,448,2240,no_stable_structure,No stable monotonic or tail structure passed the descriptive rules.,0.015854705745743262
momentum|18m-2m|h63,momentum|18m-2m,momentum,18m-2m,63,"{""skip"": 42, ""window"": 378}",4181,503.0,424.0,0.9849318344893566,0.006060606060606061,0.5555555555555556,4181,0.773883744531734,0.7998940816525563,0.006097618411073975,0.01895634364336729,0.31957699472834816,0.7492890160689324,0.5456532297231665,0.5583756345177665,0.5294117647058824,0.005126143258547608,0.00588113721460104,0.5278064070315428,0.5976337097634651,0.5298688683827101,0.5482233502538071,0.5294117647058824,0.007761881908665548,0.0036649471148848534,1.5852022267681318,0.11292039475700508,0.5313258863525984,0.5431472081218274,0.5294117647058824,-0.0026357387063749797,0.0039850864559412,-0.37158721040586273,0.7102002129478215,0.4711024769305488,0.48223350253807107,0.5882352941176471,0.005198810364229622,0.0036371666938066483,1.4116573313723508,0.15805088262736877,0.5577950461389024,0.5685279187817259,0.6470588235294118,no_stable_structure,none,none,q10_minus_middle,0.007761881908665548,1.5852022267681318,1.5852022267681318,0.5431472081218274,0.5294117647058824,,,,,,,,,0.9849318344893566,True,448,2240,no_stable_structure,No stable monotonic or tail structure passed the descriptive rules.,0.01585202226768132
low_volatility|252d|h252,low_volatility|252d,low_volatility,252d,252,"{""window"": 252}",4181,503.0,419.0,0.9397273379574265,-0.9393939393939393,0.7777777777777778,4181,0.7869682719929723,0.8009377624728138,0.005554131260336435,-0.014183193445205688,0.11956764378002209,0.9048256523194765,0.4713667599898193,0.4946808510638298,0.5,-0.08211448557062616,-0.04008620232343674,-1.5548292225131266,0.11998674744844597,0.5978620514125732,0.5904255319148937,0.625,-0.022778897840040432,-0.02990587055683136,-1.0616366931548746,0.28840064920351716,0.5846271315856452,0.5851063829787234,0.625,-0.059335587688333684,-0.014210604131221771,-1.58426520674212,0.11313337999979331,0.5612115041995419,0.5638297872340425,0.625,0.018278344886339053,0.003255605697631836,1.1942210153087625,0.23239152458401335,0.5232883685416136,0.5319148936170213,0.5625,no_stable_structure,none,none,middle_minus_q1,-0.059335587688333684,-1.58426520674212,1.58426520674212,0.5638297872340425,0.625,,,,,,,,,0.9397273379574265,True,448,2240,no_stable_structure,No stable monotonic or tail structure passed the descriptive rules.,0.0158426520674212
momentum|24m-2m|h42,momentum|24m-2m,momentum,24m-2m,42,"{""skip"": 42, ""window"": 504}",4181,503.0,424.0,0.9899545563262377,-0.33333333333333326,0.5555555555555556,4181,0.883448721594053,0.8970761781844723,-0.0021741029603190728,0.016218416392803192,-0.13222540965838506,0.8948060035719014,0.4694370620922928,0.4696969696969697,0.47058823529411764,-2.9608147678071894e-05,0.002542620524764061,-0.004365074695924578,0.996517185353561,0.4853829427397922,0.4898989898989899,0.47058823529411764,0.004178510085072285,0.0051209405064582825,1.1603458589193154,0.24590802038802384,0.5479584440686156,0.5404040404040404,0.5882352941176471,-0.004208118291379914,0.0007307999767363071,-0.8580408977040429,0.3908698807517109,0.4931142788113071,0.494949494949495,0.6470588235294118,0.004193314207584119,0.0036783404648303986,1.5840173399860515,0.11318977317770043,0.556414592896835,0.5909090909090909,0.6470588235294118,no_stable_structure,none,none,edges_minus_middle,0.004193314207584119,1.5840173399860515,1.5840173399860515,0.5909090909090909,0.6470588235294118,,,,,,,,,0.9899545563262377,True,448,2240,no_stable_structure,No stable monotonic or tail structure passed the descriptive rules.,0.015840173399860515
trend|SMA100|h10,trend|SMA100,trend,SMA100,10,"{""window"": 100}",4181,503.0,428.0,0.9976082276967233,-0.5878787878787878,0.6666666666666666,4181,0.8276605813594647,0.8394211996952274,-0.007957295273055583,0.002476292895153165,-1.0755828690233609,0.28211385229955055,0.49604411412131383,0.525,0.7058823529411765,-0.0013149329096086018,0.00040257908403873444,-0.8407974586062343,0.4004614111223178,0.49292735555022776,0.505,0.47058823529411764,0.00021030852518574044,0.0010741166770458221,0.2620531428739352,0.7932804712214756,0.5269719491728603,0.55,0.4117647058823529,-0.0015252414349199402,-0.0002415357157588005,-1.4017020740062895,0.16100423105293693,0.5063533924718293,0.55,0.5882352941176471,0.0008677749857954565,0.0007140180096030235,1.5775101114481387,0.11467819734615618,0.5243346919204028,0.525,0.5882352941176471,no_stable_structure,none,none,edges_minus_middle,0.0008677749857954565,1.5775101114481387,1.5775101114481387,0.525,0.5882352941176471,,,,,,,,,0.9976082276967233,True,448,2240,no_stable_structure,No stable monotonic or tail structure passed the descriptive rules.,0.015775101114481386
liquidity_change|liq_5d_60d|h5,liquidity_change|liq_5d_60d,liquidity_change,liq_5d_60d,5,"{""long_window"": 60, ""short_window"": 5}",4181,503.0,429.0,0.9988041138483617,-0.5151515151515151,0.8888888888888888,4181,0.3842977558684349,0.3901562811900354,-0.0048564200424126526,-0.004858196480199695,-2.105305575145908,0.0352647171300493,0.521551724137931,0.58,0.5882352941176471,-0.0005354717410651135,-0.00032880809158086777,-1.5738875172886433,0.11551345625576699,0.5136494252873564,0.575,0.5882352941176471,-0.00026518205856145905,-0.0002088528999593109,-1.2186714283968523,0.22296892644975042,0.5148467432950191,0.535,0.5294117647058824,-0.00027028969478444645,-0.0003250316367484629,-1.1090287550870759,0.26741777739012873,0.5174808429118773,0.565,0.5882352941176471,2.553828433038929e-06,0.00011864874977618456,0.016337157261637165,0.9869654142838133,0.5110153256704981,0.515,0.47058823529411764,no_stable_structure,none,none,q10_minus_q1,-0.0005354717410651135,-1.5738875172886433,1.5738875172886433,0.575,0.5882352941176471,,,,,,,,,0.9988041138483617,True,448,2240,no_stable_structure,No stable monotonic or tail structure passed the descriptive rules.,0.015738875172886434
momentum|24m-1m|h5,momentum|24m-1m,momentum,24m-1m,5,"{""skip"": 21, ""window"": 504}",4181,503.0,427.0,0.9988041138483617,-0.1515151515151515,0.5555555555555556,4181,0.9847835733052223,0.9868192459304299,0.01314780179787857,0.02779391873627901,2.1737442582283055,0.02972434685092866,0.5486111111111112,0.55,0.7647058823529411,-3.1296518312140915e-05,0.002149665728211403,-0.03501863297224989,0.9720648830216744,0.46551724137931033,0.47,0.5882352941176471,0.0005232118510530095,0.0014502089470624924,1.0716434262124401,0.2838802202720979,0.5462164750957854,0.57,0.5882352941176471,-0.0005545083335446493,0.0005701459012925625,-0.8814716258494105,0.37806260498574296,0.4849137931034483,0.48,0.6470588235294118,0.0005388601016716775,0.00033249054104089737,1.5728771566384563,0.11574726544368771,0.5150862068965517,0.55,0.7058823529411765,no_stable_structure,none,none,edges_minus_middle,0.0005388601016716775,1.5728771566384563,1.5728771566384563,0.55,0.7058823529411765,,,,,,,,,0.9988041138483617,True,448,2240,no_stable_structure,No stable monotonic or tail structure passed the descriptive rules.,0.015728771566384563
momentum|9m-2m|h10,momentum|9m-2m,momentum,9m-2m,10,"{""skip"": 42, ""window"": 189}",4181,503.0,428.0,0.9976082276967233,0.19999999999999998,0.4444444444444444,4181,0.9160308853075877,0.9221061276469442,0.006796165827993373,0.01988367736339569,0.8508754646555801,0.3948385354769647,0.5423159913689762,0.555,0.6470588235294118,0.00036812132616082817,0.00188530795276165,0.23371807528426863,0.8152038542976113,0.5233756892831455,0.535,0.47058823529411764,0.0011427591563012314,0.0023144930601119995,1.3042587925173572,0.19214536017936057,0.5499880124670343,0.55,0.7058823529411765,-0.0007746378354643597,0.00017772242426872253,-0.7023606134338036,0.48245430150689095,0.49772236873651404,0.495,0.5294117647058824,0.0009586984791678048,0.0013925312086939812,1.5721979777933743,0.11590464429483366,0.5389594821385759,0.56,0.7058823529411765,no_stable_structure,none,none,edges_minus_middle,0.0009586984791678048,1.5721979777933743,1.5721979777933743,0.56,0.7058823529411765,,,,,,,,,0.9976082276967233,True,448,2240,no_stable_structure,No stable monotonic or tail structure passed the descriptive rules.,0.015721979777933742
trend|SMA20|h10,trend|SMA20,trend,SMA20,10,"{""window"": 20}",4181,503.0,428.0,0.9976082276967233,-0.9757575757575757,0.7777777777777778,4181,0.27286688287025834,0.28333788761657314,-0.012223916238502231,-0.0052901944145560265,-2.040180556614409,0.04133234557332897,0.5142651642292017,0.58,0.7058823529411765,-0.0017094026602263975,-0.0007670009508728981,-1.4721296105692376,0.14098588081232716,0.5135459122512587,0.585,0.6470588235294118,-0.00040361646023190205,-0.0005459114909172058,-0.5985325837862394,0.5494846241671248,0.5171421721409734,0.58,0.6470588235294118,-0.0013057862132660096,-0.00021950341761112213,-1.5699237419010568,0.11643285340884064,0.5046751378566291,0.6,0.5882352941176471,0.0004510848906293763,0.00039514858508482575,0.9281665039658463,0.3533212066907542,0.5154639175257731,0.505,0.6470588235294118,no_stable_structure,none,none,middle_minus_q1,-0.0013057862132660096,-1.5699237419010568,1.5699237419010568,0.6,0.5882352941176471,,,,,,,,,0.9976082276967233,True,448,2240,no_stable_structure,No stable monotonic or tail structure passed the descriptive rules.,0.015699237419010567
momentum|3m-1m|h1,momentum|3m-1m,momentum,3m-1m,1,"{""skip"": 21, ""window"": 63}",4181,503.0,429.0,0.9997608227696724,-0.5636363636363636,0.5555555555555556,4181,0.9686639906650042,0.9720332895124116,0.004578832955096231,0.01005362207069993,1.5266334228500966,0.12685219113879462,0.5232057416267942,0.52,0.7647058823529411,-2.005565712399977e-05,0.0003657120978459716,-0.10308092920254752,0.9178987406771328,0.4801435406698565,0.48,0.47058823529411764,0.00010337070876656715,0.00035540410317480564,0.9076670139364406,0.36405417668411977,0.525598086124402,0.535,0.7058823529411765,-0.00012342635894881598,9.346940350951627e-05,-0.9606911654701018,0.3367074745816371,0.4937799043062201,0.54,0.6470588235294118,0.00011339853988037419,9.057727584149688e-05,1.5614045794321934,0.11842832206538917,0.5100478468899522,0.545,0.5882352941176471,no_stable_structure,none,none,edges_minus_middle,0.00011339853988037419,1.5614045794321934,1.5614045794321934,0.545,0.5882352941176471,,,,,,,,,0.9997608227696724,True,448,2240,no_stable_structure,No stable monotonic or tail structure passed the descriptive rules.,0.015614045794321933
trend|SMA50|h5,trend|SMA50,trend,SMA50,5,"{""window"": 50}",4181,503.0,429.0,0.9988041138483617,-0.7939393939393938,0.7777777777777778,4181,0.8273469527582077,0.8387507058434099,-0.008641900452576567,-0.002331396215595305,-1.6949835384221257,0.0900785436105276,0.5035919540229885,0.55,0.7647058823529411,-0.000883993995620554,-0.00031068315729498863,-1.0768344294513503,0.2815542409503554,0.5098180076628352,0.555,0.5294117647058824,-6.515997340931679e-06,0.0002263257629238069,-0.015492068853025884,0.9876396118734252,0.48778735632183906,0.51,0.5294117647058824,-0.000877478011991736,-0.0004325234331190586,-1.5581264245935902,0.1192032817996308,0.5153256704980843,0.615,0.5882352941176471,0.0004354810189467233,0.0003547864034771919,1.5537849408757838,0.12023572381019393,0.5208333333333334,0.54,0.5882352941176471,no_stable_structure,none,none,middle_minus_q1,-0.000877478011991736,-1.5581264245935902,1.5581264245935902,0.615,0.5882352941176471,,,,,,,,,0.9988041138483617,True,448,2240,no_stable_structure,No stable monotonic or tail structure passed the descriptive rules.,0.015581264245935901
residual_momentum|resmom_12m_1m|h5,residual_momentum|resmom_12m_1m,residual_momentum,resmom_12m_1m,5,"{""skip"": 21, ""window"": 252}",4181,503.0,415.0,0.9988041138483617,0.16363636363636364,0.4444444444444444,4181,0.9713726482873583,0.9742386506360897,0.013335784182956934,0.026949946768581867,2.1455716071285647,0.03190717272393596,0.5440613026819924,0.585,0.8235294117647058,0.0006532502464644941,0.002245458890683949,0.7356313335316693,0.461955088471774,0.5378352490421456,0.53,0.6470588235294118,0.0007278621572322837,0.00138173095183447,1.5565217130546447,0.11958408357514941,0.5423850574712644,0.555,0.6470588235294118,-7.461192198837568e-05,0.0007333842513617128,-0.11917678572730152,0.9051352978631559,0.4815613026819923,0.485,0.4117647058823529,0.0004012370669631215,0.0002636848948895931,1.2199715416880488,0.22247566323959012,0.5119731800766284,0.53,0.6470588235294118,no_stable_structure,none,none,q10_minus_middle,0.0007278621572322837,1.5565217130546447,1.5565217130546447,0.555,0.6470588235294118,,,,,,,,,0.9988041138483617,True,448,2240,no_stable_structure,No stable monotonic or tail structure passed the descriptive rules.,0.015565217130546448
low_volatility|40d|h10,low_volatility|40d,low_volatility,40d,10,"{""window"": 40}",4181,503.0,428.0,0.9976082276967233,-0.9393939393939393,0.6666666666666666,4181,0.9054802017297691,0.9137381083897932,-0.003144623292354667,0.0019526096293702722,-0.3235252548278507,0.7462974844517651,0.49700311675857106,0.5,0.5294117647058824,-0.002846805507860494,-0.0017990143969655037,-1.5418554737288779,0.12310871811208528,0.5212179333493168,0.505,0.5882352941176471,-0.0010390696982626815,-0.0007301364094018936,-1.2248456208270264,0.2206333924068815,0.5149844162071445,0.54,0.7058823529411765,-0.0018077358124656319,-0.0006422996520996094,-1.5050738960607828,0.132305079376877,0.5118676576360585,0.535,0.5882352941176471,0.0003843330554617245,-3.433786332607269e-05,0.8033292278247415,0.42178446878470066,0.49700311675857106,0.485,0.47058823529411764,no_stable_structure,none,none,q10_minus_q1,-0.002846805507860494,-1.5418554737288779,1.5418554737288779,0.505,0.5882352941176471,,,,,,,,,0.9976082276967233,True,448,2240,no_stable_structure,No stable monotonic or tail structure passed the descriptive rules.,0.01541855473728878
volatility_scaled_momentum|vsmom_6m_1m_vol60|h42,volatility_scaled_momentum|vsmom_6m_1m_vol60,volatility_scaled_momentum,vsmom_6m_1m_vol60,42,"{""skip"": 21, ""volatility_window"": 60, ""window"": 126}",4181,503.0,427.0,0.9899545563262377,-0.34545454545454546,0.6666666666666666,4181,0.5675371581198257,0.5770601137486496,-0.004470779318045911,0.001990072662010789,-0.3607417579462617,0.7182925053447025,0.49456390432471614,0.48484848484848486,0.47058823529411764,0.002589862068950109,0.0022424887865781784,0.5625672573731948,0.5737295931357494,0.5206571635660787,0.5353535353535354,0.6470588235294118,-0.0009253832259267505,-0.0005403757095336914,-0.349352193343065,0.7268249191231041,0.5064025126842232,0.5202020202020202,0.5294117647058824,0.0035152453020842593,0.0034474581480026245,1.2635071142136123,0.20640699153225017,0.5453007972940324,0.5404040404040404,0.6470588235294118,-0.0022203142839787907,-0.002029135823249817,-1.5395282452374803,0.12367538781775438,0.5390190867359266,0.5656565656565656,0.5294117647058824,no_stable_structure,none,none,edges_minus_middle,-0.0022203142839787907,-1.5395282452374803,1.5395282452374803,0.5656565656565656,0.5294117647058824,,,,,,,,,0.9899545563262377,True,448,2240,no_stable_structure,No stable monotonic or tail structure passed the descriptive rules.,0.015395282452374804
liquidity_change|liq_5d_60d|h1,liquidity_change|liq_5d_60d,liquidity_change,liq_5d_60d,1,"{""long_window"": 60, ""short_window"": 5}",4181,503.0,429.0,0.9997608227696724,-0.309090909090909,0.7777777777777778,4181,0.9190777912883,0.9227161089118668,-0.0016782154304986867,-0.0037378380075097084,-1.2300670807468495,0.21867198610430727,0.5124401913875598,0.54,0.47058823529411764,-0.0001475924546827571,-6.269858567975461e-05,-1.538988880381714,0.12380701090738712,0.5038277511961723,0.54,0.5882352941176471,-5.5249237788994616e-05,-4.774751141667366e-05,-0.8104025668584426,0.41770884307972755,0.5066985645933014,0.485,0.5882352941176471,-9.234321723025377e-05,-1.2632808648049831e-05,-1.455747853869407,0.14546233583038143,0.5007177033492823,0.55,0.7647058823529411,1.854698201587132e-05,3.1641218811273575e-05,0.41098819989551044,0.6810811872941804,0.5043062200956938,0.55,0.5294117647058824,no_stable_structure,none,none,q10_minus_q1,-0.0001475924546827571,-1.538988880381714,1.538988880381714,0.54,0.5882352941176471,,,,,,,,,0.9997608227696724,True,448,2240,no_stable_structure,No stable monotonic or tail structure passed the descriptive rules.,0.01538988880381714
short_term_reversal|reversal_10d|h1,short_term_reversal|reversal_10d,short_term_reversal,reversal_10d,1,"{""window"": 10}",4181,503.0,429.0,0.9997608227696724,0.9515151515151514,0.7777777777777778,4181,0.8740610489276566,0.8824926027117094,0.005216941158719607,-0.003119340050034225,1.7924110173301524,0.0730671512753878,0.4916267942583732,0.6,0.8235294117647058,0.00029707341015406573,7.761060260236263e-05,1.498646853209102,0.1339652710305504,0.5047846889952153,0.57,0.7647058823529411,0.00020105869265030357,0.00014078058302402496,1.535515057980204,0.12465736117800835,0.5138755980861244,0.575,0.8235294117647058,9.601471856208328e-05,-5.945179145783186e-05,0.866823821250214,0.38603854797570947,0.495933014354067,0.56,0.7058823529411765,5.252199062899882e-05,0.0001642459537833929,0.7515800564966992,0.45230364047447236,0.5215311004784688,0.535,0.6470588235294118,no_stable_structure,none,none,q10_minus_middle,0.00020105869265030357,1.535515057980204,1.535515057980204,0.575,0.8235294117647058,,,,,,,,,0.9997608227696724,True,448,2240,no_stable_structure,No stable monotonic or tail structure passed the descriptive rules.,0.01535515057980204
momentum|24m-2m|h1,momentum|24m-2m,momentum,24m-2m,1,"{""skip"": 42, ""window"": 504}",4181,503.0,427.0,0.9997608227696724,-0.0303030303030303,0.3333333333333333,4181,0.996476832873182,0.9970776457473972,0.010874070448605498,0.020849172957241535,3.32261117390664,0.0008917912680659864,0.5363636363636364,0.6,0.8235294117647058,1.4144355977870664e-05,0.0006189390551298857,0.06452798485114324,0.9485498248508674,0.5236842105263158,0.5,0.47058823529411764,0.0001342788647384601,0.0005429857410490513,1.0306872563913043,0.3026875026925323,0.5380382775119618,0.555,0.5294117647058824,-0.00012013450265609582,0.00016190600581467152,-0.8333241297349481,0.4046619511545484,0.48947368421052634,0.525,0.5882352941176471,0.00012720668926260225,0.00021444610320031643,1.535154981957127,0.12474576339313168,0.5203349282296651,0.55,0.7058823529411765,no_stable_structure,none,none,edges_minus_middle,0.00012720668926260225,1.535154981957127,1.535154981957127,0.55,0.7058823529411765,,,,,,,,,0.9997608227696724,True,448,2240,no_stable_structure,No stable monotonic or tail structure passed the descriptive rules.,0.015351549819571271
low_volatility|120d|h1,low_volatility|120d,low_volatility,120d,1,"{""window"": 120}",4181,503.0,429.0,0.9997608227696724,-0.9757575757575757,0.7777777777777778,4181,0.9982865573410836,0.999059101955337,0.0047609865800772085,0.0019193964544683695,1.1352763354481903,0.2562595542382342,0.5035885167464115,0.535,0.6470588235294118,-0.0003415394539016151,-0.00027147168293595314,-1.2779686000280766,0.2012604979834547,0.5105263157894737,0.565,0.7058823529411765,-6.426732953083334e-05,-8.593534585088491e-05,-0.5651849854930827,0.5719479480833618,0.5069377990430622,0.555,0.5882352941176471,-0.000277272125223705,-0.00028187349380459636,-1.530729144067064,0.12583634777099195,0.5141148325358852,0.56,0.6470588235294118,0.00010650239833469088,2.7694914024323225e-05,1.5039945743508258,0.1325827637590246,0.5028708133971291,0.54,0.7058823529411765,no_stable_structure,none,none,middle_minus_q1,-0.000277272125223705,-1.530729144067064,1.530729144067064,0.56,0.6470588235294118,,,,,,,,,0.9997608227696724,True,448,2240,no_stable_structure,No stable monotonic or tail structure passed the descriptive rules.,0.015307291440670641
low_volatility|252d|h1,low_volatility|252d,low_volatility,252d,1,"{""window"": 252}",4181,503.0,429.0,0.9997608227696724,-0.9272727272727272,0.7777777777777778,4181,0.9994837496587485,0.9997509079459289,0.004151101373427778,0.0010806501377373934,0.9755990522292473,0.3292631944015104,0.5019138755980861,0.515,0.5294117647058824,-0.00035927131399305154,-0.00037870730739086866,-1.336061362797651,0.18152921740385808,0.5119617224880383,0.55,0.6470588235294118,-8.24657600853034e-05,-0.0002095084055326879,-0.714834266240084,0.4747114587765935,0.5133971291866029,0.54,0.6470588235294118,-0.00027680556070807045,-0.0002065675798803568,-1.529699673041745,0.126091084613003,0.5117224880382775,0.555,0.7058823529411765,9.716989670212562e-05,3.7531834095716476e-05,1.3812066466193744,0.1672154317132668,0.5045454545454545,0.545,0.5882352941176471,no_stable_structure,none,none,middle_minus_q1,-0.00027680556070807045,-1.529699673041745,1.529699673041745,0.555,0.7058823529411765,,,,,,,,,0.9997608227696724,True,448,2240,no_stable_structure,No stable monotonic or tail structure passed the descriptive rules.,0.015296996730417449
low_volatility|40d|h21,low_volatility|40d,low_volatility,40d,21,"{""window"": 40}",4181,503.0,428.0,0.9949772781631189,-0.9515151515151514,0.7777777777777778,4181,0.8092290799321689,0.818705764813428,-0.004304469689003991,0.006243658950552344,-0.3133404957435874,0.7540219868863969,0.49230769230769234,0.49748743718592964,0.5294117647058824,-0.005759992923993615,-0.0013295849785208702,-1.5278785915499298,0.12654268448845266,0.5098557692307693,0.49748743718592964,0.6470588235294118,-0.002004787842997757,-0.0014851205050945282,-1.143320575041495,0.25290551546852535,0.5233173076923077,0.5577889447236181,0.5882352941176471,-0.0037552050393200123,-6.850343197584152e-05,-1.5261831462150857,0.126964259569303,0.5007211538461539,0.5175879396984925,0.5882352941176471,0.000875208646259405,0.00035935547202825546,0.8702906840862897,0.38414156867939997,0.5081730769230769,0.5025125628140703,0.4117647058823529,no_stable_structure,none,none,q10_minus_q1,-0.005759992923993615,-1.5278785915499298,1.5278785915499298,0.49748743718592964,0.6470588235294118,,,,,,,,,0.9949772781631189,True,448,2240,no_stable_structure,No stable monotonic or tail structure passed the descriptive rules.,0.015278785915499297
price_volume_confirmation|pvc_9m_1m_liq20_126|h42,price_volume_confirmation|pvc_9m_1m_liq20_126,price_volume_confirmation,pvc_9m_1m_liq20_126,42,"{""confirmation_strength"": 0.25, ""liquidity_clip"": 2, ""long_window"": 126, ""short_window"": 20, ""skip"": 21, ""window"": 189}",4181,503.0,426.0,0.9899545563262377,0.29696969696969694,0.4444444444444444,4181,0.7032258311401433,0.7159892383411451,0.008100516589647791,0.020322462543845177,0.5843682131138006,0.5589726079129487,0.5440927760328582,0.5707070707070707,0.5294117647058824,0.004447110742848078,0.005479432642459869,0.7332976802186845,0.4633768896056967,0.5404687122493356,0.5505050505050505,0.5882352941176471,0.004737038358601697,0.005359828472137451,1.5267482467302713,0.12682362518239085,0.5655955544817589,0.5959595959595959,0.5882352941176471,-0.0002899275124592805,0.0023608729243278503,-0.0644422838119252,0.9486180623621558,0.4723363131191109,0.4898989898989899,0.5882352941176471,0.0025134829526243306,0.00214899773709476,1.0491684941699673,0.294100576324695,0.5310461464121768,0.5404040404040404,0.5882352941176471,no_stable_structure,none,none,q10_minus_middle,0.004737038358601697,1.5267482467302713,1.5267482467302713,0.5959595959595959,0.5882352941176471,,,,,,,,,0.9899545563262377,True,448,2240,no_stable_structure,No stable monotonic or tail structure passed the descriptive rules.,0.015267482467302713
momentum|24m-1m|h42,momentum|24m-1m,momentum,24m-1m,42,"{""skip"": 21, ""window"": 504}",4181,503.0,424.0,0.9899545563262377,-0.33333333333333326,0.5555555555555556,4181,0.8875052580887527,0.9014309905355486,-0.0024209011335280116,0.01281405333429575,-0.14814515618595006,0.8822282131102103,0.47620198115486834,0.4696969696969697,0.47058823529411764,-0.0010293545238617998,0.0029342323541641235,-0.15378712721048937,0.8777775840849373,0.48248369171297417,0.4797979797979798,0.47058823529411764,0.0034735040115699933,0.005683351308107376,1.0012535524923172,0.31670424208454573,0.5595554481758879,0.5454545454545454,0.5882352941176471,-0.004502858556730537,0.0008871168829500675,-0.9184457110739185,0.3583855687089894,0.49118144479342835,0.5,0.6470588235294118,0.003988181278686705,0.003771485760807991,1.5254304689018083,0.12715176392449615,0.5527905291133124,0.5757575757575758,0.5882352941176471,no_stable_structure,none,none,edges_minus_middle,0.003988181278686705,1.5254304689018083,1.5254304689018083,0.5757575757575758,0.5882352941176471,,,,,,,,,0.9899545563262377,True,448,2240,no_stable_structure,No stable monotonic or tail structure passed the descriptive rules.,0.015254304689018084
trend|SMA150|h5,trend|SMA150,trend,SMA150,5,"{""window"": 150}",4181,503.0,429.0,0.9988041138483617,-0.5272727272727272,0.5555555555555556,4181,0.9395239151486571,0.9451609876857057,-0.0013603212922464144,0.007903188932687044,-0.23108364020892536,0.8172498244124713,0.48204022988505746,0.49,0.5294117647058824,-0.0007453629351469132,0.0005956919630989432,-0.7916094346580395,0.42858844400689966,0.48874521072796934,0.505,0.47058823529411764,8.397530092081899e-05,0.0008837075438350439,0.18520814738812252,0.853065778954323,0.5352011494252874,0.545,0.47058823529411764,-0.0008293382475514096,-0.00018045847536996007,-1.2794111187838193,0.20075232046887537,0.5040708812260536,0.525,0.5882352941176471,0.0004566567746516593,0.00047836906742304564,1.5117982814004105,0.13058518676255934,0.5213122605363985,0.515,0.5882352941176471,no_stable_structure,none,none,edges_minus_middle,0.0004566567746516593,1.5117982814004105,1.5117982814004105,0.515,0.5882352941176471,,,,,,,,,0.9988041138483617,True,448,2240,no_stable_structure,No stable monotonic or tail structure passed the descriptive rules.,0.015117982814004106
residual_momentum|resmom_9m_1m|h126,residual_momentum|resmom_9m_1m,residual_momentum,resmom_9m_1m,126,"{""skip"": 21, ""window"": 189}",4181,503.0,408.0,0.9698636689787132,0.5393939393939393,0.7777777777777778,4181,0.24289844204844557,0.26850128091698977,0.019151860629811994,0.02228463813662529,0.8744820770655335,0.3818557766032785,0.5630086313193589,0.5721649484536082,0.5882352941176471,0.017021140442189615,0.015469163656234741,0.9155563220558962,0.3598996490623214,0.5755856966707769,0.5824742268041238,0.6470588235294118,0.014235858745102423,0.007264330983161926,1.5088746718189794,0.1313308136000427,0.5543773119605425,0.5515463917525774,0.5882352941176471,0.002785281767122994,0.010061807930469513,0.19978191819341756,0.8416511434343747,0.5551171393341554,0.5773195876288659,0.5882352941176471,0.005725288456340312,0.0005696676671504974,0.7700061462892651,0.4412962467796092,0.503822441430333,0.5154639175257731,0.5882352941176471,no_stable_structure,none,none,q10_minus_middle,0.014235858745102423,1.5088746718189794,1.5088746718189794,0.5515463917525774,0.5882352941176471,,,,,,,,,0.9698636689787132,True,448,2240,no_stable_structure,No stable monotonic or tail structure passed the descriptive rules.,0.015088746718189794
momentum|3m-1m|h252,momentum|3m-1m,momentum,3m-1m,252,"{""skip"": 21, ""window"": 63}",4181,503.0,419.0,0.9397273379574265,0.006060606060606061,0.3333333333333333,4181,-0.001054360945685364,0.0004594059577542378,0.008043852952815914,0.016230041161179543,0.6305977486585991,0.5283035712870237,0.5505217612624077,0.5531914893617021,0.625,0.005258096631385953,0.020242810249328613,0.3326873655682942,0.7393702876244751,0.5566301857979129,0.5691489361702128,0.5625,0.016032865272320406,0.011314228177070618,1.5073266349557108,0.13172695366637482,0.5525579027742428,0.574468085106383,0.6875,-0.010774768656416002,0.008555218577384949,-0.6540798960596427,0.5130603329408661,0.4680580300330873,0.44680851063829785,0.4375,0.01340381677181181,0.007584169507026672,1.1764857814219871,0.2394008109411475,0.546703995927717,0.574468085106383,0.5625,no_stable_structure,none,none,q10_minus_middle,0.016032865272320406,1.5073266349557108,1.5073266349557108,0.574468085106383,0.6875,,,,,,,,,0.9397273379574265,True,448,2240,no_stable_structure,No stable monotonic or tail structure passed the descriptive rules.,0.015073266349557109
momentum|9m-1m|h5,momentum|9m-1m,momentum,9m-1m,5,"{""skip"": 21, ""window"": 189}",4181,503.0,429.0,0.9988041138483617,0.05454545454545454,0.5555555555555556,4181,0.9612840442022426,0.9646120058128217,0.00940537257512394,0.018613308668136597,1.5359386826001882,0.12455341971548577,0.5380747126436781,0.595,0.7058823529411765,0.00027282507389444203,0.001739926403388381,0.31186298864747697,0.7551446514267677,0.524904214559387,0.56,0.47058823529411764,0.0006222668163266173,0.001303533383179456,1.299319657195321,0.19383425107770014,0.5380747126436781,0.56,0.7058823529411765,-0.00034944173273089845,0.0006143461214378476,-0.581423678272664,0.5609549428737337,0.4870689655172414,0.5,0.5882352941176471,0.0004858542797749045,0.0005294326692819595,1.5068693102875355,0.1318441593160258,0.5244252873563219,0.53,0.7058823529411765,no_stable_structure,none,none,edges_minus_middle,0.0004858542797749045,1.5068693102875355,1.5068693102875355,0.53,0.7058823529411765,,,,,,,,,0.9988041138483617,True,448,2240,no_stable_structure,No stable monotonic or tail structure passed the descriptive rules.,0.015068693102875355
short_term_reversal|reversal_5d|h42,short_term_reversal|reversal_5d,short_term_reversal,reversal_5d,42,"{""window"": 5}",4181,503.0,427.0,0.9899545563262377,0.6242424242424242,0.7777777777777778,4181,-0.0011825372755744855,0.0020710154399041034,0.00795213336866335,0.0016273889923468232,1.5172240204121819,0.12921013368164017,0.5039864701618748,0.5656565656565656,0.6470588235294118,0.002152746394429064,8.797645568847656e-05,1.0293817427696796,0.30330032494996084,0.500845614882822,0.6111111111111112,0.6470588235294118,0.003232166555119313,0.0006980672478675842,1.5049232070642948,0.1323438210720769,0.508335346702102,0.5606060606060606,0.7058823529411765,-0.001079420087652924,0.0008404762484133244,-0.593176211872317,0.5530632307743901,0.4906982362889587,0.4898989898989899,0.47058823529411764,0.002155793323210821,0.0009789615869522095,1.2728146554682869,0.2030838194040897,0.5141338487557381,0.5202020202020202,0.5882352941176471,no_stable_structure,none,none,q10_minus_middle,0.003232166555119313,1.5049232070642948,1.5049232070642948,0.5606060606060606,0.7058823529411765,,,,,,,,,0.9899545563262377,True,448,2240,no_stable_structure,No stable monotonic or tail structure passed the descriptive rules.,0.015049232070642949
short_term_reversal|reversal_5d|h63,short_term_reversal|reversal_5d,short_term_reversal,reversal_5d,63,"{""window"": 5}",4181,503.0,426.0,0.9849318344893566,0.6,0.6666666666666666,4181,0.005508138671944724,0.010574547407183343,0.00731233556326489,0.0035824343794956803,1.4092838704010076,0.1587512462884445,0.5128703254006799,0.5685279187817259,0.6470588235294118,0.0025232706669918855,0.0007259994745254517,1.001734546849245,0.3164718167527918,0.5063137445361826,0.6040609137055838,0.6470588235294118,0.004280129641072505,0.0014431714080274105,1.502457098722709,0.13297909961047408,0.5157843613404566,0.5482233502538071,0.6470588235294118,-0.0017568589526944626,-7.410533726215363e-05,-0.6411346803544108,0.5214351838002758,0.5002428363283147,0.49746192893401014,0.47058823529411764,0.003018494289045662,0.001317191869020462,1.2097301674136403,0.22638245003488078,0.517969888295289,0.5482233502538071,0.47058823529411764,no_stable_structure,none,none,q10_minus_middle,0.004280129641072505,1.502457098722709,1.502457098722709,0.5482233502538071,0.6470588235294118,,,,,,,,,0.9849318344893566,True,448,2240,no_stable_structure,No stable monotonic or tail structure passed the descriptive rules.,0.015024570987227091
momentum|24m-0m|h1,momentum|24m-0m,momentum,24m-0m,1,"{""skip"": 0, ""window"": 504}",4181,503.0,427.0,0.9997608227696724,-0.4424242424242424,0.5555555555555556,4181,0.9967470050179514,0.9973277480860899,0.00963811064497753,0.022482463158667088,2.8725852243588497,0.004071282509997027,0.5394736842105263,0.595,0.8235294117647058,-9.74230750817048e-05,0.0006866010371595621,-0.41175903647104456,0.6805160487642978,0.47320574162679424,0.47,0.6470588235294118,7.855491639581692e-05,0.0004264044691808522,0.59989296675016,0.5485775700148843,0.535645933014354,0.56,0.47058823529411764,-0.00017597799674127669,0.00022054294822737575,-1.1077001491555085,0.26799133494257843,0.4858851674641148,0.545,0.7058823529411765,0.0001272664653484344,0.0001489326823502779,1.5000498937529871,0.1336014787834872,0.5162679425837321,0.56,0.7058823529411765,no_stable_structure,none,none,edges_minus_middle,0.0001272664653484344,1.5000498937529871,1.5000498937529871,0.56,0.7058823529411765,,,,,,,,,0.9997608227696724,True,448,2240,no_stable_structure,No stable monotonic or tail structure passed the descriptive rules.,0.01500049893752987
trend_slope|slope_50d|h252,trend_slope|slope_50d,trend_slope,slope_50d,252,"{""window"": 50}",4181,503.0,419.0,0.9397273379574265,0.01818181818181818,0.6666666666666666,4181,-0.0009593330407453286,0.003781674554589181,0.008452267761529431,0.016392506659030914,0.6608572449010978,0.5087038672844677,0.5492491728175108,0.5585106382978723,0.625,0.008946988973460785,0.021750926971435547,0.5081286312451581,0.6113631374137427,0.5696105879358615,0.5638297872340425,0.5625,0.018771075961644863,0.011772990226745605,1.4995687659338912,0.13372614346905262,0.5523033850852634,0.5425531914893617,0.625,-0.009824086992806319,0.010411486029624939,-0.5575453818259416,0.5771548616415911,0.4586408755408501,0.46808510638297873,0.5,0.014297581571300075,0.011382333934307098,1.14445007838013,0.25243702997610695,0.5673199287350471,0.5638297872340425,0.625,no_stable_structure,none,none,q10_minus_middle,0.018771075961644863,1.4995687659338912,1.4995687659338912,0.5425531914893617,0.625,,,,,,,,,0.9397273379574265,True,448,2240,no_stable_structure,No stable monotonic or tail structure passed the descriptive rules.,0.014995687659338912
trend|SMA50|h252,trend|SMA50,trend,SMA50,252,"{""window"": 50}",4181,503.0,419.0,0.9397273379574265,-0.18787878787878787,0.5555555555555556,4181,-0.0007169286453564846,0.004003419230672651,0.006258951478946971,0.015220974572002888,0.5271790969761153,0.5980692230299505,0.5413591244591499,0.5319148936170213,0.5625,0.009106554593556682,0.019889861345291138,0.5284201458269809,0.5972077579428592,0.5607024688215831,0.5904255319148937,0.5625,0.019262931125402567,0.012559771537780762,1.4913751855938728,0.13586301926339397,0.5551030796640366,0.601063829787234,0.625,-0.010156376406334228,0.007009007036685944,-0.5907026379095481,0.554719680170619,0.4695851361669636,0.5,0.5,0.014709653866046613,0.009826479479670525,1.1740419509604823,0.2403782227955359,0.5568847034868923,0.5904255319148937,0.5625,no_stable_structure,none,none,q10_minus_middle,0.019262931125402567,1.4913751855938728,1.4913751855938728,0.601063829787234,0.625,,,,,,,,,0.9397273379574265,True,448,2240,no_stable_structure,No stable monotonic or tail structure passed the descriptive rules.,0.014913751855938729
short_term_reversal|reversal_21d|h5,short_term_reversal|reversal_21d,short_term_reversal,reversal_21d,5,"{""window"": 21}",4181,503.0,429.0,0.9988041138483617,0.9515151515151514,0.7777777777777778,4181,0.721597511360766,0.735580212718206,0.01020096442970188,0.004657088778913021,2.0878979934530246,0.03680703722929846,0.5110153256704981,0.575,0.7647058823529411,0.001127992384308562,0.0007328081992454827,1.4866675341210918,0.1371026414242562,0.5198754789272031,0.55,0.6470588235294118,0.0007871937871770353,0.0007398533634841442,1.4888282802650459,0.13653259326694675,0.5205938697318008,0.59,0.5882352941176471,0.0003407986140791415,7.831514813005924e-05,0.861699911858174,0.3888526741179912,0.5040708812260536,0.535,0.7058823529411765,0.00022319757526128136,0.00013279682025313377,0.8201195792339536,0.4121479416550329,0.508860153256705,0.535,0.6470588235294118,no_stable_structure,none,none,q10_minus_middle,0.0007871937871770353,1.4888282802650459,1.4888282802650459,0.59,0.5882352941176471,,,,,,,,,0.9988041138483617,True,448,2240,no_stable_structure,No stable monotonic or tail structure passed the descriptive rules.,0.01488828280265046
momentum|3m-0m|h10,momentum|3m-0m,momentum,3m-0m,10,"{""skip"": 0, ""window"": 63}",4181,503.0,428.0,0.9976082276967233,-0.6727272727272726,0.6666666666666666,4181,0.8131569423317535,0.826125044802225,-0.00773207268087858,0.0011168352793902159,-1.0694918884717441,0.2848480819813841,0.49748261807719973,0.505,0.6470588235294118,-0.0013827068846444931,0.00015955045819282532,-0.9185451225577967,0.3583335470905765,0.4958043634619995,0.52,0.5882352941176471,0.00011617173956124568,0.0007073171436786652,0.14667479897200286,0.8833887109467033,0.5228961879645169,0.55,0.47058823529411764,-0.0014988786343429741,-0.0006314106285572052,-1.432034420379898,0.15213397083086985,0.5152241668664589,0.54,0.6470588235294118,0.000807525205725511,0.000802675262093544,1.4869542272681109,0.13702690056072528,0.5252936945576601,0.53,0.5294117647058824,no_stable_structure,none,none,edges_minus_middle,0.000807525205725511,1.4869542272681109,1.4869542272681109,0.53,0.5294117647058824,,,,,,,,,0.9976082276967233,True,448,2240,no_stable_structure,No stable monotonic or tail structure passed the descriptive rules.,0.014869542272681108
momentum|24m-1m|h63,momentum|24m-1m,momentum,24m-1m,63,"{""skip"": 21, ""window"": 504}",4181,503.0,423.0,0.9849318344893566,-0.3939393939393939,0.5555555555555556,4181,0.8351001173845499,0.856581084019584,-0.008224033967803437,0.009540331084281206,-0.4178515499802129,0.6760556580108588,0.4805730937348227,0.49746192893401014,0.47058823529411764,-0.0010033573937925635,0.0016766209155321121,-0.10007343326561624,0.9202860266163365,0.49295774647887325,0.4873096446700508,0.47058823529411764,0.004989376095885009,0.0057001784443855286,0.9895571526865614,0.3223906216912018,0.5507527926177757,0.5482233502538071,0.5882352941176471,-0.005992733536718636,-0.0016212854534387589,-0.829033785912727,0.4070852894610085,0.5140845070422535,0.5126903553299492,0.6470588235294118,0.005491054770741395,0.005925667937844992,1.4832048330665826,0.13801999752555438,0.5730937348227295,0.5736040609137056,0.5882352941176471,no_stable_structure,none,none,edges_minus_middle,0.005491054770741395,1.4832048330665826,1.4832048330665826,0.5736040609137056,0.5882352941176471,,,,,,,,,0.9849318344893566,True,448,2240,no_stable_structure,No stable monotonic or tail structure passed the descriptive rules.,0.014832048330665825
high_proximity|high_6m|h1,high_proximity|high_6m,high_proximity,high_6m,1,"{""window"": 126}",4181,503.0,429.0,0.9997608227696724,-0.7333333333333332,0.6666666666666666,4181,0.9644498306771443,0.9732536587423942,0.004036554719249923,0.013214755337685347,1.1487875738032087,0.25064358449769775,0.5263157894736842,0.545,0.5882352941176471,-0.0003791703673205445,0.0002901902189478278,-1.4775269167108818,0.13953444854929542,0.48779861289493964,0.525,0.7647058823529411,-0.00012880065376786484,6.154272705316544e-05,-1.1623705007877074,0.24508500046783055,0.49447726688928845,0.53,0.7058823529411765,-0.0001876443405182039,0.00018102210015058517,-1.1064596842855186,0.26852760462549863,0.49138755980861243,0.56,0.6470588235294118,6.07845288270861e-05,3.949552774429321e-05,0.7953694081311409,0.42639864973290387,0.5050089904957616,0.535,0.47058823529411764,no_stable_structure,none,none,q10_minus_q1,-0.0003791703673205445,-1.4775269167108818,1.4775269167108818,0.525,0.7647058823529411,,,,,,,,,0.9997608227696724,True,448,2240,no_stable_structure,No stable monotonic or tail structure passed the descriptive rules.,0.014775269167108817
momentum|3m-0m|h21,momentum|3m-0m,momentum,3m-0m,21,"{""skip"": 0, ""window"": 63}",4181,503.0,428.0,0.9949772781631189,-0.5272727272727272,0.5555555555555556,4181,0.6292797700608292,0.6431766569615807,-0.006593680315205137,0.0024324115365743637,-0.6716092639002097,0.5018324791400866,0.4935096153846154,0.5175879396984925,0.5882352941176471,-0.0016550908300184976,0.0010628700256347656,-0.5735739633513408,0.5662561349087953,0.48509615384615384,0.5025125628140703,0.5882352941176471,0.0008268322499693918,0.001979709602892399,0.49895151488732314,0.6178135413744887,0.5411057692307693,0.5175879396984925,0.5882352941176471,-0.002481923088635085,-0.0008309981785714626,-1.2511962172768607,0.2108628979908317,0.5139423076923076,0.5577889447236181,0.7058823529411765,0.0016543776961603165,0.0009631323628127575,1.4745193892127275,0.1403418011563947,0.5228365384615384,0.5276381909547738,0.5882352941176471,no_stable_structure,none,none,edges_minus_middle,0.0016543776961603165,1.4745193892127275,1.4745193892127275,0.5276381909547738,0.5882352941176471,,,,,,,,,0.9949772781631189,True,448,2240,no_stable_structure,No stable monotonic or tail structure passed the descriptive rules.,0.014745193892127275
momentum|9m-0m|h42,momentum|9m-0m,momentum,9m-0m,42,"{""skip"": 0, ""window"": 189}",4181,503.0,426.0,0.9899545563262377,0.28484848484848485,0.4444444444444444,4181,0.7497779506401496,0.7636671933725605,0.007249432756714771,0.025851542130112648,0.5017291795555607,0.6158580359247294,0.5605218651848273,0.5808080808080808,0.6470588235294118,0.004838252604128327,0.008681260049343109,0.7423912593462997,0.45785031379732866,0.5552065716356608,0.5404040404040404,0.5882352941176471,0.0047400984339893955,0.007100678980350494,1.4736425846966112,0.14057784920350092,0.5805750181203189,0.601010101010101,0.5882352941176471,9.815426211238023e-05,0.00475948303937912,0.020341344010864345,0.9837710748499422,0.5445759845373278,0.5303030303030303,0.4117647058823529,0.0023209720862760247,0.001695878803730011,0.9323473808462192,0.3511570287952748,0.5245228316018362,0.5202020202020202,0.5882352941176471,no_stable_structure,none,none,q10_minus_middle,0.0047400984339893955,1.4736425846966112,1.4736425846966112,0.601010101010101,0.5882352941176471,,,,,,,,,0.9899545563262377,True,448,2240,no_stable_structure,No stable monotonic or tail structure passed the descriptive rules.,0.014736425846966113
momentum|24m-1m|h126,momentum|24m-1m,momentum,24m-1m,126,"{""skip"": 21, ""window"": 504}",4181,503.0,422.0,0.9698636689787132,-0.6606060606060605,0.6666666666666666,4151,0.6815603059132316,0.7154861944084439,-0.014343502864456703,0.014222197234630585,-0.5228491950279,0.6010792018787547,0.46979038224414305,0.4742268041237113,0.5294117647058824,-0.004677629880446357,0.008213676512241364,-0.22090346119586887,0.8251676023498873,0.47102342786683105,0.4639175257731959,0.5294117647058824,0.008184014867133382,0.010540895164012909,0.8678281733677774,0.3854884043412973,0.5627620221948212,0.5567010309278351,0.47058823529411764,-0.012861644743058058,-0.007770627737045288,-0.8338957797802494,0.40433971558513426,0.5356350184956843,0.5567010309278351,0.5882352941176471,0.010522829771671172,0.010850287973880768,1.4689643683252558,0.1418424540126507,0.5935881627620222,0.5927835051546392,0.7058823529411765,no_stable_structure,none,none,edges_minus_middle,0.010522829771671172,1.4689643683252558,1.4689643683252558,0.5927835051546392,0.7058823529411765,,,,,,,,,0.9698636689787132,True,448,2240,no_stable_structure,No stable monotonic or tail structure passed the descriptive rules.,0.014689643683252557
momentum|3m-0m|h42,momentum|3m-0m,momentum,3m-0m,42,"{""skip"": 0, ""window"": 63}",4181,503.0,427.0,0.9899545563262377,-0.5030303030303029,0.5555555555555556,4181,0.2971120042905415,0.29818912765883965,-0.01270048560790414,-0.0047537097707390785,-1.0175545707687397,0.3088896860451016,0.5126842232423291,0.51010101010101,0.7058823529411765,-0.0009125625583815507,0.0007308498024940491,-0.18370196511258988,0.8542472672096311,0.49335588306354194,0.5050505050505051,0.5294117647058824,0.0027049547580256877,0.0023309290409088135,0.8996014476765251,0.36833238652106015,0.5339453974389949,0.5353535353535354,0.5294117647058824,-0.0036175173368832845,-0.0028608664870262146,-1.0186628290342536,0.3083630651536644,0.5286301038898285,0.5454545454545454,0.5882352941176471,0.0031612360993899516,0.003223627805709839,1.4649071835993492,0.14294624263893765,0.548924861077555,0.5656565656565656,0.5294117647058824,no_stable_structure,none,none,edges_minus_middle,0.0031612360993899516,1.4649071835993492,1.4649071835993492,0.5656565656565656,0.5294117647058824,,,,,,,,,0.9899545563262377,True,448,2240,no_stable_structure,No stable monotonic or tail structure passed the descriptive rules.,0.014649071835993493
momentum|18m-0m|h63,momentum|18m-0m,momentum,18m-0m,63,"{""skip"": 0, ""window"": 378}",4181,503.0,425.0,0.9849318344893566,-0.18787878787878787,0.5555555555555556,4181,0.7973952576870826,0.817465003060464,0.0019520858226793707,0.019830559380352497,0.10358378679564964,0.9174996547045801,0.5434677027683341,0.5532994923857868,0.5294117647058824,0.00474765661169233,0.009501615539193153,0.4985240276111703,0.6181147380576995,0.5451675570665372,0.5482233502538071,0.5882352941176471,0.006711621140220328,0.004091942682862282,1.4632596979429897,0.14339633111456426,0.5347255949490044,0.5279187817258884,0.5882352941176471,-0.0019639645203156013,0.005705524235963821,-0.27372527589226864,0.7842957519878808,0.46406022340942205,0.4720812182741117,0.6470588235294118,0.004337792774929695,0.0032445741817355156,1.176889295213257,0.2392396952742809,0.5388538125303546,0.5431472081218274,0.6470588235294118,no_stable_structure,none,none,q10_minus_middle,0.006711621140220328,1.4632596979429897,1.4632596979429897,0.5279187817258884,0.5882352941176471,,,,,,,,,0.9849318344893566,True,448,2240,no_stable_structure,No stable monotonic or tail structure passed the descriptive rules.,0.014632596979429898
trend_slope|slope_100d|h21,trend_slope|slope_100d,trend_slope,slope_100d,21,"{""window"": 100}",4181,503.0,428.0,0.9949772781631189,-0.7696969696969697,0.6666666666666666,4181,0.7946721742865933,0.8040887351580428,-0.012492884120780008,-0.00636150361970067,-1.176335317955919,0.23946090782923846,0.5144230769230769,0.5226130653266332,0.5294117647058824,-0.00103368337606578,0.0011752033606171608,-0.3414333170913707,0.7327773969649212,0.4891826923076923,0.49246231155778897,0.4117647058823529,0.001165693269278843,0.001835385337471962,0.6869578305778555,0.49210930244377804,0.5384615384615384,0.5577889447236181,0.7058823529411765,-0.002199376638768277,-0.000781540758907795,-1.0530194655262521,0.29233207080338897,0.5112980769230769,0.5326633165829145,0.5882352941176471,0.0016825350023282227,0.0007833167910575867,1.4592097985666248,0.1445073727258658,0.5146634615384615,0.5326633165829145,0.5882352941176471,no_stable_structure,none,none,edges_minus_middle,0.0016825350023282227,1.4592097985666248,1.4592097985666248,0.5326633165829145,0.5882352941176471,,,,,,,,,0.9949772781631189,True,448,2240,no_stable_structure,No stable monotonic or tail structure passed the descriptive rules.,0.014592097985666248
low_volatility|180d|h1,low_volatility|180d,low_volatility,180d,1,"{""window"": 180}",4181,503.0,429.0,0.9997608227696724,-0.9999999999999999,1.0,4181,0.9991005970592068,0.9995259737086448,0.004718023530063726,0.004334544064477086,1.113517995110166,0.2654860241308137,0.5059808612440191,0.52,0.5882352941176471,-0.00033573645990245536,-0.00038241606671363115,-1.242572211396265,0.21402551527868774,0.5100478468899522,0.565,0.6470588235294118,-6.996133492344797e-05,-0.00011430098675191402,-0.60567455174969,0.544730885943995,0.5076555023923445,0.53,0.5294117647058824,-0.0002657751214724484,-0.00024469262280035764,-1.4585167554891842,0.14469816014081863,0.5126794258373206,0.58,0.6470588235294118,9.790689434457078e-05,6.804382428526878e-05,1.3815013762406485,0.16712485495977014,0.5057416267942584,0.55,0.5882352941176471,no_stable_structure,none,none,middle_minus_q1,-0.0002657751214724484,-1.4585167554891842,1.4585167554891842,0.58,0.6470588235294118,,,,,,,,,0.9997608227696724,True,448,2240,no_stable_structure,No stable monotonic or tail structure passed the descriptive rules.,0.014585167554891842
low_volatility|20d|h1,low_volatility|20d,low_volatility,20d,1,"{""window"": 20}",4181,503.0,429.0,0.9997608227696724,-0.8545454545454544,0.5555555555555556,4181,0.9761966965156259,0.9798151005494338,0.004770577622106317,0.0019659908721223474,1.274037993246821,0.20264995169477518,0.5035885167464115,0.535,0.7058823529411765,-0.0003266701086705721,-0.000372821930795908,-1.3481884223226372,0.17759778741733334,0.5133971291866029,0.525,0.5882352941176471,-8.266854688481196e-05,-7.748499047011137e-05,-0.815410774594435,0.4148372189200813,0.5074162679425838,0.525,0.6470588235294118,-0.0002440015563688271,-0.00012106879148632288,-1.452806501780912,0.14627748623597267,0.5062200956937799,0.53,0.6470588235294118,8.0666502046596e-05,4.654517397284508e-05,1.1938541547913424,0.23253502350081834,0.5047846889952153,0.525,0.7058823529411765,no_stable_structure,none,none,middle_minus_q1,-0.0002440015563688271,-1.452806501780912,1.452806501780912,0.53,0.6470588235294118,,,,,,,,,0.9997608227696724,True,448,2240,no_stable_structure,No stable monotonic or tail structure passed the descriptive rules.,0.01452806501780912
momentum|24m-0m|h21,momentum|24m-0m,momentum,24m-0m,21,"{""skip"": 0, ""window"": 504}",4181,503.0,426.0,0.9949772781631189,-0.4424242424242424,0.6666666666666666,4181,0.9422585873172585,0.9482938551826744,0.0022931013044049345,0.02312371414154768,0.18975401928777028,0.8495018884565242,0.5387019230769231,0.5376884422110553,0.5882352941176471,-0.0013221387865017347,0.004362462088465691,-0.3675941996361968,0.7131758404871962,0.465625,0.46733668341708545,0.5882352941176471,0.0012890937669908452,0.003469529328867793,0.7157999644202722,0.4741148744006982,0.5521634615384615,0.5979899497487438,0.5294117647058824,-0.002611232550771092,0.0014647133648395538,-0.9987006039125408,0.3179397480389158,0.48052884615384617,0.5025125628140703,0.5882352941176471,0.0019501631030065115,0.0008132816292345524,1.4512839671135385,0.146700803885752,0.5144230769230769,0.542713567839196,0.7058823529411765,no_stable_structure,none,none,edges_minus_middle,0.0019501631030065115,1.4512839671135385,1.4512839671135385,0.542713567839196,0.7058823529411765,,,,,,,,,0.9949772781631189,True,448,2240,no_stable_structure,No stable monotonic or tail structure passed the descriptive rules.,0.014512839671135385
momentum|18m-1m|h42,momentum|18m-1m,momentum,18m-1m,42,"{""skip"": 21, ""window"": 378}",4181,503.0,425.0,0.9899545563262377,-0.1515151515151515,0.4444444444444444,4181,0.8531858614262867,0.8712683745092493,0.004354778083189605,0.015231983736157417,0.27721385623650263,0.7816159006738855,0.5332205846822904,0.51010101010101,0.47058823529411764,0.003421804119380991,0.0055030640214681625,0.5212722809530839,0.6021771078301164,0.5349118144479342,0.51010101010101,0.5294117647058824,0.004670873361701669,0.0038106143474578857,1.449458984266666,0.14720944666374308,0.5390190867359266,0.5505050505050505,0.5882352941176471,-0.0012490691856283293,0.004488135222345591,-0.25354483696368213,0.7998472178518166,0.4621889345252476,0.46464646464646464,0.5882352941176471,0.0029599712155786335,0.0016855373978614807,1.156164170627727,0.2476140121480993,0.5250060401063059,0.5303030303030303,0.7058823529411765,no_stable_structure,none,none,q10_minus_middle,0.004670873361701669,1.449458984266666,1.449458984266666,0.5505050505050505,0.5882352941176471,,,,,,,,,0.9899545563262377,True,448,2240,no_stable_structure,No stable monotonic or tail structure passed the descriptive rules.,0.01449458984266666
momentum|3m-1m|h126,momentum|3m-1m,momentum,3m-1m,126,"{""skip"": 21, ""window"": 63}",4181,503.0,424.0,0.9698636689787132,-0.05454545454545454,0.4444444444444444,4181,0.010227751386557607,0.01846423329106062,0.004382858011464284,0.016150785610079765,0.3595940500017054,0.7191507337587356,0.5457459926017263,0.5463917525773195,0.5882352941176471,0.009352598392172647,0.012068293988704681,0.9172241691495604,0.3590251843026856,0.5570900123304562,0.5515463917525774,0.5294117647058824,0.011174216408612098,0.006167903542518616,1.439098183705054,0.15012270657476265,0.5418002466091245,0.5463917525773195,0.6470588235294118,-0.00182161804773235,0.0037496164441108704,-0.24891164879426628,0.8034291244035305,0.4779284833538841,0.4845360824742268,0.4117647058823529,0.006497917195573064,0.0030549317598342896,1.1683478664748106,0.24266647482183057,0.5257706535141801,0.5309278350515464,0.5882352941176471,no_stable_structure,none,none,q10_minus_middle,0.011174216408612098,1.439098183705054,1.439098183705054,0.5463917525773195,0.6470588235294118,,,,,,,,,0.9698636689787132,True,448,2240,no_stable_structure,No stable monotonic or tail structure passed the descriptive rules.,0.01439098183705054
residual_momentum|resmom_9m_1m|h21,residual_momentum|resmom_9m_1m,residual_momentum,resmom_9m_1m,21,"{""skip"": 21, ""window"": 189}",4181,503.0,418.0,0.9949772781631189,0.07878787878787878,0.4444444444444444,4181,0.8493238183265883,0.8602098594349709,0.005068536550286004,0.024535340256989002,0.4714256475802312,0.6373368042363108,0.5550480769230769,0.542713567839196,0.6470588235294118,0.0017293795620319612,0.00503226462751627,0.5303954355385252,0.5958377900510723,0.5521634615384615,0.5477386934673367,0.5294117647058824,0.0023134605085383207,0.0029885913245379925,1.4347897108223622,0.15134703080000328,0.5485576923076924,0.5678391959798995,0.6470588235294118,-0.0005840809883291234,0.002016499638557434,-0.24221768448727732,0.8086114927463859,0.47860576923076925,0.49246231155778897,0.5294117647058824,0.0014487707625168975,0.0011686477810144424,1.1638578066679772,0.24448164106677972,0.5199519230769231,0.5376884422110553,0.5294117647058824,no_stable_structure,none,none,q10_minus_middle,0.0023134605085383207,1.4347897108223622,1.4347897108223622,0.5678391959798995,0.6470588235294118,,,,,,,,,0.9949772781631189,True,448,2240,no_stable_structure,No stable monotonic or tail structure passed the descriptive rules.,0.014347897108223621
high_proximity|high_6m|h5,high_proximity|high_6m,high_proximity,high_6m,5,"{""window"": 126}",4181,503.0,429.0,0.9988041138483617,-0.7696969696969697,0.7777777777777778,4181,0.8708643513714519,0.8900424233362614,-0.0012261304143826464,0.003934679552912712,-0.1989513697271865,0.8423007853913089,0.49161877394636017,0.525,0.5882352941176471,-0.0014535372778431755,0.00010594911873340607,-1.4343254004671142,0.15147942504348627,0.4975572126510671,0.53,0.7647058823529411,-0.0004249169347598164,-0.00012775883078575134,-1.0379462950314096,0.29929505869209594,0.5075854975572126,0.53,0.7647058823529411,-0.0008633343343968465,0.0001936652697622776,-1.2499516131807986,0.2113172234848002,0.49449233716475094,0.53,0.6470588235294118,0.00030185170708412824,4.217959940433502e-05,1.002482853433955,0.3161104438161382,0.5019285163281049,0.55,0.5882352941176471,no_stable_structure,none,none,q10_minus_q1,-0.0014535372778431755,-1.4343254004671142,1.4343254004671142,0.53,0.7647058823529411,,,,,,,,,0.9988041138483617,True,448,2240,no_stable_structure,No stable monotonic or tail structure passed the descriptive rules.,0.014343254004671142
price_volume_confirmation|pvc_9m_1m_liq20_126|h126,price_volume_confirmation|pvc_9m_1m_liq20_126,price_volume_confirmation,pvc_9m_1m_liq20_126,126,"{""confirmation_strength"": 0.25, ""liquidity_clip"": 2, ""long_window"": 126, ""short_window"": 20, ""skip"": 21, ""window"": 189}",4181,503.0,423.0,0.9698636689787132,0.28484848484848485,0.7777777777777778,4181,0.2393457875135566,0.26554827395694386,0.016122547470316457,0.022329503670334816,0.701971869149703,0.48269670694516453,0.5578298397040691,0.5721649484536082,0.5294117647058824,0.01640161257237196,0.01853269711136818,0.8392783902143057,0.4013131068089604,0.5758323057953144,0.5979381443298969,0.6470588235294118,0.013847544911902045,0.007783859968185425,1.4308236489943162,0.1524807635030856,0.5543773119605425,0.5463917525773195,0.5294117647058824,0.002554067702442591,0.010352987796068192,0.17809150367151225,0.8586511144598381,0.5657213316892725,0.5515463917525774,0.7058823529411765,0.0056467386653633045,0.0015192590653896332,0.7670660201159236,0.4430422636869722,0.5112207151664612,0.520618556701031,0.5882352941176471,no_stable_structure,none,none,q10_minus_middle,0.013847544911902045,1.4308236489943162,1.4308236489943162,0.5463917525773195,0.5294117647058824,,,,,,,,,0.9698636689787132,True,448,2240,no_stable_structure,No stable monotonic or tail structure passed the descriptive rules.,0.014308236489943163
residual_momentum|resmom_9m_1m|h1,residual_momentum|resmom_9m_1m,residual_momentum,resmom_9m_1m,1,"{""skip"": 21, ""window"": 189}",4181,503.0,419.0,0.9997608227696724,0.13939393939393938,0.5555555555555556,4181,0.9916151993605561,0.9926578891612612,0.011390493389069488,0.015003362204879522,3.2808841543831226,0.0010348223755357567,0.5327751196172249,0.61,0.8823529411764706,7.890472383284746e-05,0.0007003368809819221,0.35353982575952847,0.7236837772847522,0.5303827751196172,0.525,0.5294117647058824,0.00015277709086523357,0.0004632130730897188,1.2274381344702379,0.21965796080764388,0.534688995215311,0.575,0.7647058823529411,-7.387238138673647e-05,0.00021352898329496384,-0.49783209487651797,0.618602392326226,0.4839712918660287,0.53,0.5294117647058824,0.00011332473136179938,0.0001436229795217514,1.4274370188056744,0.153453966851191,0.5141148325358852,0.59,0.7058823529411765,no_stable_structure,none,none,edges_minus_middle,0.00011332473136179938,1.4274370188056744,1.4274370188056744,0.59,0.7058823529411765,,,,,,,,,0.9997608227696724,True,448,2240,no_stable_structure,No stable monotonic or tail structure passed the descriptive rules.,0.014274370188056744
momentum|3m-1m|h21,momentum|3m-1m,momentum,3m-1m,21,"{""skip"": 21, ""window"": 63}",4181,503.0,428.0,0.9949772781631189,-0.34545454545454546,0.6666666666666666,4181,0.45676931914719926,0.46593810444874273,-0.004238875580365577,0.0032744702184572816,-0.44744472174399746,0.654553991709698,0.48990384615384613,0.49246231155778897,0.47058823529411764,-0.0005065872948202574,0.0010921326465904713,-0.19393499941996548,0.8462267783515679,0.4913461538461538,0.4824120603015075,0.5294117647058824,0.0013182042276429667,0.002606365829706192,0.8361866178171619,0.4030499256231842,0.5432692307692307,0.5527638190954773,0.5882352941176471,-0.0018247914845302988,-0.001104583847336471,-0.9959697034157863,0.31926486582206814,0.5137019230769231,0.5125628140703518,0.6470588235294118,0.0015714978665178373,0.0014058547094464302,1.4255772445595978,0.15399040854878676,0.534375,0.5376884422110553,0.5294117647058824,no_stable_structure,none,none,edges_minus_middle,0.0015714978665178373,1.4255772445595978,1.4255772445595978,0.5376884422110553,0.5294117647058824,,,,,,,,,0.9949772781631189,True,448,2240,no_stable_structure,No stable monotonic or tail structure passed the descriptive rules.,0.014255772445595978
residual_momentum|resmom_12m_1m|h10,residual_momentum|resmom_12m_1m,residual_momentum,resmom_12m_1m,10,"{""skip"": 21, ""window"": 252}",4181,503.0,414.0,0.9976082276967233,0.01818181818181818,0.5555555555555556,4181,0.9448523868768849,0.9500062912983938,0.009941709404080842,0.014415633864700794,1.2005280939603715,0.22993430845985086,0.5341644689522896,0.545,0.7647058823529411,0.001132128270861191,0.003003220073878765,0.681650493687816,0.4954599784295529,0.533684967633661,0.54,0.6470588235294118,0.0012098750034103237,0.002411964349448681,1.4219740381784567,0.15503378785148342,0.5531047710381204,0.59,0.7058823529411765,-7.774673297477015e-05,0.0010702572762966156,-0.06483465287164958,0.9483056504804291,0.478542315991369,0.465,0.35294117647058826,0.0006438108738409647,0.0007182657718658447,1.0291633508055205,0.30340292096669585,0.5185806760968593,0.525,0.6470588235294118,no_stable_structure,none,none,q10_minus_middle,0.0012098750034103237,1.4219740381784567,1.4219740381784567,0.59,0.7058823529411765,,,,,,,,,0.9976082276967233,True,448,2240,no_stable_structure,No stable monotonic or tail structure passed the descriptive rules.,0.014219740381784567
momentum|18m-1m|h5,momentum|18m-1m,momentum,18m-1m,5,"{""skip"": 21, ""window"": 378}",4181,503.0,427.0,0.9988041138483617,-0.17575757575757575,0.4444444444444444,4181,0.980012619084291,0.9829257982343506,0.01301602944606683,0.023940395563840866,2.142082547933863,0.03218684000349599,0.5454980842911877,0.59,0.6470588235294118,0.0005024960276411385,0.0028407846111804247,0.5564825026219851,0.5778810526548921,0.5443007662835249,0.54,0.47058823529411764,0.0006783757975378067,0.0014261023607105017,1.419641686884006,0.15571202266737857,0.5426245210727969,0.56,0.6470588235294118,-0.00017587974922831403,0.0008816132321953773,-0.276592389055441,0.7820931094430643,0.4736590038314176,0.48,0.5882352941176471,0.0004271277616907393,0.00038549466989934444,1.2734693581535486,0.20285153916016296,0.5172413793103449,0.555,0.7058823529411765,no_stable_structure,none,none,q10_minus_middle,0.0006783757975378067,1.419641686884006,1.419641686884006,0.56,0.6470588235294118,,,,,,,,,0.9988041138483617,True,448,2240,no_stable_structure,No stable monotonic or tail structure passed the descriptive rules.,0.01419641686884006
momentum|9m-2m|h21,momentum|9m-2m,momentum,9m-2m,21,"{""skip"": 42, ""window"": 189}",4181,503.0,428.0,0.9949772781631189,0.05454545454545454,0.5555555555555556,4181,0.8305917226126452,0.8408191895848957,0.006861264841148358,0.023650921881198883,0.6420962143478711,0.520810713761192,0.551923076923077,0.5678391959798995,0.6470588235294118,0.002072147597433426,0.004092796705663204,0.6401484774374365,0.5220760751483283,0.5427884615384615,0.5527638190954773,0.5882352941176471,0.002483303481396713,0.003003295511007309,1.418784603569162,0.1559618227262414,0.5459134615384615,0.5628140703517588,0.8235294117647058,-0.00041115588338960573,0.002171007916331291,-0.17510151937857665,0.8609998644245483,0.465625,0.47738693467336685,0.5294117647058824,0.0014472296787062077,0.0010861176997423172,1.1202157648316244,0.262621827537761,0.5237980769230769,0.5175879396984925,0.5882352941176471,no_stable_structure,none,none,q10_minus_middle,0.002483303481396713,1.418784603569162,1.418784603569162,0.5628140703517588,0.8235294117647058,,,,,,,,,0.9949772781631189,True,448,2240,no_stable_structure,No stable monotonic or tail structure passed the descriptive rules.,0.01418784603569162
momentum|18m-1m|h10,momentum|18m-1m,momentum,18m-1m,10,"{""skip"": 21, ""window"": 378}",4181,503.0,427.0,0.9976082276967233,-0.04242424242424241,0.4444444444444444,4181,0.9619077943598954,0.9669906429652427,0.010456455782727015,0.019711997359991074,1.2601140865970282,0.20762820933617865,0.5339247182929753,0.535,0.6470588235294118,0.0009574772209058344,0.00338008813560009,0.5604007112837034,0.5752061465780215,0.5423159913689762,0.535,0.47058823529411764,0.0012326149984737197,0.002425187034532428,1.4118957809047397,0.157980650222582,0.5552625269719492,0.565,0.6470588235294118,-0.0002751377803554615,0.0017549898475408554,-0.22393740958314648,0.8228060061953535,0.4684727883001678,0.465,0.47058823529411764,0.0007538764154185945,0.0004544313997030258,1.1830485008096265,0.23678992617493388,0.5157036681850875,0.54,0.5882352941176471,no_stable_structure,none,none,q10_minus_middle,0.0012326149984737197,1.4118957809047397,1.4118957809047397,0.565,0.6470588235294118,,,,,,,,,0.9976082276967233,True,448,2240,no_stable_structure,No stable monotonic or tail structure passed the descriptive rules.,0.014118957809047396
momentum|24m-0m|h42,momentum|24m-0m,momentum,24m-0m,42,"{""skip"": 0, ""window"": 504}",4181,503.0,425.0,0.9899545563262377,-0.5030303030303029,0.6666666666666666,4181,0.88896924904599,0.9014829147857986,-0.005328119861325399,0.01670028828084469,-0.3247671757493195,0.7453572889863758,0.47209470886687604,0.4494949494949495,0.47058823529411764,-0.0021761790383213377,0.003727234899997711,-0.3227348532681186,0.7468960543025309,0.4805508576950954,0.48484848484848486,0.47058823529411764,0.00254445715072322,0.004164280369877815,0.7572148778404888,0.44892113821069923,0.5440927760328582,0.5555555555555556,0.5882352941176471,-0.004720636139162323,0.00036429986357688904,-0.9456590624158494,0.34432250899165273,0.4967383425948297,0.5050505050505051,0.6470588235294118,0.003632546723211613,0.0028261393308639526,1.399359456476594,0.1617052184025226,0.5426431505194491,0.5505050505050505,0.6470588235294118,no_stable_structure,none,none,edges_minus_middle,0.003632546723211613,1.399359456476594,1.399359456476594,0.5505050505050505,0.6470588235294118,,,,,,,,,0.9899545563262377,True,448,2240,no_stable_structure,No stable monotonic or tail structure passed the descriptive rules.,0.01399359456476594
momentum|6m-1m|h5,momentum|6m-1m,momentum,6m-1m,5,"{""skip"": 21, ""window"": 126}",4181,503.0,429.0,0.9988041138483617,-0.49090909090909085,0.7777777777777778,4181,0.9393523092400067,0.9451003748058397,0.0038391040775719075,0.010300979483872652,0.6546734357038622,0.5126780319480353,0.5196360153256705,0.545,0.6470588235294118,-3.440289300568919e-05,0.0015408610925078392,-0.04171921600537654,0.9667225351394245,0.4722222222222222,0.47,0.4117647058823529,0.00040013584996629047,0.0008415905758738518,0.8789633960374243,0.37942112299317976,0.5325670498084292,0.54,0.5882352941176471,-0.0004345387435295243,0.0004913814773317426,-0.7765175093595513,0.4374434865846216,0.4861111111111111,0.51,0.5882352941176471,0.0004173372978873893,0.0002878215163946152,1.3896407105373751,0.1646380070144663,0.5110153256704981,0.52,0.7058823529411765,no_stable_structure,none,none,edges_minus_middle,0.0004173372978873893,1.3896407105373751,1.3896407105373751,0.52,0.7058823529411765,,,,,,,,,0.9988041138483617,True,448,2240,no_stable_structure,No stable monotonic or tail structure passed the descriptive rules.,0.013896407105373751
risk_adjusted_trend|risk_trend_100d|h63,risk_adjusted_trend|risk_trend_100d,risk_adjusted_trend,risk_trend_100d,63,"{""window"": 100}",4181,503.0,426.0,0.9849318344893566,-0.5151515151515151,0.5555555555555556,4181,0.1637650617472439,0.15688510232491487,-0.011627015238871155,-0.007462658686563373,-0.8080686461408155,0.4190510658190675,0.5174842156386595,0.5228426395939086,0.5294117647058824,0.00010724165430496031,-0.0004018116742372513,0.016348069115706125,0.9869567090465013,0.4968431277319087,0.4873096446700508,0.47058823529411764,-0.0026870525046907576,0.0008005015552043915,-0.7047080331749601,0.48099195111052273,0.4910150558523555,0.5076142131979695,0.5882352941176471,0.002794294127135575,0.0011836336925625801,0.7265284538959701,0.46751487070908526,0.5121418164157358,0.5025380710659898,0.5294117647058824,-0.002740673288222829,-0.002399902790784836,-1.3864380700127572,0.16561317844465084,0.5441962117532783,0.5279187817258884,0.6470588235294118,no_stable_structure,none,none,edges_minus_middle,-0.002740673288222829,-1.3864380700127572,1.3864380700127572,0.5279187817258884,0.6470588235294118,,,,,,,,,0.9849318344893566,True,448,2240,no_stable_structure,No stable monotonic or tail structure passed the descriptive rules.,0.013864380700127571
momentum|18m-2m|h42,momentum|18m-2m,momentum,18m-2m,42,"{""skip"": 42, ""window"": 378}",4181,503.0,425.0,0.9899545563262377,-0.07878787878787878,0.5555555555555556,4181,0.8437476662453293,0.8621789635800531,0.005478570716947637,0.017225021496415138,0.3490265973338918,0.727069341896498,0.5353950229524039,0.5555555555555556,0.47058823529411764,0.003052790267700134,0.00436021201312542,0.46734739947572457,0.6402513493658011,0.5274220826286543,0.4898989898989899,0.47058823529411764,0.004604212774693296,0.003233026247471571,1.384518858612279,0.16619963767527623,0.5288717081420633,0.5303030303030303,0.5294117647058824,-0.00155142249509568,0.003553866408765316,-0.32163408336631455,0.7477299199631504,0.4667794153177096,0.4898989898989899,0.5882352941176471,0.0030778177422812235,0.001272350549697876,1.2076326303955773,0.2271886021528453,0.5230732060884271,0.5202020202020202,0.7058823529411765,no_stable_structure,none,none,q10_minus_middle,0.004604212774693296,1.384518858612279,1.384518858612279,0.5303030303030303,0.5294117647058824,,,,,,,,,0.9899545563262377,True,448,2240,no_stable_structure,No stable monotonic or tail structure passed the descriptive rules.,0.01384518858612279
residual_momentum|resmom_6m_1m|h5,residual_momentum|resmom_6m_1m,residual_momentum,resmom_6m_1m,5,"{""skip"": 21, ""window"": 126}",4181,503.0,422.0,0.9988041138483617,-0.35757575757575755,0.5555555555555556,4181,0.9390016688150206,0.9445870646452745,0.003875646751646966,0.008784149773418903,0.6690852160074365,0.5034411201182343,0.5201149425287356,0.535,0.5882352941176471,5.835172734136329e-05,0.001487421803176403,0.07286174200297046,0.9419161384480775,0.5287356321839081,0.525,0.5882352941176471,0.0004371702253241007,0.0008404804393649101,1.0108310756145467,0.3120972869993488,0.5294540229885057,0.535,0.5882352941176471,-0.0003788184753603635,0.0004720673896372318,-0.6809556665145643,0.4958995430931249,0.48874521072796934,0.52,0.5882352941176471,0.0004079943509903777,0.00042229006066918373,1.3759991432053607,0.1688218985299741,0.5126915708812261,0.525,0.7058823529411765,no_stable_structure,none,none,edges_minus_middle,0.0004079943509903777,1.3759991432053607,1.3759991432053607,0.525,0.7058823529411765,,,,,,,,,0.9988041138483617,True,448,2240,no_stable_structure,No stable monotonic or tail structure passed the descriptive rules.,0.013759991432053607
trend|SMA150|h1,trend|SMA150,trend,SMA150,1,"{""window"": 150}",4181,503.0,429.0,0.9997608227696724,-0.8060606060606059,0.6666666666666666,4181,0.9871778852914738,0.9890066428947686,0.0040739403137168935,0.01661382056772709,1.1784567383786875,0.23861456952179816,0.5308612440191387,0.54,0.7058823529411765,-0.00024611705363186134,0.0004607507726177573,-1.021384552778044,0.30707228100128636,0.4825358851674641,0.53,0.6470588235294118,-3.008069138058782e-05,0.00029634969541803,-0.24077322595641287,0.8097308818242102,0.4779904306220096,0.54,0.5882352941176471,-0.0002160363722078471,4.408089444041252e-05,-1.3725385524666156,0.16989584587288054,0.4964114832535885,0.56,0.5882352941176471,9.297783938838107e-05,9.551341645419598e-05,1.2341737043940084,0.2171381837145855,0.5102870813397129,0.54,0.5882352941176471,no_stable_structure,none,none,middle_minus_q1,-0.0002160363722078471,-1.3725385524666156,1.3725385524666156,0.56,0.5882352941176471,,,,,,,,,0.9997608227696724,True,448,2240,no_stable_structure,No stable monotonic or tail structure passed the descriptive rules.,0.013725385524666156
short_term_reversal|reversal_5d|h252,short_term_reversal|reversal_5d,short_term_reversal,reversal_5d,252,"{""window"": 5}",4181,503.0,420.0,0.9397273379574265,-0.01818181818181818,0.4444444444444444,4181,-0.0016462720325353057,-0.001758147484557461,-0.00171606700148978,-0.008526303805410862,-0.372086834815198,0.7098281980551575,0.5253245100534487,0.5319148936170213,0.625,-0.005025468739489182,-0.008460748940706253,-0.688052398886544,0.4914197847866407,0.5265970984983457,0.5212765957446809,0.625,0.00986531424659633,-0.0034059882164001465,0.8769589374580391,0.38050894190463325,0.4843471621277679,0.5106382978723404,0.5,-0.014890782796143946,-0.002567857503890991,-1.3679778047571844,0.17131902366261964,0.5128531432934589,0.5319148936170213,0.625,0.012378048387228812,0.004810109734535217,1.1846092545973848,0.23617197622743136,0.52481547467549,0.5425531914893617,0.5625,no_stable_structure,none,none,middle_minus_q1,-0.014890782796143946,-1.3679778047571844,1.3679778047571844,0.5319148936170213,0.625,,,,,,,,,0.9397273379574265,True,448,2240,no_stable_structure,No stable monotonic or tail structure passed the descriptive rules.,0.013679778047571844
momentum|9m-2m|h126,momentum|9m-2m,momentum,9m-2m,126,"{""skip"": 42, ""window"": 189}",4181,503.0,423.0,0.9698636689787132,0.3696969696969697,0.6666666666666666,4181,0.14171796464014982,0.16050561991107987,0.016846778771200038,0.026633337140083313,0.7230477451247581,0.46965055147565193,0.5649815043156596,0.5670103092783505,0.5882352941176471,0.01517253419936723,0.021172262728214264,0.7616377573114663,0.44627623337837974,0.5812577065351417,0.5876288659793815,0.6470588235294118,0.01341609310343834,0.00786098837852478,1.3633480849744162,0.17277283428490853,0.5600493218249075,0.5721649484536082,0.5882352941176471,0.0017564411025319786,0.01044885441660881,0.12265646707185023,0.9023791377246013,0.5607891491985203,0.5773195876288659,0.5294117647058824,0.005829826031229315,0.001122504472732544,0.8104913499192609,0.4176578345745854,0.509494451294698,0.4896907216494845,0.5882352941176471,no_stable_structure,none,none,q10_minus_middle,0.01341609310343834,1.3633480849744162,1.3633480849744162,0.5721649484536082,0.5882352941176471,,,,,,,,,0.9698636689787132,True,448,2240,no_stable_structure,No stable monotonic or tail structure passed the descriptive rules.,0.013633480849744162
momentum|24m-1m|h1,momentum|24m-1m,momentum,24m-1m,1,"{""skip"": 21, ""window"": 504}",4181,503.0,427.0,0.9997608227696724,-0.17575757575757575,0.5555555555555556,4181,0.9966209735209725,0.9971838392559307,0.011347808482971154,0.021325232461094856,3.395351260783606,0.0006854060389681485,0.5418660287081339,0.6,0.8235294117647058,-9.599422182916757e-06,0.0005785934627056122,-0.04225559250418274,0.9662949456912594,0.4755980861244019,0.465,0.5882352941176471,0.00010944747655796172,0.0005272977286949754,0.8309235312987883,0.40601682939861417,0.5370813397129187,0.575,0.5882352941176471,-0.00011904689906115987,0.00022519726189784706,-0.7933150552362498,0.4275942874497526,0.4854066985645933,0.505,0.7058823529411765,0.00011424719231786947,0.00016466394299641252,1.3624002582306054,0.17307160229955487,0.5133971291866029,0.53,0.7058823529411765,no_stable_structure,none,none,edges_minus_middle,0.00011424719231786947,1.3624002582306054,1.3624002582306054,0.53,0.7058823529411765,,,,,,,,,0.9997608227696724,True,448,2240,no_stable_structure,No stable monotonic or tail structure passed the descriptive rules.,0.013624002582306054
momentum|9m-1m|h10,momentum|9m-1m,momentum,9m-1m,10,"{""skip"": 21, ""window"": 189}",4181,503.0,428.0,0.9976082276967233,0.10303030303030303,0.4444444444444444,4181,0.9253503572697082,0.931274893245793,0.006023669867119304,0.01623414270579815,0.7296241022055651,0.46561998546293726,0.5353632222488612,0.56,0.6470588235294118,0.0005321046558258556,0.0016467180103063583,0.31825960661154234,0.7502880217817067,0.5204986813713738,0.545,0.47058823529411764,0.0010862966278660908,0.002280506305396557,1.2473877623392833,0.21225535152973996,0.549029009829777,0.585,0.7058823529411765,-0.0005541920317341382,0.0007741749286651611,-0.4744680072521386,0.6351662068576707,0.4859745864301127,0.495,0.5294117647058824,0.0008202443330900825,0.0010186373256146908,1.3623294052366661,0.17309395164206753,0.5300887077439463,0.56,0.6470588235294118,no_stable_structure,none,none,edges_minus_middle,0.0008202443330900825,1.3623294052366661,1.3623294052366661,0.56,0.6470588235294118,,,,,,,,,0.9976082276967233,True,448,2240,no_stable_structure,No stable monotonic or tail structure passed the descriptive rules.,0.01362329405236666
momentum|3m-0m|h252,momentum|3m-0m,momentum,3m-0m,252,"{""skip"": 0, ""window"": 63}",4181,503.0,419.0,0.9397273379574265,-0.23636363636363633,0.6666666666666666,4181,-0.0023879874493152554,0.0018893724843964082,0.006786917958989678,0.017453543841838837,0.4465495886469252,0.6552003007702578,0.5528124204632222,0.5478723404255319,0.5625,0.00783972224454353,0.021403759717941284,0.3731647555650255,0.7090258256490324,0.5599389157546449,0.574468085106383,0.5625,0.01718295966795335,0.014881417155265808,1.3621696066764488,0.17314436523367183,0.5609569865105625,0.5638297872340425,0.5,-0.009343237226075626,0.001873999834060669,-0.48819958298935506,0.6254084799049892,0.49121913973021125,0.48936170212765956,0.5,0.013263098512022177,0.009527347981929779,1.0745280883604915,0.28258606269306685,0.5530669381522015,0.5797872340425532,0.5625,no_stable_structure,none,none,q10_minus_middle,0.01718295966795335,1.3621696066764488,1.3621696066764488,0.5638297872340425,0.5,,,,,,,,,0.9397273379574265,True,448,2240,no_stable_structure,No stable monotonic or tail structure passed the descriptive rules.,0.013621696066764489
liquidity_change|liq_20d_126d|h10,liquidity_change|liq_20d_126d,liquidity_change,liq_20d_126d,10,"{""long_window"": 126, ""short_window"": 20}",4181,503.0,428.0,0.9976082276967233,-0.7333333333333332,0.3333333333333333,4181,0.6518070493468676,0.6537135110361676,-0.00912715567746588,-0.005700884386897087,-2.508011692251224,0.012141264959483542,0.5279309518101175,0.555,0.7647058823529411,-0.0008114697379838239,-0.00022984016686677933,-1.0203752699512907,0.3075505178157354,0.5044353871973148,0.505,0.7058823529411765,-5.6525623139254774e-05,8.918531239032745e-05,-0.11250577725453773,0.9104223892406901,0.4972428674178854,0.49,0.47058823529411764,-0.0007549441308443493,-0.00042679160833358765,-1.3608249203659903,0.17356902459754853,0.5154639175257731,0.555,0.7058823529411765,0.00034920928759303447,0.00025877542793750763,0.9998340063245909,0.3173908457499599,0.5101894030208584,0.535,0.5294117647058824,no_stable_structure,none,none,middle_minus_q1,-0.0007549441308443493,-1.3608249203659903,1.3608249203659903,0.555,0.7058823529411765,,,,,,,,,0.9976082276967233,True,448,2240,no_stable_structure,No stable monotonic or tail structure passed the descriptive rules.,0.013608249203659904
high_proximity|high_18m|h5,high_proximity|high_18m,high_proximity,high_18m,5,"{""window"": 378}",4181,503.0,427.0,0.9988041138483617,-0.8181818181818182,0.5555555555555556,4181,0.9264484262441571,0.9418541566348707,0.002722675326588883,0.006224880926311016,0.4118584517477902,0.6804431755443989,0.5146072796934866,0.52,0.47058823529411764,-0.0013668994900061006,0.00019919872283935547,-1.3302902877961906,0.18342264590490998,0.49577744659711875,0.52,0.7058823529411765,-0.0005565841573972537,-3.3543212339282036e-05,-1.3597053334943845,0.1739231896716973,0.5024838549428713,0.525,0.9411764705882353,-0.0007177076959786036,0.0004615969955921173,-0.9905426723509262,0.3219089425009797,0.48802681992337166,0.515,0.5882352941176471,0.00012686558295395484,-0.00018939439905807376,0.40950056179074573,0.6821723545960077,0.49279682066567315,0.48,0.47058823529411764,no_stable_structure,none,none,q10_minus_middle,-0.0005565841573972537,-1.3597053334943845,1.3597053334943845,0.525,0.9411764705882353,,,,,,,,,0.9988041138483617,True,448,2240,no_stable_structure,No stable monotonic or tail structure passed the descriptive rules.,0.013597053334943845
short_term_reversal|reversal_10d|h252,short_term_reversal|reversal_10d,short_term_reversal,reversal_10d,252,"{""window"": 10}",4181,503.0,420.0,0.9397273379574265,0.07878787878787878,0.6666666666666666,4181,-0.0005402463464939152,0.0006612896489917718,-0.0024520438719474996,-0.011144954711198807,-0.4006680732385375,0.6886645197063175,0.5321964876558921,0.5478723404255319,0.5625,-0.007898282205302445,-0.012205954641103745,-0.7648164030775678,0.4443808788068877,0.5360142529905828,0.5585106382978723,0.5625,0.008700815523844463,-0.007051616907119751,0.6893215457790182,0.490620942167026,0.4713667599898193,0.48936170212765956,0.5,-0.01659909766253921,-0.005690078251063824,-1.3525500591251718,0.17619941618019686,0.52481547467549,0.5478723404255319,0.625,0.012649956510228513,0.004902392625808716,1.116776123007194,0.2640900603777805,0.530160346144057,0.5212765957446809,0.5625,no_stable_structure,none,none,middle_minus_q1,-0.01659909766253921,-1.3525500591251718,1.3525500591251718,0.5478723404255319,0.625,,,,,,,,,0.9397273379574265,True,448,2240,no_stable_structure,No stable monotonic or tail structure passed the descriptive rules.,0.013525500591251717
high_proximity|high_12m|h5,high_proximity|high_12m,high_proximity,high_12m,5,"{""window"": 252}",4181,503.0,428.0,0.9988041138483617,-0.8424242424242423,0.7777777777777778,4181,0.9110639896439177,0.9271089384534967,0.000927569663939117,0.0055297010112553835,0.14184202986126207,0.8872047846497897,0.5093390804597702,0.52,0.5294117647058824,-0.0013895377280752576,-1.2408476322889328e-05,-1.3460459413502495,0.17828770091344615,0.500626095667418,0.51,0.6470588235294118,-0.0005002282015222605,-4.4975895434617996e-05,-1.220389284344593,0.22231733756875227,0.5036313548710243,0.55,0.8235294117647058,-0.0007496896614332842,0.00016403663903474808,-1.0364791878381727,0.299978643935095,0.4954501915708812,0.525,0.5294117647058824,0.00019454067513213026,-2.820044755935669e-05,0.6256447061472897,0.5315480085770552,0.4991234660656148,0.515,0.5294117647058824,no_stable_structure,none,none,q10_minus_q1,-0.0013895377280752576,-1.3460459413502495,1.3460459413502495,0.51,0.6470588235294118,,,,,,,,,0.9988041138483617,True,448,2240,no_stable_structure,No stable monotonic or tail structure passed the descriptive rules.,0.013460459413502495
volatility_scaled_momentum|vsmom_12m_1m_vol60|h126,volatility_scaled_momentum|vsmom_12m_1m_vol60,volatility_scaled_momentum,vsmom_12m_1m_vol60,126,"{""skip"": 21, ""volatility_window"": 60, ""window"": 252}",4181,503.0,423.0,0.9698636689787132,-0.2606060606060606,0.4444444444444444,4181,0.4280970738236374,0.4552088247007788,0.013660795046885742,0.025120249018073082,0.5529015465322856,0.5803308283939865,0.5526510480887793,0.5515463917525774,0.5882352941176471,0.009635867802116161,0.02005249261856079,0.5387202223283681,0.5900799179855833,0.5652281134401973,0.5618556701030928,0.5882352941176471,-0.0020903123439887927,0.003259532153606415,-0.2582924063601887,0.796181246333119,0.475462392108508,0.4793814432989691,0.47058823529411764,0.011726180136286448,0.018984824419021606,0.9663863561275579,0.3338508887310462,0.6054254007398274,0.6391752577319587,0.8235294117647058,-0.006908246273239191,-0.0063817501068115234,-1.3449774346177,0.1786325218336282,0.5745992601726264,0.5773195876288659,0.5882352941176471,no_stable_structure,none,none,edges_minus_middle,-0.006908246273239191,-1.3449774346177,1.3449774346177,0.5773195876288659,0.5882352941176471,,,,,,,,,0.9698636689787132,True,448,2240,no_stable_structure,No stable monotonic or tail structure passed the descriptive rules.,0.013449774346177
trend|SMA100|h21,trend|SMA100,trend,SMA100,21,"{""window"": 100}",4181,503.0,428.0,0.9949772781631189,-0.6727272727272726,0.7777777777777778,4181,0.6557999360846329,0.6675443357690644,-0.009537841060772332,0.0024173420388251543,-0.9593346734028383,0.33739017321508946,0.49375,0.5376884422110553,0.7058823529411765,-0.0018388288146805,0.0020418912172317505,-0.6187937062895462,0.5360522688885676,0.47307692307692306,0.5025125628140703,0.5294117647058824,0.0005690853734589697,0.0018906425684690475,0.3484289687094426,0.7275180500268624,0.5331730769230769,0.5125628140703518,0.47058823529411764,-0.0024079141903432452,-0.0007572035538032651,-1.1750737504294704,0.23996521139117555,0.5100961538461538,0.5276381909547738,0.6470588235294118,0.0014884997860253161,0.0009215360041707754,1.3444912681067995,0.17878957817413266,0.520673076923077,0.5226130653266332,0.5294117647058824,no_stable_structure,none,none,edges_minus_middle,0.0014884997860253161,1.3444912681067995,1.3444912681067995,0.5226130653266332,0.5294117647058824,,,,,,,,,0.9949772781631189,True,448,2240,no_stable_structure,No stable monotonic or tail structure passed the descriptive rules.,0.013444912681067995
volatility_scaled_momentum|vsmom_12m_1m_vol60|h21,volatility_scaled_momentum|vsmom_12m_1m_vol60,volatility_scaled_momentum,vsmom_12m_1m_vol60,21,"{""skip"": 21, ""volatility_window"": 60, ""window"": 252}",4181,503.0,427.0,0.9949772781631189,-0.06666666666666665,0.5555555555555556,4181,0.8855111617825207,0.8961556532323831,0.010485991417195133,0.02529154159128666,0.9013217959172242,0.3674172483388337,0.551923076923077,0.5628140703517588,0.6470588235294118,0.0023551565737691886,0.006090704584494233,0.7185588726328347,0.47241276150276534,0.5579326923076923,0.5527638190954773,0.7647058823529411,-3.77575479013523e-05,0.0016933949664235115,-0.024054910096622435,0.9808088094345095,0.47307692307692306,0.46733668341708545,0.47058823529411764,0.002392914116087643,0.004721786826848984,1.1214856202459376,0.26208120903853105,0.5646634615384616,0.5778894472361809,0.7647058823529411,-0.001215335814147413,-0.0015183803625404835,-1.3400405630407317,0.18023215783264812,0.5432692307692307,0.5979899497487438,0.6470588235294118,no_stable_structure,none,none,edges_minus_middle,-0.001215335814147413,-1.3400405630407317,1.3400405630407317,0.5979899497487438,0.6470588235294118,,,,,,,,,0.9949772781631189,True,448,2240,no_stable_structure,No stable monotonic or tail structure passed the descriptive rules.,0.013400405630407317
short_term_reversal|reversal_10d|h21,short_term_reversal|reversal_10d,short_term_reversal,reversal_10d,21,"{""window"": 10}",4181,503.0,428.0,0.9949772781631189,0.8787878787878788,0.6666666666666666,4181,-0.007919265307476765,-0.006811029554964858,0.00905364396489902,0.004651479423046112,1.3517737820329965,0.176447693729901,0.5132211538461539,0.5477386934673367,0.5882352941176471,0.0020693529992478524,0.000950617715716362,1.1412277101841508,0.2537751758297464,0.5125,0.542713567839196,0.5294117647058824,0.0017707593305413656,0.000673423521220684,1.337051481044705,0.18120583306402394,0.510576923076923,0.5678391959798995,0.6470588235294118,0.0002985936571768924,0.0008272225968539715,0.24490050960101462,0.8065334670997364,0.5175480769230769,0.5477386934673367,0.5294117647058824,0.0007360828192689112,0.00039628567174077034,0.8238522740039848,0.41002350118699793,0.5103365384615385,0.49748743718592964,0.6470588235294118,no_stable_structure,none,none,q10_minus_middle,0.0017707593305413656,1.337051481044705,1.337051481044705,0.5678391959798995,0.6470588235294118,,,,,,,,,0.9949772781631189,True,448,2240,no_stable_structure,No stable monotonic or tail structure passed the descriptive rules.,0.01337051481044705
momentum|9m-0m|h5,momentum|9m-0m,momentum,9m-0m,5,"{""skip"": 0, ""window"": 189}",4181,503.0,429.0,0.9988041138483617,-0.18787878787878787,0.5555555555555556,4181,0.96571007962545,0.9695671907886279,0.006973852266049393,0.013558777514845133,1.1150351333786963,0.2648353664545825,0.5261015325670498,0.59,0.5294117647058824,-0.00019440981992667583,0.001472681062296033,-0.20401785752477156,0.8383395441064969,0.476772030651341,0.455,0.5294117647058824,0.0003470281717524475,0.0013740045251324773,0.7383832546973684,0.4602815873685593,0.5395114942528736,0.585,0.5882352941176471,-0.0005414380002095564,0.0006648944690823555,-0.8036155114582401,0.42161906200579624,0.48227969348659006,0.505,0.6470588235294118,0.00044423307602883003,0.0005349868442863226,1.336946762990287,0.18124001498453002,0.5268199233716475,0.53,0.6470588235294118,no_stable_structure,none,none,edges_minus_middle,0.00044423307602883003,1.336946762990287,1.336946762990287,0.53,0.6470588235294118,,,,,,,,,0.9988041138483617,True,448,2240,no_stable_structure,No stable monotonic or tail structure passed the descriptive rules.,0.013369467629902869
price_volume_confirmation|pvc_9m_1m_liq20_126|h1,price_volume_confirmation|pvc_9m_1m_liq20_126,price_volume_confirmation,pvc_9m_1m_liq20_126,1,"{""confirmation_strength"": 0.25, ""liquidity_clip"": 2, ""long_window"": 126, ""short_window"": 20, ""skip"": 21, ""window"": 189}",4181,503.0,429.0,0.9997608227696724,0.006060606060606061,0.4444444444444444,4181,0.9912230200319567,0.9923187923187924,0.011544891976068596,0.015402230434119701,3.2787716847010766,0.0010425995094446043,0.5322966507177034,0.605,0.8823529411764706,7.523117864709993e-05,0.0007630864274688065,0.3279396524708885,0.7429572917634883,0.5289473684210526,0.53,0.47058823529411764,0.0001400526511462198,0.0004214247455820441,1.0708396533564442,0.284241533823537,0.5313397129186603,0.55,0.7058823529411765,-6.482146444182362e-05,0.00027472968213260174,-0.44748276839244233,0.6545265267845004,0.48277511961722486,0.51,0.6470588235294118,0.00010243705213437543,0.00016047456301748753,1.334985873007093,0.1818809701398023,0.5153110047846889,0.555,0.6470588235294118,no_stable_structure,none,none,edges_minus_middle,0.00010243705213437543,1.334985873007093,1.334985873007093,0.555,0.6470588235294118,,,,,,,,,0.9997608227696724,True,448,2240,no_stable_structure,No stable monotonic or tail structure passed the descriptive rules.,0.01334985873007093
momentum|18m-1m|h21,momentum|18m-1m,momentum,18m-1m,21,"{""skip"": 21, ""window"": 378}",4181,503.0,426.0,0.9949772781631189,-0.1515151515151515,0.4444444444444444,4181,0.9233298285017678,0.933226114771934,0.007871491145488107,0.027090434916317463,0.690721246041093,0.4897407350541275,0.5454326923076923,0.5527638190954773,0.5882352941176471,0.0017279953370654346,0.007006034487858415,0.49782281624130137,0.6186089327831455,0.5622596153846153,0.5829145728643216,0.47058823529411764,0.0022660450890375963,0.002979075536131859,1.334809793009105,0.18193860749941704,0.5487980769230769,0.5477386934673367,0.6470588235294118,-0.000538049749201701,0.0032736435532569885,-0.21005867304649317,0.8336218799576057,0.46033653846153844,0.48743718592964824,0.5294117647058824,0.0014020474178743406,0.00034248619340360165,1.0723846628679594,0.2835472938395136,0.5076923076923077,0.507537688442211,0.6470588235294118,no_stable_structure,none,none,q10_minus_middle,0.0022660450890375963,1.334809793009105,1.334809793009105,0.5477386934673367,0.6470588235294118,,,,,,,,,0.9949772781631189,True,448,2240,no_stable_structure,No stable monotonic or tail structure passed the descriptive rules.,0.013348097930091049
volatility_scaled_momentum|vsmom_6m_1m_vol60|h63,volatility_scaled_momentum|vsmom_6m_1m_vol60,volatility_scaled_momentum,vsmom_6m_1m_vol60,63,"{""skip"": 21, ""volatility_window"": 60, ""window"": 126}",4181,503.0,426.0,0.9849318344893566,-0.07878787878787878,0.5555555555555556,4181,0.3711494808468731,0.37860163406044983,-0.002254270253800324,0.007010272471234202,-0.1648503199264483,0.869061796239443,0.48445847498785816,0.48223350253807107,0.4117647058823529,0.0044820014503954096,0.003581239841878414,0.6905905171211116,0.4898229084616035,0.5223409422049539,0.5279187817258884,0.5882352941176471,-0.00036251004172408537,-0.0003280912060290575,-0.09519510347640549,0.9241598591857836,0.5036425449247207,0.49746192893401014,0.47058823529411764,0.0048445115223329175,0.0031251218169927597,1.2861116005818403,0.1984041161044211,0.5352112676056338,0.5228426395939086,0.5294117647058824,-0.002603510840282101,-0.0014466578140854836,-1.3329940305345598,0.18253376278397604,0.524769305488101,0.5482233502538071,0.5882352941176471,no_stable_structure,none,none,edges_minus_middle,-0.002603510840282101,-1.3329940305345598,1.3329940305345598,0.5482233502538071,0.5882352941176471,,,,,,,,,0.9849318344893566,True,448,2240,no_stable_structure,No stable monotonic or tail structure passed the descriptive rules.,0.013329940305345598
momentum|18m-0m|h5,momentum|18m-0m,momentum,18m-0m,5,"{""skip"": 0, ""window"": 378}",4181,503.0,427.0,0.9988041138483617,-0.309090909090909,0.5555555555555556,4181,0.9810869539514808,0.9840361600135237,0.010383765624759858,0.02316397987306118,1.6974939846588137,0.08960330739698295,0.5395114942528736,0.575,0.6470588235294118,5.730959525315909e-05,0.0027150665409862995,0.06012646977004062,0.9520549082688221,0.5378352490421456,0.535,0.47058823529411764,0.000484400373216499,0.0013560422812588513,1.019405613488922,0.3080104422665494,0.5421455938697318,0.535,0.5882352941176471,-0.0004270907685512894,0.0009364808793179691,-0.6276718488583001,0.5302189305155636,0.47701149425287354,0.5,0.6470588235294118,0.0004557455325283073,0.00033481442369520664,1.3308474935238872,0.1832391969613213,0.5141283524904214,0.58,0.7058823529411765,no_stable_structure,none,none,edges_minus_middle,0.0004557455325283073,1.3308474935238872,1.3308474935238872,0.58,0.7058823529411765,,,,,,,,,0.9988041138483617,True,448,2240,no_stable_structure,No stable monotonic or tail structure passed the descriptive rules.,0.013308474935238871
trend_slope|slope_100d|h42,trend_slope|slope_100d,trend_slope,slope_100d,42,"{""window"": 100}",4181,503.0,427.0,0.9899545563262377,-0.6121212121212121,0.6666666666666666,4181,0.4349376155264745,0.442326760992168,-0.015393832061546507,-0.008520670235157013,-1.1631175489438224,0.24478181295420942,0.5208987678183136,0.5050505050505051,0.6470588235294118,-6.315188628759669e-05,0.002072390168905258,-0.01233311984514993,0.990159843547208,0.48562454699202706,0.4797979797979798,0.47058823529411764,0.0028410222101692218,0.0021361391991376877,0.9476681611383915,0.34329841444023135,0.5300797294032374,0.5353535353535354,0.5294117647058824,-0.0029041740675604206,-0.0013716593384742737,-0.7917176059985392,0.428525354179755,0.5158250785213819,0.5454545454545454,0.5882352941176471,0.002872598175675295,0.002391628921031952,1.329758140742945,0.1835979717681694,0.5378110654747523,0.5303030303030303,0.5882352941176471,no_stable_structure,none,none,edges_minus_middle,0.002872598175675295,1.329758140742945,1.329758140742945,0.5303030303030303,0.5882352941176471,,,,,,,,,0.9899545563262377,True,448,2240,no_stable_structure,No stable monotonic or tail structure passed the descriptive rules.,0.01329758140742945
trend|SMA20|h252,trend|SMA20,trend,SMA20,252,"{""window"": 20}",4181,503.0,420.0,0.9397273379574265,-0.22424242424242422,0.5555555555555556,4181,0.0006974376011702084,0.003107323812966695,0.0023245613347891367,0.013654082082211971,0.3058721008378914,0.7597020288468835,0.5342326291677272,0.5212765957446809,0.5625,0.009053995415139788,0.016497233882546425,0.7119935880889074,0.4764687465380839,0.5489946551285314,0.5585106382978723,0.5625,0.016754232967192046,0.0055384561419487,1.324084599758954,0.18547494958891952,0.5255790277424282,0.5478723404255319,0.625,-0.007700237456437027,0.008256442844867706,-0.5537423411570329,0.5797551935739369,0.46754899465512856,0.4946808510638298,0.5,0.012227235224214589,0.003983408212661743,1.0472686550415036,0.29497568848773537,0.5212522270297786,0.5106382978723404,0.625,no_stable_structure,none,none,q10_minus_middle,0.016754232967192046,1.324084599758954,1.324084599758954,0.5478723404255319,0.625,,,,,,,,,0.9397273379574265,True,448,2240,no_stable_structure,No stable monotonic or tail structure passed the descriptive rules.,0.013240845997589542
short_term_reversal|reversal_5d|h126,short_term_reversal|reversal_5d,short_term_reversal,reversal_5d,126,"{""window"": 5}",4181,503.0,424.0,0.9698636689787132,0.16363636363636364,0.6666666666666666,4181,0.0019430018891590866,0.005371619486554225,0.0014070413543758186,0.00033917310065589845,0.2837213885582519,0.7766239023127449,0.5011097410604193,0.4948453608247423,0.5882352941176471,-0.0014944962293607826,-0.001141570508480072,-0.4031287954845777,0.6868534780819215,0.505055487053021,0.4948453608247423,0.4117647058823529,0.005677582820419236,-0.00027642399072647095,1.070848478633378,0.2842375649785249,0.4988902589395808,0.5309278350515464,0.5294117647058824,-0.007172079075259328,-3.9286911487579346e-05,-1.3230152891750753,0.18583029342074175,0.5001233045622688,0.4845360824742268,0.5294117647058824,0.006424830988699481,0.0022703204303979874,1.2769948232152444,0.20160407491248522,0.5260172626387176,0.5412371134020618,0.5882352941176471,no_stable_structure,none,none,middle_minus_q1,-0.007172079075259328,-1.3230152891750753,1.3230152891750753,0.4845360824742268,0.5294117647058824,,,,,,,,,0.9698636689787132,True,448,2240,no_stable_structure,No stable monotonic or tail structure passed the descriptive rules.,0.013230152891750753
momentum|3m-0m|h63,momentum|3m-0m,momentum,3m-0m,63,"{""skip"": 0, ""window"": 63}",4181,503.0,426.0,0.9849318344893566,-0.41818181818181815,0.7777777777777778,4181,-0.015352376016652345,-0.009584247108019403,-0.011819335893285727,-0.0058629740960896015,-0.8565873675544606,0.39167296957774356,0.5152986886838271,0.5228426395939086,0.5294117647058824,0.00027176210413047577,-0.0008035842329263687,0.04102932977957763,0.9672725137602136,0.4936862554638174,0.49238578680203043,0.4117647058823529,0.004054653500094254,0.0020389072597026825,0.9875654513864346,0.3233655133998917,0.5228266148615833,0.5329949238578681,0.47058823529411764,-0.0037828914169894937,-0.0030955038964748383,-0.7941534944421009,0.42710607841591397,0.5259834871296746,0.5482233502538071,0.47058823529411764,0.003918772462951974,0.0027939770370721817,1.3206063004449609,0.18663267097560154,0.5327829043224867,0.5685279187817259,0.5294117647058824,no_stable_structure,none,none,edges_minus_middle,0.003918772462951974,1.3206063004449609,1.3206063004449609,0.5685279187817259,0.5294117647058824,,,,,,,,,0.9849318344893566,True,448,2240,no_stable_structure,No stable monotonic or tail structure passed the descriptive rules.,0.013206063004449608
trend_slope|slope_100d|h126,trend_slope|slope_100d,trend_slope,slope_100d,126,"{""window"": 100}",4181,503.0,424.0,0.9698636689787132,-0.28484848484848485,0.5555555555555556,4181,0.008153911087237781,0.02272737034422575,0.004372708376569586,0.013844766654074192,0.2863116415598843,0.7746394425077786,0.5361282367447595,0.520618556701031,0.5882352941176471,0.013166682937029753,0.011248499155044556,0.9620666950836608,0.33601610258308556,0.5573366214549939,0.5721649484536082,0.5882352941176471,0.012409861847808821,0.008588112890720367,1.3201161014217218,0.18679625770142017,0.5593094944512947,0.5618556701030928,0.6470588235294118,0.0007568211242173019,0.003638133406639099,0.0878535161980078,0.9299931023842287,0.5225647348951912,0.5154639175257731,0.5882352941176471,0.005826520378920726,0.0030862679705023766,0.9924693342081193,0.32096863143272325,0.5334155363748458,0.5360824742268041,0.6470588235294118,no_stable_structure,none,none,q10_minus_middle,0.012409861847808821,1.3201161014217218,1.3201161014217218,0.5618556701030928,0.6470588235294118,,,,,,,,,0.9698636689787132,True,448,2240,no_stable_structure,No stable monotonic or tail structure passed the descriptive rules.,0.013201161014217217
price_volume_confirmation|pvc_6m_1m_liq5_60|h5,price_volume_confirmation|pvc_6m_1m_liq5_60,price_volume_confirmation,pvc_6m_1m_liq5_60,5,"{""confirmation_strength"": 0.25, ""liquidity_clip"": 2, ""long_window"": 60, ""short_window"": 5, ""skip"": 21, ""window"": 126}",4181,503.0,429.0,0.9988041138483617,-0.34545454545454546,0.5555555555555556,4181,0.9290712831767893,0.9346958850355286,0.0037938285143483664,0.010304642375558615,0.6480291768907701,0.5169660793214681,0.5179597701149425,0.555,0.6470588235294118,4.581176546003966e-05,0.0017401108052581549,0.0557556980508855,0.955536427843014,0.5325670498084292,0.51,0.5882352941176471,0.00039828710894207307,0.0008161431178450584,0.891879551364842,0.3724574961871723,0.5253831417624522,0.515,0.5882352941176471,-0.0003524753373926005,0.0005814749747514725,-0.6426023207475217,0.5204821768240295,0.48060344827586204,0.5,0.5882352941176471,0.0003753812130121838,0.00021548460063058883,1.3159720198900873,0.18818343405585403,0.5110153256704981,0.495,0.6470588235294118,no_stable_structure,none,none,edges_minus_middle,0.0003753812130121838,1.3159720198900873,1.3159720198900873,0.495,0.6470588235294118,,,,,,,,,0.9988041138483617,True,448,2240,no_stable_structure,No stable monotonic or tail structure passed the descriptive rules.,0.013159720198900873
short_term_reversal|reversal_21d|h252,short_term_reversal|reversal_21d,short_term_reversal,reversal_21d,252,"{""window"": 21}",4181,503.0,420.0,0.9397273379574265,0.34545454545454546,0.6666666666666666,4181,-0.00036291480682028586,0.0034302499812512554,-0.0032654506052528314,-0.011356850154697895,-0.3746927209011302,0.7078890064142918,0.5314329345889539,0.5159574468085106,0.5625,-0.009707750971058086,-0.019764989614486694,-0.7151383764227763,0.4745235425980803,0.5589208449987274,0.5638297872340425,0.5,0.00717282109676613,-0.010775469243526459,0.48579230274810475,0.6271144322562874,0.4538050394502418,0.44148936170212766,0.5,-0.016880571996327608,-0.007036089897155762,-1.3145988744342483,0.1886447486104209,0.534741664545686,0.5106382978723404,0.625,0.012026696714206858,0.003679320216178894,0.9974511986631959,0.3185455504092277,0.5184525324510053,0.526595744680851,0.5625,no_stable_structure,none,none,middle_minus_q1,-0.016880571996327608,-1.3145988744342483,1.3145988744342483,0.5106382978723404,0.625,,,,,,,,,0.9397273379574265,True,448,2240,no_stable_structure,No stable monotonic or tail structure passed the descriptive rules.,0.013145988744342483
volatility_scaled_momentum|vsmom_6m_1m_vol60|h126,volatility_scaled_momentum|vsmom_6m_1m_vol60,volatility_scaled_momentum,vsmom_6m_1m_vol60,126,"{""skip"": 21, ""volatility_window"": 60, ""window"": 126}",4181,503.0,424.0,0.9698636689787132,0.18787878787878787,0.6666666666666666,4181,0.02357013967747102,0.027426841560657438,0.01658409754367667,0.024333737790584564,0.9477998021422392,0.3432313812852772,0.5637484586929716,0.5721649484536082,0.5882352941176471,0.014742032554156794,0.01395600289106369,1.0700991620809428,0.28457467625678223,0.5686806411837237,0.5567010309278351,0.5882352941176471,0.004693436050777807,0.0061994194984436035,0.6020858188009912,0.547117013705269,0.5533908754623921,0.5773195876288659,0.5294117647058824,0.010048596455994648,0.009173251688480377,1.3059134611860288,0.19158198832586237,0.5709001233045623,0.5876288659793815,0.5882352941176471,-0.002677580147221427,-0.002424687147140503,-0.7561058575177677,0.44958573031926563,0.5331689272503083,0.5103092783505154,0.4117647058823529,no_stable_structure,none,none,middle_minus_q1,0.010048596455994648,1.3059134611860288,1.3059134611860288,0.5876288659793815,0.5882352941176471,,,,,,,,,0.9698636689787132,True,448,2240,no_stable_structure,No stable monotonic or tail structure passed the descriptive rules.,0.013059134611860288
liquidity_change|liq_20d_252d|h1,liquidity_change|liq_20d_252d,liquidity_change,liq_20d_252d,1,"{""long_window"": 252, ""short_window"": 20}",4181,503.0,429.0,0.9997608227696724,-0.4666666666666666,0.6666666666666666,4181,0.9885237326690551,0.9897873906681613,0.00016450112917330294,0.0013668863102793694,0.09578472502664903,0.9236915492362818,0.5059808612440191,0.52,0.5882352941176471,-5.324230623085043e-05,0.00013001522165723145,-0.42749156012925044,0.6690213311144048,0.4916267942583732,0.51,0.5294117647058824,4.871563868658142e-05,0.0001395100262016058,0.5463030381798039,0.5848576481737469,0.5153110047846889,0.49,0.5882352941176471,-0.00010195794878343708,-5.1443930715322495e-06,-1.2670533757389744,0.20513620519732234,0.5004784688995215,0.55,0.7058823529411765,7.533678507261618e-05,0.0001210591581184417,1.3044253310382055,0.19208860305543496,0.5184210526315789,0.55,0.7058823529411765,no_stable_structure,none,none,edges_minus_middle,7.533678507261618e-05,1.3044253310382055,1.3044253310382055,0.55,0.7058823529411765,,,,,,,,,0.9997608227696724,True,448,2240,no_stable_structure,No stable monotonic or tail structure passed the descriptive rules.,0.013044253310382054
trend|SMA50|h10,trend|SMA50,trend,SMA50,10,"{""window"": 50}",4181,503.0,428.0,0.9976082276967233,-0.7939393939393938,0.6666666666666666,4181,0.6706108083500797,0.6862020517629105,-0.010510839355537442,-0.00417267344892025,-1.6067263495141382,0.10811441079205102,0.5094701510429154,0.565,0.7058823529411765,-0.0012093846404649677,-0.00013769418001174927,-0.9043302522709651,0.3658203099795674,0.5017981299448574,0.58,0.4117647058823529,1.2424057806180881e-05,0.0007461197674274445,0.01661562392943874,0.9867432601858876,0.518340925437545,0.51,0.47058823529411764,-0.00122180870364046,-0.0005218219012022018,-1.302398945394945,0.1927800429173353,0.5121074082953728,0.595,0.6470588235294118,0.0006171163972411921,0.0004101637750864029,1.1822274808682678,0.23711545133265588,0.5133061615919444,0.53,0.5882352941176471,no_stable_structure,none,none,middle_minus_q1,-0.00122180870364046,-1.302398945394945,1.302398945394945,0.595,0.6470588235294118,,,,,,,,,0.9976082276967233,True,448,2240,no_stable_structure,No stable monotonic or tail structure passed the descriptive rules.,0.013023989453949449
trend_slope|slope_200d|h63,trend_slope|slope_200d,trend_slope,slope_200d,63,"{""window"": 200}",4181,503.0,425.0,0.9849318344893566,0.4545454545454545,0.4444444444444444,4181,0.628991904165495,0.6469642558212754,0.008942337122322242,0.02164477575570345,0.5582247939934402,0.5766908921898933,0.5636231180184555,0.5736040609137056,0.5882352941176471,0.007005619744054662,0.007760939653962851,0.7601509118180143,0.44716438329216457,0.5502671199611462,0.5380710659898477,0.5882352941176471,0.0062623190338600785,0.004562515765428543,1.2923923500192143,0.19622130461845955,0.5415250121418164,0.5532994923857868,0.47058823529411764,0.000743300667054763,0.0018685264512896538,0.10978078498572565,0.9125832302850234,0.5174842156386595,0.5076142131979695,0.47058823529411764,0.0027595092757320507,0.004241907969117165,0.753077968843675,0.4514030624702252,0.5415250121418164,0.5532994923857868,0.6470588235294118,no_stable_structure,none,none,q10_minus_middle,0.0062623190338600785,1.2923923500192143,1.2923923500192143,0.5532994923857868,0.47058823529411764,,,,,,,,,0.9849318344893566,True,448,2240,no_stable_structure,No stable monotonic or tail structure passed the descriptive rules.,0.012923923500192143
trend|SMA100|h42,trend|SMA100,trend,SMA100,42,"{""window"": 100}",4181,503.0,427.0,0.9899545563262377,-0.709090909090909,0.5555555555555556,4181,0.3679898091128472,0.377753465948812,-0.014091397849726604,-0.005342312157154083,-1.1291393931952416,0.25883903565998434,0.5095433679632762,0.5303030303030303,0.6470588235294118,-0.0009605927074252236,0.0020189285278320312,-0.18922155586439907,0.8499191737028381,0.4865909640009664,0.5252525252525253,0.5294117647058824,0.0022973934254075998,0.0032875798642635345,0.7780386012131193,0.4365462570665988,0.5448175887895627,0.5202020202020202,0.5294117647058824,-0.0032579861507071738,-0.0025848746299743652,-0.8875271047027677,0.3747951799984184,0.5252476443585407,0.5606060606060606,0.5294117647058824,0.0027776898123305018,0.0025813188403844833,1.287530725616895,0.19790936731497488,0.5426431505194491,0.5656565656565656,0.5294117647058824,no_stable_structure,none,none,edges_minus_middle,0.0027776898123305018,1.287530725616895,1.287530725616895,0.5656565656565656,0.5294117647058824,,,,,,,,,0.9899545563262377,True,448,2240,no_stable_structure,No stable monotonic or tail structure passed the descriptive rules.,0.012875307256168951
momentum|18m-2m|h21,momentum|18m-2m,momentum,18m-2m,21,"{""skip"": 42, ""window"": 378}",4181,503.0,426.0,0.9949772781631189,0.12727272727272726,0.5555555555555556,4181,0.9184178420093837,0.9286055559193099,0.009894730773528584,0.024512147530913353,0.8773036973195455,0.38032170454902803,0.5444711538461539,0.5376884422110553,0.5882352941176471,0.0016532549115884018,0.004185116151347756,0.4859438669603099,0.6270069652237164,0.5403846153846154,0.5577889447236181,0.47058823529411764,0.002195553255142631,0.0024048127233982086,1.2867063461684605,0.19819666029253868,0.540625,0.5477386934673367,0.5294117647058824,-0.0005422983528415688,0.0016424376517534256,-0.2155743813529341,0.8293195269797371,0.48173076923076924,0.46733668341708545,0.5882352941176471,0.0013689257751488746,0.0007256015669554472,1.0419058468783846,0.29745533308680594,0.5144230769230769,0.5175879396984925,0.7058823529411765,no_stable_structure,none,none,q10_minus_middle,0.002195553255142631,1.2867063461684605,1.2867063461684605,0.5477386934673367,0.5294117647058824,,,,,,,,,0.9949772781631189,True,448,2240,no_stable_structure,No stable monotonic or tail structure passed the descriptive rules.,0.012867063461684605
momentum|24m-0m|h63,momentum|24m-0m,momentum,24m-0m,63,"{""skip"": 0, ""window"": 504}",4181,503.0,423.0,0.9849318344893566,-0.6121212121212121,0.6666666666666666,4181,0.838364516395982,0.8574679999969278,-0.009931177719014868,0.010959149338304996,-0.5079624303142231,0.6114796909841954,0.48081593006313744,0.4873096446700508,0.47058823529411764,-0.0022072355442053055,0.00034478725865483284,-0.22474366408494495,0.8221786943768992,0.49878581835842645,0.49238578680203043,0.47058823529411764,0.003603626162327343,0.005373004823923111,0.7447767498902002,0.45640669251334554,0.546138902379796,0.5685279187817259,0.5882352941176471,-0.005810861699330899,0.0004115616902709007,-0.8051946590758714,0.4207073580404147,0.4968431277319087,0.49238578680203043,0.6470588235294118,0.0047072439097504,0.005054846405982971,1.2749048776989151,0.20234291242879132,0.554638173870811,0.5583756345177665,0.5882352941176471,no_stable_structure,none,none,edges_minus_middle,0.0047072439097504,1.2749048776989151,1.2749048776989151,0.5583756345177665,0.5882352941176471,,,,,,,,,0.9849318344893566,True,448,2240,no_stable_structure,No stable monotonic or tail structure passed the descriptive rules.,0.01274904877698915
momentum|18m-2m|h5,momentum|18m-2m,momentum,18m-2m,5,"{""skip"": 42, ""window"": 378}",4181,503.0,427.0,0.9988041138483617,0.12727272727272726,0.4444444444444444,4181,0.9789890897923379,0.9818091570317161,0.01343994609355858,0.022482804022729397,2.248674868479483,0.024533189237809668,0.5459770114942529,0.58,0.7058823529411765,0.0004694382001630698,0.002313623670488596,0.5394298468440336,0.5895902910892636,0.5414272030651341,0.54,0.47058823529411764,0.0006071659638381653,0.00114430021494627,1.2743681716993114,0.20253296675859433,0.5337643678160919,0.54,0.5882352941176471,-0.00013772777363075205,0.0007955493056215346,-0.22436944458558317,0.8224698443019081,0.48204022988505746,0.48,0.5294117647058824,0.0003724468351615594,0.0003168904222548008,1.110083680141074,0.2669629690214155,0.5119731800766284,0.53,0.7058823529411765,no_stable_structure,none,none,q10_minus_middle,0.0006071659638381653,1.2743681716993114,1.2743681716993114,0.54,0.5882352941176471,,,,,,,,,0.9988041138483617,True,448,2240,no_stable_structure,No stable monotonic or tail structure passed the descriptive rules.,0.012743681716993114
trend|SMA100|h252,trend|SMA100,trend,SMA100,252,"{""window"": 100}",4181,503.0,419.0,0.9397273379574265,-0.2606060606060606,0.6666666666666666,4181,-0.0016712492745425541,0.0032785584487160925,0.004937725970486542,0.018651215359568596,0.29112038878080704,0.7709592469457538,0.5500127258844489,0.5372340425531915,0.5625,0.005301665123209564,0.020925208926200867,0.22826169575190766,0.8194428008762457,0.5563756681089336,0.5478723404255319,0.5625,0.016406835531687886,0.013537734746932983,1.2737574965346088,0.20274937265122372,0.5614660218885212,0.574468085106383,0.4375,-0.011105170515293602,0.004438482224941254,-0.5469462662263243,0.5844156486954966,0.4833290913718503,0.48404255319148937,0.4375,0.013756002967757168,0.009840264916419983,1.1077132411930826,0.26798567900544945,0.5568847034868923,0.5797872340425532,0.5625,no_stable_structure,none,none,q10_minus_middle,0.016406835531687886,1.2737574965346088,1.2737574965346088,0.574468085106383,0.4375,,,,,,,,,0.9397273379574265,True,448,2240,no_stable_structure,No stable monotonic or tail structure passed the descriptive rules.,0.012737574965346088
high_proximity|high_18m|h42,high_proximity|high_18m,high_proximity,high_18m,42,"{""window"": 378}",4181,503.0,425.0,0.9899545563262377,-0.8666666666666665,0.5555555555555556,4181,0.6740293277512507,0.6975159558546677,-0.004366834471889048,0.002459118142724037,-0.2612458660584461,0.7939029098394874,0.49601352983812513,0.51010101010101,0.5294117647058824,-0.0042967546446280175,0.0007599890232086182,-0.6114937345877821,0.5408727649517422,0.4943594885936325,0.5151515151515151,0.47058823529411764,-0.0028951647750818277,0.00016624480485916138,-1.2714886955596134,0.2035548465304131,0.49786914013537226,0.5353535353535354,0.7058823529411765,-0.0011690219938896792,0.0022886618971824646,-0.2130830702674136,0.8312621693862996,0.4829669002174438,0.47474747474747475,0.47058823529411764,-0.0007467874832214136,-0.0011625289916992188,-0.3048917485720192,0.7604486004367881,0.5181749811982953,0.5202020202020202,0.5882352941176471,no_stable_structure,none,none,q10_minus_middle,-0.0028951647750818277,-1.2714886955596134,1.2714886955596134,0.5353535353535354,0.7058823529411765,,,,,,,,,0.9899545563262377,True,448,2240,no_stable_structure,No stable monotonic or tail structure passed the descriptive rules.,0.012714886955596133
trend|SMA150|h126,trend|SMA150,trend,SMA150,126,"{""window"": 150}",4181,503.0,424.0,0.9698636689787132,-0.406060606060606,0.6666666666666666,4181,0.04340469115981147,0.06689145555405375,0.0061312440137366595,0.01901961863040924,0.3724356235996907,0.7095685347092511,0.5447595561035758,0.5360824742268041,0.5882352941176471,0.010037790773305513,0.012684416025876999,0.6628430021453466,0.507431109427932,0.5499383477188656,0.5309278350515464,0.47058823529411764,0.011643377542507211,0.005587317049503326,1.2703844865637512,0.20394770651934402,0.5331689272503083,0.5567010309278351,0.5882352941176471,-0.0016055866955629057,0.0005861315876245499,-0.14856212042409372,0.8818991647611675,0.4942046855733662,0.5103092783505154,0.4117647058823529,0.006624482154189327,0.0034723253920674324,1.0094000769432427,0.3127828015748889,0.5292231812577065,0.5051546391752577,0.5294117647058824,no_stable_structure,none,none,q10_minus_middle,0.011643377542507211,1.2703844865637512,1.2703844865637512,0.5567010309278351,0.5882352941176471,,,,,,,,,0.9698636689787132,True,448,2240,no_stable_structure,No stable monotonic or tail structure passed the descriptive rules.,0.012703844865637512
high_proximity|high_12m|h1,high_proximity|high_12m,high_proximity,high_12m,1,"{""window"": 252}",4181,503.0,429.0,0.9997608227696724,-0.8787878787878788,0.7777777777777778,4181,0.9757720642798062,0.9825299884521489,0.006494959789189303,0.01569499121978879,1.7752768605897304,0.07585218416073632,0.5289473684210526,0.56,0.5882352941176471,-0.0003284901357846399,0.00046004471369087696,-1.2698803552378284,0.20412725177054303,0.48086064548411306,0.525,0.7058823529411765,-0.00012530400557475538,0.0001575164496898651,-1.1442388554698006,0.2525245931518493,0.4851138353765324,0.48,0.7058823529411765,-0.00016832982620105155,0.0001775684067979455,-0.9489959641110053,0.3426226647380096,0.4916267942583732,0.54,0.5294117647058824,3.894107391049329e-05,9.601586498320103e-06,0.494403146988534,0.6210214919316475,0.500875656742557,0.545,0.5294117647058824,no_stable_structure,none,none,q10_minus_q1,-0.0003284901357846399,-1.2698803552378284,1.2698803552378284,0.525,0.7058823529411765,,,,,,,,,0.9997608227696724,True,448,2240,no_stable_structure,No stable monotonic or tail structure passed the descriptive rules.,0.012698803552378284
momentum|24m-0m|h126,momentum|24m-0m,momentum,24m-0m,126,"{""skip"": 0, ""window"": 504}",4181,503.0,422.0,0.9698636689787132,-0.5757575757575757,0.5555555555555556,4155,0.6908751943647844,0.7226921369316996,-0.015019529440266225,0.01935308612883091,-0.5554707823442542,0.5785726894882918,0.4668310727496917,0.44329896907216493,0.5294117647058824,-0.005462502884539591,0.009687947109341621,-0.2600892849749163,0.7947949029360707,0.47102342786683105,0.4948453608247423,0.5294117647058824,0.0063963927055563224,0.010015882551670074,0.6867464444526101,0.4922425238104299,0.5509247842170161,0.5463917525773195,0.47058823529411764,-0.011858895722728276,-0.005711959674954414,-0.7693990613161168,0.44165644567350115,0.5257706535141801,0.5309278350515464,0.5882352941176471,0.009127644275897327,0.008893981575965881,1.2671945047538444,0.20508575021099218,0.5871763255240444,0.5927835051546392,0.6470588235294118,no_stable_structure,none,none,edges_minus_middle,0.009127644275897327,1.2671945047538444,1.2671945047538444,0.5927835051546392,0.6470588235294118,,,,,,,,,0.9698636689787132,True,448,2240,no_stable_structure,No stable monotonic or tail structure passed the descriptive rules.,0.012671945047538444
momentum|6m-1m|h10,momentum|6m-1m,momentum,6m-1m,10,"{""skip"": 21, ""window"": 126}",4181,503.0,428.0,0.9976082276967233,-0.6242424242424242,0.7777777777777778,4181,0.8834305724989182,0.8935450182977178,-0.003156866675406903,0.003731031669303775,-0.40430565271352287,0.6859879692321291,0.493886358187485,0.485,0.47058823529411764,-0.0004951925644873448,0.0014166133478283882,-0.3303829423181028,0.74111062867412,0.48213857588108366,0.47,0.5294117647058824,0.0004458788713516551,0.0015518376603722572,0.5352636870354357,0.5924675327004754,0.5317669623591464,0.56,0.6470588235294118,-0.000941071438462601,4.576146602630615e-05,-0.9273100650713997,0.35376556998258657,0.49844162071445697,0.5,0.6470588235294118,0.0006934751716604958,0.0006366251036524773,1.2655419675121051,0.20567711411419787,0.5209781826900024,0.485,0.6470588235294118,no_stable_structure,none,none,edges_minus_middle,0.0006934751716604958,1.2655419675121051,1.2655419675121051,0.485,0.6470588235294118,,,,,,,,,0.9976082276967233,True,448,2240,no_stable_structure,No stable monotonic or tail structure passed the descriptive rules.,0.01265541967512105
high_proximity|high_18m|h63,high_proximity|high_18m,high_proximity,high_18m,63,"{""window"": 378}",4181,503.0,425.0,0.9849318344893566,-0.8787878787878788,0.6666666666666666,4181,0.5887525277843381,0.6022517586225067,-0.0022993497217874835,0.004821039270609617,-0.11850695734894669,0.9056659827764922,0.4905293831957261,0.49746192893401014,0.47058823529411764,-0.0037196103410737594,-0.002339240163564682,-0.37160756005972084,0.7101850594673254,0.5110887096774194,0.5380710659898477,0.47058823529411764,-0.00385239254284252,-0.0009079156443476677,-1.2631695626109383,0.20652824888472765,0.5083165322580645,0.5380710659898477,0.7058823529411765,0.0003124162526654791,-0.0013961452059447765,0.03896773546566588,0.9689161124346055,0.4924720738222438,0.467005076142132,0.5882352941176471,-0.001992587391214329,-0.001422019675374031,-0.5442914576678753,0.5862409243440005,0.522429435483871,0.5126903553299492,0.6470588235294118,no_stable_structure,none,none,q10_minus_middle,-0.00385239254284252,-1.2631695626109383,1.2631695626109383,0.5380710659898477,0.7058823529411765,,,,,,,,,0.9849318344893566,True,448,2240,no_stable_structure,No stable monotonic or tail structure passed the descriptive rules.,0.012631695626109383
high_proximity|high_18m|h1,high_proximity|high_18m,high_proximity,high_18m,1,"{""window"": 378}",4181,503.0,427.0,0.9997608227696724,-0.8424242424242423,0.6666666666666666,4181,0.980074060041075,0.9859649857755246,0.007452121421294448,0.016305793076753616,2.023256515744103,0.04304670760492295,0.5279904306220096,0.55,0.6470588235294118,-0.00031134397417659904,0.0003423765301704407,-1.215580699349958,0.22414469017086436,0.4861042183622829,0.525,0.7058823529411765,-0.00013735785322758096,0.00016584215336479247,-1.2528247225305407,0.21026950229615038,0.4813895781637717,0.495,0.7647058823529411,-0.00015946468067871804,0.00012139882892370224,-0.9037463783279603,0.36612990068359197,0.49401913875598086,0.54,0.5882352941176471,1.8314148125567453e-05,-1.3088341802358627e-05,0.23366142777408846,0.8152478350121911,0.4995037220843672,0.51,0.5294117647058824,no_stable_structure,none,none,q10_minus_middle,-0.00013735785322758096,-1.2528247225305407,1.2528247225305407,0.495,0.7647058823529411,,,,,,,,,0.9997608227696724,True,448,2240,no_stable_structure,No stable monotonic or tail structure passed the descriptive rules.,0.012528247225305407
residual_momentum|resmom_6m_1m|h63,residual_momentum|resmom_6m_1m,residual_momentum,resmom_6m_1m,63,"{""skip"": 21, ""window"": 126}",4181,503.0,419.0,0.9849318344893566,-0.18787878787878787,0.6666666666666666,4181,0.3647380989734588,0.38294158317536564,-0.0012380372903424994,0.012314509600400925,-0.09641868315254527,0.9231880542437585,0.46891694997571637,0.4416243654822335,0.4117647058823529,0.0057845060958858574,0.005275266245007515,0.9012632717799408,0.3674483569231404,0.5332685769791161,0.5279187817258884,0.5882352941176471,0.005273939156616464,0.0026504509150981903,1.2516065261926552,0.21071327536685625,0.5267119961146187,0.5532994923857868,0.6470588235294118,0.0005105669648465581,-0.00180806964635849,0.10658468258509723,0.9151184708815238,0.4849441476444876,0.4619289340101523,0.6470588235294118,0.00238168605781604,0.0029358677566051483,0.7511811043414496,0.4525436704357475,0.5349684312773191,0.5431472081218274,0.5294117647058824,no_stable_structure,none,none,q10_minus_middle,0.005273939156616464,1.2516065261926552,1.2516065261926552,0.5532994923857868,0.6470588235294118,,,,,,,,,0.9849318344893566,True,448,2240,no_stable_structure,No stable monotonic or tail structure passed the descriptive rules.,0.012516065261926551
momentum|3m-1m|h63,momentum|3m-1m,momentum,3m-1m,63,"{""skip"": 21, ""window"": 63}",4181,503.0,426.0,0.9849318344893566,-0.3939393939393939,0.7777777777777778,4181,-0.008205238288735813,0.0011345385660412172,-0.006950772823779196,-0.001605479046702385,-0.551948093805278,0.5809839163891934,0.5021855269548324,0.47715736040609136,0.5294117647058824,0.0014582887753724848,0.00031580403447151184,0.2509490719625284,0.8018534840721343,0.5019426906265178,0.5380710659898477,0.5294117647058824,0.004410548902147473,0.0025726323947310448,1.205542323792681,0.2279940094386388,0.5245264691597863,0.5380710659898477,0.5294117647058824,-0.002952260138337365,0.000453948974609375,-0.6463516264277493,0.5180516605552563,0.49465760077707627,0.48223350253807107,0.29411764705882354,0.003681404507478573,0.002402693033218384,1.24942772049733,0.2115086747684689,0.531568722680913,0.5380710659898477,0.5294117647058824,no_stable_structure,none,none,edges_minus_middle,0.003681404507478573,1.24942772049733,1.24942772049733,0.5380710659898477,0.5294117647058824,,,,,,,,,0.9849318344893566,True,448,2240,no_stable_structure,No stable monotonic or tail structure passed the descriptive rules.,0.0124942772049733
momentum|3m-1m|h42,momentum|3m-1m,momentum,3m-1m,42,"{""skip"": 21, ""window"": 63}",4181,503.0,427.0,0.9899545563262377,-0.2727272727272727,0.7777777777777778,4181,-0.013487534113284357,-0.0049878775252783555,-0.0069233704284651565,0.0015245095128193498,-0.5780582737761212,0.5632247768651376,0.49528871708142064,0.4898989898989899,0.5294117647058824,0.00024292552538236815,-0.0007859468460083008,0.054591729899663835,0.9564637275187713,0.49456390432471614,0.51010101010101,0.5882352941176471,0.0027255335051812077,0.003337658941745758,0.9651574083911733,0.33446597624831453,0.5402271079971007,0.5454545454545454,0.5882352941176471,-0.002482607991443184,-0.0004410967230796814,-0.7603552837864114,0.4470422445086145,0.5047112829185794,0.51010101010101,0.6470588235294118,0.0026040706968970696,0.0012845732271671295,1.2460828741412504,0.21273397147744644,0.5196907465571394,0.5202020202020202,0.5294117647058824,no_stable_structure,none,none,edges_minus_middle,0.0026040706968970696,1.2460828741412504,1.2460828741412504,0.5202020202020202,0.5294117647058824,,,,,,,,,0.9899545563262377,True,448,2240,no_stable_structure,No stable monotonic or tail structure passed the descriptive rules.,0.012460828741412504
momentum|9m-1m|h1,momentum|9m-1m,momentum,9m-1m,1,"{""skip"": 21, ""window"": 189}",4181,503.0,429.0,0.9997608227696724,0.10303030303030303,0.5555555555555556,4181,0.9916930835955448,0.9927413164970217,0.011788100399099636,0.01619932148605585,3.3412085486511387,0.0008341454179852949,0.5327751196172249,0.62,0.8823529411764706,6.477720527555994e-05,0.0007174169877544045,0.2783521812365192,0.7807420233033833,0.5322966507177034,0.525,0.47058823529411764,0.0001328722156023631,0.0004136383067816496,1.0052619177009723,0.31477074738677846,0.5358851674641149,0.56,0.6470588235294118,-6.809501601527913e-05,0.0002779698115773499,-0.4522733024287812,0.6510721064878864,0.4851674641148325,0.525,0.5882352941176471,0.00010048362507261214,0.0001645631855353713,1.2434340176209828,0.21370794131713855,0.5172248803827751,0.555,0.7058823529411765,no_stable_structure,none,none,edges_minus_middle,0.00010048362507261214,1.2434340176209828,1.2434340176209828,0.555,0.7058823529411765,,,,,,,,,0.9997608227696724,True,448,2240,no_stable_structure,No stable monotonic or tail structure passed the descriptive rules.,0.012434340176209828
residual_momentum|resmom_6m_1m|h10,residual_momentum|resmom_6m_1m,residual_momentum,resmom_6m_1m,10,"{""skip"": 21, ""window"": 126}",4181,503.0,422.0,0.9976082276967233,-0.5878787878787878,0.7777777777777778,4181,0.8829015873980723,0.8932667705305937,-0.0027233165529038216,0.0025334968231618404,-0.35329732592674995,0.7238655500421358,0.494605610165428,0.48,0.5294117647058824,-0.0002621773998968677,0.0015976093709468842,-0.1800790618101897,0.8570905001406895,0.48189882522176936,0.51,0.47058823529411764,0.000539768893315002,0.0013586245477199554,0.6817968446799227,0.49536741974615905,0.5322464636777751,0.56,0.5882352941176471,-0.0008019463266627838,0.00019996240735054016,-0.7955574950315417,0.4262892802733794,0.49628386478062814,0.485,0.5882352941176471,0.0006708575742283724,0.0006267651915550232,1.2424700863494509,0.21406317071205871,0.521457684008631,0.505,0.6470588235294118,no_stable_structure,none,none,edges_minus_middle,0.0006708575742283724,1.2424700863494509,1.2424700863494509,0.505,0.6470588235294118,,,,,,,,,0.9976082276967233,True,448,2240,no_stable_structure,No stable monotonic or tail structure passed the descriptive rules.,0.012424700863494509
momentum|9m-1m|h126,momentum|9m-1m,momentum,9m-1m,126,"{""skip"": 21, ""window"": 189}",4181,503.0,423.0,0.9698636689787132,0.3696969696969697,0.6666666666666666,4181,0.2394275581603945,0.26531653183311116,0.0158552848982728,0.021778397262096405,0.685328626882697,0.493136571304005,0.5570900123304562,0.5721649484536082,0.5882352941176471,0.014466581178505236,0.01650042086839676,0.7278094512132097,0.4667302381897187,0.5728729963008631,0.5927835051546392,0.5294117647058824,0.012279673277098415,0.006884567439556122,1.2417873441979435,0.21431503340005986,0.5422934648581997,0.5515463917525774,0.5294117647058824,0.0021869077768381204,0.009916886687278748,0.15185137595060424,0.8793041597996687,0.5607891491985203,0.5773195876288659,0.5882352941176471,0.0050463827804612905,0.0015092194080352783,0.6878462551497792,0.4915496043075155,0.5102342786683107,0.5309278350515464,0.5882352941176471,no_stable_structure,none,none,q10_minus_middle,0.012279673277098415,1.2417873441979435,1.2417873441979435,0.5515463917525774,0.5294117647058824,,,,,,,,,0.9698636689787132,True,448,2240,no_stable_structure,No stable monotonic or tail structure passed the descriptive rules.,0.012417873441979435
low_volatility|60d|h1,low_volatility|60d,low_volatility,60d,1,"{""window"": 60}",4181,503.0,429.0,0.9997608227696724,-0.9030303030303028,0.6666666666666666,4181,0.9948179364751926,0.9967366207627075,0.005422650222000515,0.006565559189766645,1.3281864971417272,0.1841165040285757,0.508133971291866,0.57,0.7058823529411765,-0.0002904468527823769,-0.0002945342566817999,-1.1066872580591216,0.26842916625327295,0.5114832535885168,0.53,0.6470588235294118,-6.760752213881133e-05,-0.00014589400961995125,-0.619342432871868,0.535690796271327,0.5102870813397129,0.525,0.7058823529411765,-0.000222839335147305,-0.00024241115897893906,-1.2391808121079941,0.21527854482106412,0.5107655502392344,0.58,0.5882352941176471,7.761590212442061e-05,3.1395116820931435e-05,1.107962726851444,0.26787791350432877,0.5038277511961723,0.53,0.5294117647058824,no_stable_structure,none,none,middle_minus_q1,-0.000222839335147305,-1.2391808121079941,1.2391808121079941,0.58,0.5882352941176471,,,,,,,,,0.9997608227696724,True,448,2240,no_stable_structure,No stable monotonic or tail structure passed the descriptive rules.,0.012391808121079942
momentum|9m-0m|h10,momentum|9m-0m,momentum,9m-0m,10,"{""skip"": 0, ""window"": 189}",4181,503.0,428.0,0.9976082276967233,0.18787878787878787,0.6666666666666666,4181,0.934272252763937,0.941711666271066,0.004334962879112696,0.017413731664419174,0.5080365092501282,0.6114277396113936,0.533684967633661,0.57,0.5294117647058824,2.9842894648482433e-05,0.0025537596084177494,0.016995042889941685,0.9864405704027678,0.5288899544473747,0.53,0.47058823529411764,0.0007854877333898629,0.0022426582872867584,0.9166461806441246,0.359328076685243,0.5543035243346919,0.575,0.6470588235294118,-0.0007556448180665664,0.0010185856372117996,-0.5999201960646454,0.5485594220427646,0.47998081994725483,0.495,0.5294117647058824,0.0007705662992603816,0.0010827528312802315,1.2346004600544382,0.2169792377112979,0.5356029729081755,0.545,0.6470588235294118,no_stable_structure,none,none,edges_minus_middle,0.0007705662992603816,1.2346004600544382,1.2346004600544382,0.545,0.6470588235294118,,,,,,,,,0.9976082276967233,True,448,2240,no_stable_structure,No stable monotonic or tail structure passed the descriptive rules.,0.012346004600544382
momentum|18m-0m|h252,momentum|18m-0m,momentum,18m-0m,252,"{""skip"": 0, ""window"": 378}",4181,503.0,418.0,0.9397273379574265,-0.6484848484848483,0.7777777777777778,4130,0.26103616215304587,0.28971496967125016,-0.016515620714477087,0.010331356897950172,-0.5164749564403099,0.6055227257296474,0.4718757953677781,0.4787234042553192,0.375,-0.01121233362651419,0.005350321531295776,-0.306044070604871,0.7595710910785921,0.4843471621277679,0.4734042553191489,0.375,0.012679374361726945,-0.0007943212985992432,0.8375945009870701,0.40225848229537364,0.498345635021634,0.4946808510638298,0.5625,-0.023891708051411782,0.008276045322418213,-0.8043415763965771,0.421199732362992,0.46933061847798424,0.48936170212765956,0.5,0.018285541336703265,0.011753350496292114,1.2323379942850425,0.2178228526336078,0.5698651056248409,0.574468085106383,0.625,no_stable_structure,none,none,edges_minus_middle,0.018285541336703265,1.2323379942850425,1.2323379942850425,0.574468085106383,0.625,,,,,,,,,0.9397273379574265,True,448,2240,no_stable_structure,No stable monotonic or tail structure passed the descriptive rules.,0.012323379942850425
residual_momentum|resmom_12m_1m|h126,residual_momentum|resmom_12m_1m,residual_momentum,resmom_12m_1m,126,"{""skip"": 21, ""window"": 252}",4181,503.0,404.0,0.9698636689787132,0.10303030303030303,0.3333333333333333,4181,0.41721513620884493,0.448343693104366,0.011590312235285232,0.01783841848373413,0.49964765018207724,0.6173231996102121,0.541553637484587,0.5412371134020618,0.6470588235294118,0.014935685364235509,0.01679903268814087,0.8149287837759025,0.41511307597782754,0.5686806411837237,0.5927835051546392,0.6470588235294118,0.011448764611545459,0.003657042980194092,1.2316753124032116,0.21807039543913598,0.5213316892725031,0.5309278350515464,0.5882352941176471,0.0034869207947919173,0.011937844567000866,0.23979192978035196,0.8104915635792888,0.5632552404438964,0.5567010309278351,0.7058823529411765,0.003980921880363885,-7.43865966796875e-05,0.4939523643886158,0.6213398217458972,0.4991368680641184,0.5,0.5294117647058824,no_stable_structure,none,none,q10_minus_middle,0.011448764611545459,1.2316753124032116,1.2316753124032116,0.5309278350515464,0.5882352941176471,,,,,,,,,0.9698636689787132,True,448,2240,no_stable_structure,No stable monotonic or tail structure passed the descriptive rules.,0.012316753124032116
liquidity_change|liq_20d_252d|h42,liquidity_change|liq_20d_252d,liquidity_change,liq_20d_252d,42,"{""long_window"": 252, ""short_window"": 20}",4181,503.0,425.0,0.9899545563262377,-0.3939393939393939,0.5555555555555556,4181,0.24322650843884336,0.23915320307652627,-0.004889368045294179,-0.003339301096275449,-0.7396699205710826,0.45950030391167884,0.5119594104856245,0.51010101010101,0.5882352941176471,0.00039404392535916945,0.0017869994044303894,0.13515526578833112,0.8924891152095836,0.517274704034791,0.494949494949495,0.47058823529411764,0.0018884934826654423,0.00021203793585300446,0.9803447255560754,0.32691598432094193,0.502295240396231,0.494949494949495,0.5882352941176471,-0.0014944495415334946,-0.00015401840209960938,-0.7193907437927046,0.4719001984060851,0.5025368446484658,0.5,0.47058823529411764,0.0016914715499870973,0.0006894320249557495,1.2309633132877957,0.2183365858018642,0.5179995167914956,0.5353535353535354,0.5882352941176471,no_stable_structure,none,none,edges_minus_middle,0.0016914715499870973,1.2309633132877957,1.2309633132877957,0.5353535353535354,0.5882352941176471,,,,,,,,,0.9899545563262377,True,448,2240,no_stable_structure,No stable monotonic or tail structure passed the descriptive rules.,0.012309633132877957
momentum|18m-0m|h42,momentum|18m-0m,momentum,18m-0m,42,"{""skip"": 0, ""window"": 378}",4181,503.0,425.0,0.9899545563262377,-0.309090909090909,0.6666666666666666,4181,0.8600883517725046,0.8747663713599824,0.001603216695701835,0.01235243957489729,0.10022850473448341,0.9201629164472419,0.5317709591688814,0.5303030303030303,0.47058823529411764,0.0019708167951473956,0.0059341974556446075,0.29450422325156583,0.7683726367514909,0.538294273979222,0.5151515151515151,0.5294117647058824,0.0040121643637673985,0.004390407353639603,1.2280666468374468,0.2194219502842918,0.5440927760328582,0.5858585858585859,0.5882352941176471,-0.002041347615197382,0.004444994032382965,-0.40758837138256543,0.6835759030296094,0.46363856003865667,0.45454545454545453,0.5882352941176471,0.00302675598991835,0.001479361206293106,1.170824804389787,0.24166920535813063,0.5206571635660787,0.5050505050505051,0.7058823529411765,no_stable_structure,none,none,q10_minus_middle,0.0040121643637673985,1.2280666468374468,1.2280666468374468,0.5858585858585859,0.5882352941176471,,,,,,,,,0.9899545563262377,True,448,2240,no_stable_structure,No stable monotonic or tail structure passed the descriptive rules.,0.012280666468374469
liquidity_change|liq_5d_60d|h10,liquidity_change|liq_5d_60d,liquidity_change,liq_5d_60d,10,"{""long_window"": 60, ""short_window"": 5}",4181,503.0,428.0,0.9976082276967233,-0.6242424242424242,0.6666666666666666,4181,0.16487501739698415,0.17203446545569237,-0.005807420510267874,-0.006009001284837723,-1.942106742078876,0.052124179494695944,0.5276912011508031,0.56,0.7058823529411765,-0.0007490174851538654,-0.0008198960567824543,-1.2251768878236775,0.22050858060102607,0.5238551906017741,0.57,0.5882352941176471,-0.00042201452187781724,-0.0002881251275539398,-1.089180653564521,0.2760742286009291,0.5097099017022296,0.555,0.5294117647058824,-0.00032700295103722804,-0.0001952899619936943,-0.7543290986616465,0.45065163372555095,0.5073123951090865,0.53,0.5294117647058824,-4.750578988425423e-05,9.460747241973877e-05,-0.17279277565684634,0.8628143158191613,0.49628386478062814,0.525,0.5294117647058824,no_stable_structure,none,none,q10_minus_q1,-0.0007490174851538654,-1.2251768878236775,1.2251768878236775,0.57,0.5882352941176471,,,,,,,,,0.9976082276967233,True,448,2240,no_stable_structure,No stable monotonic or tail structure passed the descriptive rules.,0.012251768878236775
residual_momentum|resmom_12m_1m|h1,residual_momentum|resmom_12m_1m,residual_momentum,resmom_12m_1m,1,"{""skip"": 21, ""window"": 252}",4181,503.0,415.0,0.9997608227696724,0.7333333333333332,0.6666666666666666,4181,0.9938315802291083,0.9945991020225773,0.013570478996775798,0.0224276352673769,3.8082941485927675,0.00013992876292038352,0.5401913875598087,0.655,0.8823529411764706,0.00018079652899442327,0.0007977178320288658,0.7846038307467026,0.43268588334879243,0.5308612440191387,0.53,0.6470588235294118,0.00015279752637392509,0.0005488896276801825,1.2206638269985441,0.22221332905601643,0.5377990430622009,0.545,0.6470588235294118,2.7999001602212226e-05,0.0002925280714407563,0.18267730093512155,0.8550512272688877,0.5169856459330143,0.515,0.5882352941176471,6.239926791854335e-05,8.274335414171219e-06,0.7857927516835505,0.43198891371312853,0.500956937799043,0.5,0.6470588235294118,no_stable_structure,none,none,q10_minus_middle,0.00015279752637392509,1.2206638269985441,1.2206638269985441,0.545,0.6470588235294118,,,,,,,,,0.9997608227696724,True,448,2240,no_stable_structure,No stable monotonic or tail structure passed the descriptive rules.,0.01220663826998544
liquidity_change|liq_20d_252d|h5,liquidity_change|liq_20d_252d,liquidity_change,liq_20d_252d,5,"{""long_window"": 252, ""short_window"": 20}",4181,503.0,428.0,0.9988041138483617,-0.4666666666666666,0.5555555555555556,4181,0.8860952809743674,0.8889146833935416,-0.0027937800911936165,0.0011605023755691946,-0.9131983479691449,0.36113823265967393,0.49616858237547895,0.485,0.5882352941176471,-0.00013615330550181804,0.00047851144336164,-0.29225902992949243,0.7700885813164731,0.4837164750957854,0.505,0.5882352941176471,0.00019995848518425833,0.0004134002374485135,0.6581177827932324,0.5104624499313336,0.5186781609195402,0.535,0.6470588235294118,-0.00033611179851957863,7.982342503964901e-05,-1.000862921553712,0.3168930845353157,0.4954501915708812,0.55,0.7058823529411765,0.00026803515231284985,0.00020072341430932283,1.219751983091789,0.22255890893651242,0.5167624521072797,0.52,0.6470588235294118,no_stable_structure,none,none,edges_minus_middle,0.00026803515231284985,1.219751983091789,1.219751983091789,0.52,0.6470588235294118,,,,,,,,,0.9988041138483617,True,448,2240,no_stable_structure,No stable monotonic or tail structure passed the descriptive rules.,0.012197519830917889
short_term_reversal|reversal_10d|h126,short_term_reversal|reversal_10d,short_term_reversal,reversal_10d,126,"{""window"": 10}",4181,503.0,424.0,0.9698636689787132,0.3696969696969697,0.6666666666666666,4181,0.0011843002788278882,0.0043653656692494,0.003602435486963574,7.946116966195405e-06,0.528246432931276,0.5973283055223875,0.5001233045622688,0.5051546391752577,0.5882352941176471,-0.001502569009057268,-0.00059538334608078,-0.2915900526566312,0.7706000819117291,0.5035758323057953,0.4845360824742268,0.47058823529411764,0.00572180221639298,-0.0003602653741836548,0.9729889362938323,0.33055880084202394,0.49642416769420467,0.5618556701030928,0.5294117647058824,-0.0072243711652616605,-0.0005782842636108398,-1.2128183199242177,0.2251992895850724,0.5035758323057953,0.5051546391752577,0.5294117647058824,0.006473086636258535,0.0024358928203582764,1.2147897061429032,0.22444630792510056,0.5215782983970407,0.5412371134020618,0.5882352941176471,no_stable_structure,none,none,edges_minus_middle,0.006473086636258535,1.2147897061429032,1.2147897061429032,0.5412371134020618,0.5882352941176471,,,,,,,,,0.9698636689787132,True,448,2240,no_stable_structure,No stable monotonic or tail structure passed the descriptive rules.,0.012147897061429032
risk_adjusted_trend|risk_trend_100d|h252,risk_adjusted_trend|risk_trend_100d,risk_adjusted_trend,risk_trend_100d,252,"{""window"": 100}",4181,503.0,419.0,0.9397273379574265,-0.4787878787878787,0.6666666666666666,4181,0.012796300942340279,0.022802613274855665,0.005423831375803444,0.015292761847376823,0.26580803974090145,0.7903870510821862,0.5362687706795622,0.5372340425531915,0.6875,-0.0006785021820355688,0.019453540444374084,-0.028607857143888128,0.9771773455558564,0.44769661491473656,0.4521276595744681,0.375,-0.006995319355443712,0.00350816547870636,-0.599972891874931,0.5485243018354904,0.4807839144820565,0.46808510638297873,0.6875,0.0063168171983564,0.015384510159492493,0.4398235023195907,0.6600649442177833,0.5691015525579027,0.5638297872340425,0.6875,-0.0066560682330183835,-0.004418760538101196,-1.2056477493724647,0.22795333970174692,0.5395775006362942,0.5319148936170213,0.5625,no_stable_structure,none,none,edges_minus_middle,-0.0066560682330183835,-1.2056477493724647,1.2056477493724647,0.5319148936170213,0.5625,,,,,,,,,0.9397273379574265,True,448,2240,no_stable_structure,No stable monotonic or tail structure passed the descriptive rules.,0.012056477493724647
momentum|18m-1m|h252,momentum|18m-1m,momentum,18m-1m,252,"{""skip"": 21, ""window"": 378}",4181,503.0,418.0,0.9397273379574265,-0.7212121212121211,0.6666666666666666,4126,0.22621347503476372,0.25308136998710506,-0.017661684856022743,0.005776503589004278,-0.561186537611423,0.5746703794007076,0.4840926444387885,0.4787234042553192,0.375,-0.012451346822932304,0.004830412566661835,-0.34422363950191415,0.7306781056329777,0.48791040977347927,0.5053191489361702,0.4375,0.011538676063741822,-0.003979936242103577,0.7505700202921692,0.4529114692526339,0.48256553830491217,0.4787234042553192,0.625,-0.023990022929015052,0.005046442151069641,-0.821390859827204,0.41142366816280973,0.4835836090608297,0.4946808510638298,0.5,0.01776434974737212,0.011204540729522705,1.2043359743488644,0.22845974759873366,0.5683379994909646,0.5638297872340425,0.6875,no_stable_structure,none,none,edges_minus_middle,0.01776434974737212,1.2043359743488644,1.2043359743488644,0.5638297872340425,0.6875,,,,,,,,,0.9397273379574265,True,448,2240,no_stable_structure,No stable monotonic or tail structure passed the descriptive rules.,0.012043359743488644
momentum|18m-2m|h252,momentum|18m-2m,momentum,18m-2m,252,"{""skip"": 42, ""window"": 378}",4181,503.0,418.0,0.9397273379574265,-0.7454545454545454,0.8888888888888888,4122,0.1883249460792677,0.21750024641363797,-0.018927951042408568,0.0028369624633342028,-0.6135894912889412,0.5394866295322551,0.4922372104861288,0.48936170212765956,0.375,-0.018502245962688048,0.002439841628074646,-0.5188121752401574,0.6038917267051762,0.49274624586408755,0.5053191489361702,0.4375,0.008304394216935197,-0.0033505409955978394,0.5276935697988514,0.5977120369680824,0.48663782132858235,0.46808510638297873,0.5625,-0.026806640270497714,0.0015882104635238647,-0.9393100797607522,0.3475715649006822,0.4935097989310257,0.5159574468085106,0.5,0.017555517237242354,0.012504488229751587,1.2026045719324887,0.22912937762387853,0.5803003308729957,0.601063829787234,0.6875,no_stable_structure,none,none,edges_minus_middle,0.017555517237242354,1.2026045719324887,1.2026045719324887,0.601063829787234,0.6875,,,,,,,,,0.9397273379574265,True,448,2240,no_stable_structure,No stable monotonic or tail structure passed the descriptive rules.,0.012026045719324887
trend|SMA200|h126,trend|SMA200,trend,SMA200,126,"{""window"": 200}",4181,503.0,423.0,0.9698636689787132,-0.24848484848484845,0.4444444444444444,4181,0.17404094558719135,0.1997047248204992,0.009437398872976725,0.02662321738898754,0.49469887410669755,0.6208126964064766,0.5600493218249075,0.5463917525773195,0.5882352941176471,0.011400272141696779,0.015942513942718506,0.653588407610929,0.5133770147552701,0.562268803945746,0.5618556701030928,0.5294117647058824,0.011265625969438472,0.00533081591129303,1.2005561877567383,0.22992340471043204,0.5324290998766954,0.520618556701031,0.47058823529411764,0.00013464616741364966,0.0056353285908699036,0.010471787889643154,0.9916448748206589,0.5326757090012331,0.520618556701031,0.6470588235294118,0.005565489919135019,0.0017835646867752075,0.7821693516127629,0.4341150537000483,0.5151664611590628,0.5154639175257731,0.5294117647058824,no_stable_structure,none,none,q10_minus_middle,0.011265625969438472,1.2005561877567383,1.2005561877567383,0.520618556701031,0.47058823529411764,,,,,,,,,0.9698636689787132,True,448,2240,no_stable_structure,No stable monotonic or tail structure passed the descriptive rules.,0.012005561877567383
price_volume_confirmation|pvc_6m_1m_liq5_60|h10,price_volume_confirmation|pvc_6m_1m_liq5_60,price_volume_confirmation,pvc_6m_1m_liq5_60,10,"{""confirmation_strength"": 0.25, ""liquidity_clip"": 2, ""long_window"": 60, ""short_window"": 5, ""skip"": 21, ""window"": 126}",4181,503.0,428.0,0.9976082276967233,-0.7333333333333332,0.7777777777777778,4181,0.8705057475936974,0.8806437523350482,-0.0034872866546022414,0.0033711257856339216,-0.4470563630159805,0.6548343649138701,0.49196835291297053,0.48,0.47058823529411764,-0.0004919564645171158,0.0009197555482387543,-0.3286960540350968,0.7423854371856834,0.48717333972668425,0.475,0.47058823529411764,0.00037645259025130215,0.0012975079007446766,0.461632086605751,0.6443451805866898,0.5276912011508031,0.545,0.5882352941176471,-0.0008684090625066458,-0.00023710355162620544,-0.8707655517922968,0.3838821780117414,0.5053943898345721,0.5,0.5882352941176471,0.0006224308182011534,0.0007155705243349075,1.1983532431158863,0.23077952693047588,0.5269719491728603,0.505,0.5882352941176471,no_stable_structure,none,none,edges_minus_middle,0.0006224308182011534,1.1983532431158863,1.1983532431158863,0.505,0.5882352941176471,,,,,,,,,0.9976082276967233,True,448,2240,no_stable_structure,No stable monotonic or tail structure passed the descriptive rules.,0.011983532431158864
price_volume_confirmation|pvc_12m_1m_liq20_252|h126,price_volume_confirmation|pvc_12m_1m_liq20_252,price_volume_confirmation,pvc_12m_1m_liq20_252,126,"{""confirmation_strength"": 0.25, ""liquidity_clip"": 2, ""long_window"": 252, ""short_window"": 20, ""skip"": 21, ""window"": 252}",4181,503.0,423.0,0.9698636689787132,0.12727272727272726,0.5555555555555556,4181,0.40687283997559015,0.43498015330594275,0.009306825747759812,0.01953117549419403,0.38324439810681254,0.7015385614636446,0.5368680641183724,0.5567010309278351,0.6470588235294118,0.013987567145624295,0.014347411692142487,0.7178266306849781,0.4728641910014074,0.5580764488286066,0.5515463917525774,0.6470588235294118,0.011257664130084244,0.0053246235474944115,1.195108215052176,0.23204475274583736,0.5341553637484587,0.5670103092783505,0.5294117647058824,0.0027299030148797425,0.012004047632217407,0.1859696411088804,0.8524685688818974,0.5607891491985203,0.6030927835051546,0.7058823529411765,0.004263880628025626,0.0027225688099861145,0.5638701826822214,0.5728424838447415,0.5198520345252774,0.5309278350515464,0.6470588235294118,no_stable_structure,none,none,q10_minus_middle,0.011257664130084244,1.195108215052176,1.195108215052176,0.5670103092783505,0.5294117647058824,,,,,,,,,0.9698636689787132,True,448,2240,no_stable_structure,No stable monotonic or tail structure passed the descriptive rules.,0.011951082150521758
price_volume_confirmation|pvc_9m_1m_liq20_126|h21,price_volume_confirmation|pvc_9m_1m_liq20_126,price_volume_confirmation,pvc_9m_1m_liq20_126,21,"{""confirmation_strength"": 0.25, ""liquidity_clip"": 2, ""long_window"": 126, ""short_window"": 20, ""skip"": 21, ""window"": 189}",4181,503.0,428.0,0.9949772781631189,0.07878787878787878,0.4444444444444444,4181,0.8354320857017589,0.8454062899774853,0.003617024622550301,0.0246432488784194,0.32841316141746235,0.7425992929869196,0.5487980769230769,0.5376884422110553,0.5882352941176471,0.0008712766590598711,0.004252124577760696,0.2634593663539084,0.7921965384587507,0.5401442307692308,0.5276381909547738,0.5882352941176471,0.0018227570184745463,0.0027818456292152405,1.075434731123657,0.28218013922352947,0.5507211538461538,0.5577889447236181,0.7058823529411765,-0.0009514803692022375,0.001495683565735817,-0.4129528752281469,0.6796411404288029,0.4814903846153846,0.48743718592964824,0.5294117647058824,0.0013871186933381698,0.0010849591344594955,1.190936096607159,0.23367867260496566,0.525,0.507537688442211,0.6470588235294118,no_stable_structure,none,none,edges_minus_middle,0.0013871186933381698,1.190936096607159,1.190936096607159,0.507537688442211,0.6470588235294118,,,,,,,,,0.9949772781631189,True,448,2240,no_stable_structure,No stable monotonic or tail structure passed the descriptive rules.,0.01190936096607159
trend|SMA150|h10,trend|SMA150,trend,SMA150,10,"{""window"": 150}",4181,503.0,428.0,0.9976082276967233,-0.5272727272727272,0.5555555555555556,4181,0.8825751593622608,0.8929167800887964,-0.0048547646960907815,0.007031816523522139,-0.6118084365839931,0.5406645072493181,0.4883720930232558,0.475,0.5294117647058824,-0.000858934588672951,0.0006030835211277008,-0.5219453459212364,0.6017083845296682,0.49220810357228484,0.51,0.4117647058823529,0.00024334536918244265,0.0013793446123600006,0.29703625041179704,0.7664388335819105,0.5341644689522896,0.535,0.5882352941176471,-0.0011022799911458215,0.0002797259949147701,-0.9565769142654885,0.33878084567323474,0.4950851114840566,0.52,0.5294117647058824,0.0006728126626885763,0.0004692850634455681,1.1848215444402075,0.2360880124165443,0.5169024214816591,0.525,0.5294117647058824,no_stable_structure,none,none,edges_minus_middle,0.0006728126626885763,1.1848215444402075,1.1848215444402075,0.525,0.5294117647058824,,,,,,,,,0.9976082276967233,True,448,2240,no_stable_structure,No stable monotonic or tail structure passed the descriptive rules.,0.011848215444402075
high_proximity|high_18m|h10,high_proximity|high_18m,high_proximity,high_18m,10,"{""window"": 378}",4181,503.0,427.0,0.9976082276967233,-0.8303030303030302,0.6666666666666666,4181,0.8763922681486738,0.8982115773851502,0.00046483224287802844,0.009366625919938087,0.05069902776940879,0.9595653513822762,0.517621673459602,0.515,0.47058823529411764,-0.002138283644264133,0.0004889015108346939,-1.140939311392953,0.2538951788694228,0.4931609052474509,0.56,0.5882352941176471,-0.0008545346678953453,0.0001890026032924652,-1.1844153616532636,0.23624868224155182,0.4951504600845561,0.53,0.7058823529411765,-0.0010900079579132418,0.000342540442943573,-0.7944270939964814,0.42694683631881336,0.4953248621433709,0.51,0.5882352941176471,0.00021460717399996625,7.125735282897949e-05,0.3519288358547128,0.7248916329819008,0.5026112907237006,0.47,0.5294117647058824,no_stable_structure,none,none,q10_minus_middle,-0.0008545346678953453,-1.1844153616532636,1.1844153616532636,0.53,0.7058823529411765,,,,,,,,,0.9976082276967233,True,448,2240,no_stable_structure,No stable monotonic or tail structure passed the descriptive rules.,0.011844153616532635
trend|SMA20|h21,trend|SMA20,trend,SMA20,21,"{""window"": 20}",4181,503.0,428.0,0.9949772781631189,-0.9515151515151514,0.7777777777777778,4181,-0.009947995831116935,-0.005999951089351397,-0.011443640525927688,-0.004008091404102743,-1.5391925401116804,0.12375729827103339,0.5127403846153846,0.5527638190954773,0.5882352941176471,-0.00242913380256001,-0.0005434653139673173,-1.1800980694368284,0.23796121237898304,0.5067307692307692,0.5477386934673367,0.5882352941176471,-0.0007417064559289289,-0.0011108256876468658,-0.5667774717312221,0.5708653782752025,0.5209134615384615,0.5477386934673367,0.5882352941176471,-0.0016874273566337742,-0.0003327382728457451,-1.1396163089225617,0.25444618776776307,0.5069711538461539,0.5577889447236181,0.6470588235294118,0.0004728604757614308,-0.0002639675512909889,0.500324182362021,0.6168468292165523,0.49375,0.4623115577889447,0.5882352941176471,no_stable_structure,none,none,q10_minus_q1,-0.00242913380256001,-1.1800980694368284,1.1800980694368284,0.5477386934673367,0.5882352941176471,,,,,,,,,0.9949772781631189,True,448,2240,no_stable_structure,No stable monotonic or tail structure passed the descriptive rules.,0.011800980694368284
liquidity_change|liq_5d_60d|h252,liquidity_change|liq_5d_60d,liquidity_change,liq_5d_60d,252,"{""long_window"": 60, ""short_window"": 5}",4181,503.0,419.0,0.9397273379574265,-0.12727272727272726,0.4444444444444444,4181,0.16295367016523937,0.15050321765652913,0.0004374138589761793,0.0015708187129348516,0.13015803806704881,0.8964413928652856,0.509544413336727,0.5106382978723404,0.6875,0.0006725549433934087,0.0062019675970077515,0.12391564046802715,0.9013820690920616,0.5360142529905828,0.526595744680851,0.6875,0.004190810545185023,8.226931095123291e-05,1.1798655848724338,0.23805367957326073,0.5011453296004073,0.5053191489361702,0.625,-0.0035182556514807197,0.00240933895111084,-0.4626571785634372,0.6436101167231754,0.4840926444387885,0.4574468085106383,0.5625,0.0038545331120070046,-0.00040102750062942505,0.7302989825342745,0.4652074500316261,0.49732756426571645,0.5,0.5625,no_stable_structure,none,none,q10_minus_middle,0.004190810545185023,1.1798655848724338,1.1798655848724338,0.5053191489361702,0.625,,,,,,,,,0.9397273379574265,True,448,2240,no_stable_structure,No stable monotonic or tail structure passed the descriptive rules.,0.011798655848724337
high_proximity|high_6m|h21,high_proximity|high_6m,high_proximity,high_6m,21,"{""window"": 126}",4181,503.0,428.0,0.9949772781631189,-0.8545454545454544,0.6666666666666666,4181,0.6471153228454749,0.6625535375193943,-0.004328744078595675,0.008670094888657331,-0.3823303731011632,0.7022163283856038,0.48173076923076924,0.49246231155778897,0.5882352941176471,-0.003270464035360878,0.0014982754364609718,-0.9550918093994848,0.3395312706197041,0.4830880454428092,0.5025125628140703,0.5882352941176471,-0.0015714321424324944,-5.698204040527344e-05,-1.1796047251575854,0.2381574627519205,0.5011618900077459,0.5577889447236181,0.7058823529411765,-0.0016090782736193012,2.1539628505706787e-05,-0.6431596105578751,0.5201205379666833,0.49951923076923077,0.5326633165829145,0.5882352941176471,6.379985395172578e-05,-7.960200309753418e-05,0.057059423140881124,0.9544978593758763,0.49806351665375675,0.4824120603015075,0.47058823529411764,no_stable_structure,none,none,q10_minus_middle,-0.0015714321424324944,-1.1796047251575854,1.1796047251575854,0.5577889447236181,0.7058823529411765,,,,,,,,,0.9949772781631189,True,448,2240,no_stable_structure,No stable monotonic or tail structure passed the descriptive rules.,0.011796047251575854
low_volatility|40d|h1,low_volatility|40d,low_volatility,40d,1,"{""window"": 40}",4181,503.0,429.0,0.9997608227696724,-0.9030303030303028,0.6666666666666666,4181,0.9907052201259724,0.9929467369269067,0.0051970071267789806,0.003930923179723322,1.3097396865713034,0.19028391295285318,0.5055023923444976,0.555,0.7058823529411765,-0.000289360350950193,-0.0002265079237986356,-1.1313216439632643,0.25791973771505394,0.5088516746411483,0.52,0.5882352941176471,-8.170493780181333e-05,-8.60316758917179e-05,-0.7666671054060449,0.4432794661655586,0.509090909090909,0.52,0.6470588235294118,-0.00020765540329189402,-0.00011760151755879633,-1.178378465810863,0.23864575871987959,0.5064593301435407,0.57,0.6470588235294118,6.297523187906213e-05,2.222927287220955e-05,0.9041872546676331,0.3658961172778019,0.504066985645933,0.49,0.5294117647058824,no_stable_structure,none,none,middle_minus_q1,-0.00020765540329189402,-1.178378465810863,1.178378465810863,0.57,0.6470588235294118,,,,,,,,,0.9997608227696724,True,448,2240,no_stable_structure,No stable monotonic or tail structure passed the descriptive rules.,0.011783784658108629
trend|SMA200|h5,trend|SMA200,trend,SMA200,5,"{""window"": 200}",4181,503.0,429.0,0.9988041138483617,-0.4666666666666666,0.6666666666666666,4181,0.9541526787225447,0.9588199133480666,0.0012950843507166586,0.01069797994568944,0.21194683746986256,0.8321485095411608,0.521551724137931,0.54,0.5882352941176471,-0.0004912697853608828,0.0014365692622959614,-0.5097459862444819,0.610229431231797,0.4791666666666667,0.515,0.47058823529411764,0.00012236595242219494,0.0009678015485405922,0.26504636874870047,0.790973741637718,0.5352011494252874,0.55,0.47058823529411764,-0.0006136357695078036,0.0001081712543964386,-0.9184832946317751,0.35836590083014375,0.4964080459770115,0.56,0.5294117647058824,0.00036800086122308146,0.00042723584920167923,1.1782785697427665,0.23868556839300448,0.5191570881226054,0.52,0.5882352941176471,no_stable_structure,none,none,edges_minus_middle,0.00036800086122308146,1.1782785697427665,1.1782785697427665,0.52,0.5882352941176471,,,,,,,,,0.9988041138483617,True,448,2240,no_stable_structure,No stable monotonic or tail structure passed the descriptive rules.,0.011782785697427665
trend_slope|slope_200d|h126,trend_slope|slope_200d,trend_slope,slope_200d,126,"{""window"": 200}",4181,503.0,423.0,0.9698636689787132,0.5515151515151515,0.6666666666666666,4181,0.16882658325335745,0.1964443197682261,0.01789238524367202,0.02533748745918274,0.7744967111977682,0.4386371123105438,0.567940813810111,0.5824742268041238,0.5882352941176471,0.01356406671764424,0.01572919636964798,0.6554591087437087,0.5121722055880973,0.5578298397040691,0.5927835051546392,0.5882352941176471,0.012299281318066815,0.009115846827626228,1.1780095446145433,0.23879280114534096,0.5639950678175093,0.5618556701030928,0.47058823529411764,0.0012647854751917625,0.007259029895067215,0.08596448711094741,0.9314946478662463,0.5395807644882861,0.5360824742268041,0.47058823529411764,0.005517248114577865,0.0040719956159591675,0.7393984089533243,0.4596651081252613,0.5267570900123305,0.5257731958762887,0.5882352941176471,no_stable_structure,none,none,q10_minus_middle,0.012299281318066815,1.1780095446145433,1.1780095446145433,0.5618556701030928,0.47058823529411764,,,,,,,,,0.9698636689787132,True,448,2240,no_stable_structure,No stable monotonic or tail structure passed the descriptive rules.,0.011780095446145434
momentum|18m-2m|h10,momentum|18m-2m,momentum,18m-2m,10,"{""skip"": 42, ""window"": 378}",4181,503.0,427.0,0.9976082276967233,0.06666666666666665,0.4444444444444444,4181,0.9597001444782365,0.9646120578491081,0.011603612926753317,0.017860569059848785,1.4138300653776426,0.1574118036587061,0.5365619755454327,0.525,0.7058823529411765,0.0007618139274580794,0.00213730800896883,0.45365731706254936,0.6500754925136543,0.5293694557660034,0.535,0.4117647058823529,0.0010384854218233217,0.0018589606042951345,1.1767402084567833,0.23929921397508247,0.5360824742268041,0.545,0.5294117647058824,-0.00027667146703722707,0.0015682289376854897,-0.22998788890566368,0.8181011807417937,0.47470630544234,0.475,0.47058823529411764,0.0006575784251736703,0.0005005192942917347,1.0294693473523984,0.30325917661425716,0.5140254135698873,0.52,0.6470588235294118,no_stable_structure,none,none,q10_minus_middle,0.0010384854218233217,1.1767402084567833,1.1767402084567833,0.545,0.5294117647058824,,,,,,,,,0.9976082276967233,True,448,2240,no_stable_structure,No stable monotonic or tail structure passed the descriptive rules.,0.011767402084567833
high_proximity|high_6m|h42,high_proximity|high_6m,high_proximity,high_6m,42,"{""window"": 126}",4181,503.0,427.0,0.9899545563262377,-0.9030303030303028,0.5555555555555556,4181,0.46558591497306573,0.46789941158200893,-0.006749267698244292,0.0030172693077474833,-0.4713187147913658,0.6374131531097271,0.49045663203672385,0.5050505050505051,0.5294117647058824,-0.004346168636243915,5.144995520822704e-05,-0.7252767469510917,0.4682822681004549,0.4997403946002077,0.5303030303030303,0.5882352941176471,-0.002452613502652128,-0.00012202560901641846,-1.1707708824364673,0.24169088475907652,0.5012980269989615,0.51010101010101,0.7647058823529411,-0.0018743733641736846,-0.0008883588016033173,-0.4133187975431388,0.6793730594512746,0.5051944914230491,0.5050505050505051,0.5294117647058824,-0.0002795291163870119,-0.0008090296760201454,-0.14234841491397351,0.8868048062822856,0.5150571131879543,0.5050505050505051,0.5294117647058824,no_stable_structure,none,none,q10_minus_middle,-0.002452613502652128,-1.1707708824364673,1.1707708824364673,0.51010101010101,0.7647058823529411,,,,,,,,,0.9899545563262377,True,448,2240,no_stable_structure,No stable monotonic or tail structure passed the descriptive rules.,0.011707708824364673
short_term_reversal|reversal_10d|h63,short_term_reversal|reversal_10d,short_term_reversal,reversal_10d,63,"{""window"": 10}",4181,503.0,426.0,0.9849318344893566,0.6484848484848483,0.7777777777777778,4181,0.0041139105726478555,0.00531324578216966,0.008498817188229067,0.004082411993294954,1.205540845528699,0.2279945797412315,0.5118989800874211,0.5431472081218274,0.5294117647058824,0.002000064771607606,-0.00019720569252967834,0.619993721843242,0.5352619202830264,0.49708596406022343,0.5634517766497462,0.5294117647058824,0.003730690692727386,0.00010620150715112686,1.1700410042220344,0.24198446802829177,0.5007285089849441,0.5736040609137056,0.7058823529411765,-0.0017306259061791538,-0.0006586629897356033,-0.5739226657110051,0.5660201344378784,0.5072850898494414,0.5228426395939086,0.5294117647058824,0.0027306582385317013,0.0014384137466549873,1.0300301322536234,0.30299586088686425,0.5208839242350656,0.5431472081218274,0.47058823529411764,no_stable_structure,none,none,q10_minus_middle,0.003730690692727386,1.1700410042220344,1.1700410042220344,0.5736040609137056,0.7058823529411765,,,,,,,,,0.9849318344893566,True,448,2240,no_stable_structure,No stable monotonic or tail structure passed the descriptive rules.,0.011700410042220343
momentum|12m-1m|h5,momentum|12m-1m,momentum,12m-1m,5,"{""skip"": 21, ""window"": 252}",4181,503.0,428.0,0.9988041138483617,0.11515151515151514,0.4444444444444444,4181,0.9716037540590813,0.9745360920322885,0.01338885491413243,0.023927422240376472,2.1126530494857856,0.034630474588586785,0.539272030651341,0.585,0.8235294117647058,0.00039896438552570817,0.0021025664173066616,0.43460888294168887,0.6638463461830396,0.5344827586206896,0.525,0.5294117647058824,0.0005814485932790993,0.0011933669447898865,1.1700377360295178,0.24198578317689878,0.5371168582375478,0.565,0.5882352941176471,-0.0001824842266227927,0.0006826762109994888,-0.2892463345636183,0.7723928765829713,0.4825191570881226,0.495,0.4117647058823529,0.00038196640400264153,0.00024667801335453987,1.1422638332251602,0.2533443697152419,0.5105363984674329,0.52,0.5882352941176471,no_stable_structure,none,none,q10_minus_middle,0.0005814485932790993,1.1700377360295178,1.1700377360295178,0.565,0.5882352941176471,,,,,,,,,0.9988041138483617,True,448,2240,no_stable_structure,No stable monotonic or tail structure passed the descriptive rules.,0.011700377360295177
momentum|18m-0m|h10,momentum|18m-0m,momentum,18m-0m,10,"{""skip"": 0, ""window"": 378}",4181,503.0,427.0,0.9976082276967233,-0.309090909090909,0.7777777777777778,4181,0.9638356749960056,0.9687314513145702,0.007865175308939449,0.01889464631676674,0.9327336419818584,0.35095751040742384,0.5308079597218892,0.54,0.5882352941176471,0.0003556476561971111,0.0033576395362615585,0.20267961274463428,0.8393854591181684,0.5399184847758332,0.525,0.47058823529411764,0.0009368571301353271,0.0024503739550709724,1.089715881473818,0.2758383180903492,0.5521457684008632,0.56,0.5882352941176471,-0.0005812094719495822,0.0013554692268371582,-0.4534147406924536,0.6502501239665363,0.47206904818988255,0.475,0.5882352941176471,0.0007590332769869631,0.0005485322326421738,1.1693142411349557,0.24227704750116918,0.5190601774154879,0.54,0.7058823529411765,no_stable_structure,none,none,edges_minus_middle,0.0007590332769869631,1.1693142411349557,1.1693142411349557,0.54,0.7058823529411765,,,,,,,,,0.9976082276967233,True,448,2240,no_stable_structure,No stable monotonic or tail structure passed the descriptive rules.,0.011693142411349557
trend|SMA100|h63,trend|SMA100,trend,SMA100,63,"{""window"": 100}",4181,503.0,426.0,0.9849318344893566,-0.3939393939393939,0.5555555555555556,4181,0.15091627058840393,0.1582541481300349,-0.012161600621898926,-0.006529954029247165,-0.8766063086461082,0.3807005114188996,0.517969888295289,0.5177664974619289,0.5294117647058824,0.0007553955339571084,-0.0002780766226351261,0.11098565030251287,0.9116277258267145,0.4973288003885381,0.4873096446700508,0.4117647058823529,0.003943934136002407,0.0029631145298480988,0.9474109697622574,0.34342940345920026,0.5301117047110248,0.5228426395939086,0.5294117647058824,-0.003188538607360034,-0.0032461630180478096,-0.6440388394689276,0.5195502485770063,0.5269548324429335,0.5380710659898477,0.5294117647058824,0.00356623638848059,0.0030994173139333725,1.1669777936231256,0.24321933748792046,0.5378824672170957,0.5634517766497462,0.47058823529411764,no_stable_structure,none,none,edges_minus_middle,0.00356623638848059,1.1669777936231256,1.1669777936231256,0.5634517766497462,0.47058823529411764,,,,,,,,,0.9849318344893566,True,448,2240,no_stable_structure,No stable monotonic or tail structure passed the descriptive rules.,0.011669777936231257
volatility_scaled_momentum|vsmom_6m_1m_vol60|h252,volatility_scaled_momentum|vsmom_6m_1m_vol60,volatility_scaled_momentum,vsmom_6m_1m_vol60,252,"{""skip"": 21, ""volatility_window"": 60, ""window"": 126}",4181,503.0,419.0,0.9397273379574265,-0.3696969696969697,0.6666666666666666,4181,0.013463142820811352,0.01575340179915309,0.008831614599805122,0.019504854455590248,0.38419097820257875,0.7008369045387521,0.5507762789513871,0.5478723404255319,0.5,0.009705145973757243,0.019753672182559967,0.39851819614465234,0.6902482481216861,0.5505217612624077,0.5425531914893617,0.5625,-0.0015162270835032614,0.005789592862129211,-0.12515237729622297,0.9004029181361357,0.47493000763553067,0.4521276595744681,0.5625,0.011221373170535072,0.015279650688171387,0.7753205952146051,0.43815024253334056,0.5693560702468822,0.5797872340425532,0.75,-0.006368800231982587,-0.006601989269256592,-1.165581743736561,0.24378359258286053,0.5551030796640366,0.574468085106383,0.5625,no_stable_structure,none,none,edges_minus_middle,-0.006368800231982587,-1.165581743736561,1.165581743736561,0.574468085106383,0.5625,,,,,,,,,0.9397273379574265,True,448,2240,no_stable_structure,No stable monotonic or tail structure passed the descriptive rules.,0.01165581743736561
momentum|6m-0m|h63,momentum|6m-0m,momentum,6m-0m,63,"{""skip"": 0, ""window"": 126}",4181,503.0,426.0,0.9849318344893566,-0.006060606060606061,0.5555555555555556,4181,0.46702426359603344,0.48273940846596397,-0.003411426933581831,0.0107821524143219,-0.24989017449963663,0.8026722818387603,0.47717338513841673,0.47715736040609136,0.4117647058823529,0.0058698132413940625,0.007047858089208603,0.8253580466067082,0.4091683458059272,0.5393394851869839,0.5532994923857868,0.5882352941176471,0.004990732340667272,0.003059016540646553,1.1600042359852878,0.24604708145611243,0.5322972316658572,0.5431472081218274,0.6470588235294118,0.0008790809743697997,0.0005171662196516991,0.17101010881554418,0.8642158170004106,0.5041282175813502,0.5025380710659898,0.5882352941176471,0.002055825668476674,0.0023713093250989914,0.655940909312129,0.5118621450195248,0.5293831957260806,0.5583756345177665,0.47058823529411764,no_stable_structure,none,none,q10_minus_middle,0.004990732340667272,1.1600042359852878,1.1600042359852878,0.5431472081218274,0.6470588235294118,,,,,,,,,0.9849318344893566,True,448,2240,no_stable_structure,No stable monotonic or tail structure passed the descriptive rules.,0.011600042359852878
trend_slope|slope_50d|h126,trend_slope|slope_50d,trend_slope,slope_50d,126,"{""window"": 50}",4181,503.0,424.0,0.9698636689787132,-0.17575757575757575,0.4444444444444444,4181,0.012720179817882081,0.023288398173553406,0.000593674926936116,0.011613809503614902,0.047909083814232305,0.9617886998687499,0.5304562268803946,0.5154639175257731,0.5882352941176471,0.007312540946650042,0.01047518476843834,0.7110724740399128,0.47703932623892864,0.5381011097410604,0.5309278350515464,0.5882352941176471,0.00913690072093871,0.005793221294879913,1.1541864804321984,0.24842372409256763,0.534648581997534,0.520618556701031,0.5294117647058824,-0.0018243597507041577,0.00439317524433136,-0.23215653453749927,0.8164164359082305,0.4794081381011097,0.4742268041237113,0.5294117647058824,0.00548063018169764,0.0038200654089450836,0.9163531638279602,0.35948169219991644,0.5311960542540074,0.5257731958762887,0.5294117647058824,no_stable_structure,none,none,q10_minus_middle,0.00913690072093871,1.1541864804321984,1.1541864804321984,0.520618556701031,0.5294117647058824,,,,,,,,,0.9698636689787132,True,448,2240,no_stable_structure,No stable monotonic or tail structure passed the descriptive rules.,0.011541864804321985
trend_slope|slope_200d|h42,trend_slope|slope_200d,trend_slope,slope_200d,42,"{""window"": 200}",4181,503.0,426.0,0.9899545563262377,0.24848484848484845,0.4444444444444444,4181,0.8008003706300479,0.8124211655718137,0.00515987165309855,0.02237226814031601,0.3720294114396443,0.7098709513593643,0.5542401546267214,0.5707070707070707,0.5294117647058824,0.0041614420376080135,0.0077126603573560715,0.6668492762853506,0.5048684136388507,0.5486832568253202,0.5303030303030303,0.5294117647058824,0.0038361623014562377,0.005901539698243141,1.1517424617145653,0.2494269180759242,0.5614882821937666,0.5808080808080808,0.5294117647058824,0.0003252797919968163,0.0031128060072660446,0.0699899469218468,0.9442016612097442,0.5298381251510027,0.51010101010101,0.4117647058823529,0.0017554412812107508,0.003295537084341049,0.6827436509989616,0.4947688417513998,0.5426431505194491,0.5757575757575758,0.6470588235294118,no_stable_structure,none,none,q10_minus_middle,0.0038361623014562377,1.1517424617145653,1.1517424617145653,0.5808080808080808,0.5294117647058824,,,,,,,,,0.9899545563262377,True,448,2240,no_stable_structure,No stable monotonic or tail structure passed the descriptive rules.,0.011517424617145652
trend_slope|slope_50d|h42,trend_slope|slope_50d,trend_slope,slope_50d,42,"{""window"": 50}",4181,503.0,427.0,0.9899545563262377,-0.6727272727272726,0.6666666666666666,4181,0.002811372423700362,0.00822327717654976,-0.009828809465256657,-0.005402664188295603,-0.8107758207017531,0.4174944223829371,0.5146170572602078,0.5353535353535354,0.5294117647058824,-0.0007113530997811981,0.0012731663882732391,-0.1496438889453989,0.8810455796586953,0.4906982362889587,0.494949494949495,0.47058823529411764,0.0021692800458667357,0.003208097070455551,0.7562870218214638,0.44947712759485736,0.5375694612225175,0.5202020202020202,0.5882352941176471,-0.0028806331666302557,-0.0016082078218460083,-0.8053328547698709,0.42062762735357295,0.5184827252959652,0.5202020202020202,0.6470588235294118,0.002524956624404111,0.002423226833343506,1.1451480654063075,0.25214782759849064,0.5370862527180479,0.5555555555555556,0.5294117647058824,no_stable_structure,none,none,edges_minus_middle,0.002524956624404111,1.1451480654063075,1.1451480654063075,0.5555555555555556,0.5294117647058824,,,,,,,,,0.9899545563262377,True,448,2240,no_stable_structure,No stable monotonic or tail structure passed the descriptive rules.,0.011451480654063075
high_proximity|high_12m|h63,high_proximity|high_12m,high_proximity,high_12m,63,"{""window"": 252}",4181,503.0,425.0,0.9849318344893566,-0.9151515151515152,0.7777777777777778,4181,0.5148994147041996,0.5260665677481129,-0.002921476589895049,0.002807159093208611,-0.15543951388551397,0.8764748351342355,0.49295774647887325,0.49238578680203043,0.35294117647058826,-0.003672829532393478,-0.001473981887102127,-0.37768424735495904,0.705665171340319,0.5067344345616265,0.5177664974619289,0.47058823529411764,-0.0034155562463816457,0.00015781819820404053,-1.1417351050844542,0.25356414413271555,0.49783989834815756,0.49746192893401014,0.7058823529411765,-7.024471799677013e-05,-0.0005999896675348282,-0.009147830442432585,0.9927011891227733,0.503399708596406,0.5177664974619289,0.47058823529411764,-0.00157914147238937,-0.0003346167504787445,-0.45252885903855433,0.6508880359161653,0.5072426937738247,0.5177664974619289,0.5882352941176471,no_stable_structure,none,none,q10_minus_middle,-0.0034155562463816457,-1.1417351050844542,1.1417351050844542,0.49746192893401014,0.7058823529411765,,,,,,,,,0.9849318344893566,True,448,2240,no_stable_structure,No stable monotonic or tail structure passed the descriptive rules.,0.011417351050844541
trend|SMA100|h126,trend|SMA100,trend,SMA100,126,"{""window"": 100}",4181,503.0,424.0,0.9698636689787132,-0.3939393939393939,0.5555555555555556,4181,0.00932899272967678,0.02418229932691664,9.276592143255478e-05,0.013815978541970253,0.006402118318978301,0.9948918835313741,0.5299630086313194,0.5360824742268041,0.6470588235294118,0.0073787113297076115,0.010678641498088837,0.5844228722327938,0.5589358422023146,0.5459926017262638,0.5154639175257731,0.5294117647058824,0.009871780298823667,0.0035331323742866516,1.136177346621334,0.2558823493210097,0.5210850801479655,0.5567010309278351,0.5294117647058824,-0.0024930689599865683,-0.0004817172884941101,-0.2823936110906296,0.7776417133436785,0.5016029593094945,0.5051546391752577,0.47058823529411764,0.006182424610930825,0.004150092601776123,1.0182576376624743,0.3085555346157388,0.5376078914919852,0.5515463917525774,0.5882352941176471,no_stable_structure,none,none,q10_minus_middle,0.009871780298823667,1.136177346621334,1.136177346621334,0.5567010309278351,0.5294117647058824,,,,,,,,,0.9698636689787132,True,448,2240,no_stable_structure,No stable monotonic or tail structure passed the descriptive rules.,0.01136177346621334
high_proximity|high_12m|h10,high_proximity|high_12m,high_proximity,high_12m,10,"{""window"": 252}",4181,503.0,428.0,0.9976082276967233,-0.8787878787878788,0.7777777777777778,4181,0.8512944949361072,0.8702717986429505,-0.0014613456924386645,0.0058701070956885815,-0.16183226148652988,0.8714379469106002,0.48693358906736994,0.49,0.5294117647058824,-0.0021341487768939227,0.0002050615439657122,-1.13304820950969,0.257194008611768,0.4957372116349047,0.53,0.5294117647058824,-0.000774773996642234,0.0002456225920468569,-1.0684377253025876,0.2853231073932869,0.4909729187562688,0.535,0.7058823529411765,-0.0011112414731186805,9.455042891204357e-05,-0.8141227722793608,0.4155746214234489,0.4986813713737713,0.525,0.5294117647058824,0.0002923004021877451,0.00029039429500699043,0.4812942742371858,0.6303073659188592,0.5092778335005015,0.525,0.5294117647058824,no_stable_structure,none,none,q10_minus_q1,-0.0021341487768939227,-1.13304820950969,1.13304820950969,0.53,0.5294117647058824,,,,,,,,,0.9976082276967233,True,448,2240,no_stable_structure,No stable monotonic or tail structure passed the descriptive rules.,0.0113304820950969
trend|SMA50|h21,trend|SMA50,trend,SMA50,21,"{""window"": 50}",4181,503.0,428.0,0.9949772781631189,-0.9636363636363635,0.8888888888888888,4181,0.37009427899719527,0.38175405392304274,-0.011503313101983482,-1.6093184967758134e-05,-1.3211708643301705,0.1864443987578669,0.5,0.5276381909547738,0.5294117647058824,-0.0023788114204552793,-0.000135436886921525,-0.9195225006924971,0.35782234209185604,0.5009615384615385,0.5125628140703518,0.5294117647058824,-0.000330303883898663,0.0002860340755432844,-0.22100668801715448,0.8250872254524252,0.4951923076923077,0.5175879396984925,0.5294117647058824,-0.0020485075261044237,-0.000521861482411623,-1.128616822314366,0.25905951111888925,0.5069711538461539,0.5326633165829145,0.6470588235294118,0.0008591017956720092,0.0004325052723288536,0.8225312361039538,0.4107746165749032,0.5103365384615385,0.5326633165829145,0.5294117647058824,no_stable_structure,none,none,middle_minus_q1,-0.0020485075261044237,-1.128616822314366,1.128616822314366,0.5326633165829145,0.6470588235294118,,,,,,,,,0.9949772781631189,True,448,2240,no_stable_structure,No stable monotonic or tail structure passed the descriptive rules.,0.01128616822314366
high_proximity|high_18m|h21,high_proximity|high_18m,high_proximity,high_18m,21,"{""window"": 378}",4181,503.0,426.0,0.9949772781631189,-0.7333333333333332,0.6666666666666666,4181,0.7917436454321352,0.8203141426447117,-0.000818739486479759,0.011262884829193354,-0.06450314334897643,0.948569604295474,0.4790865384615385,0.48743718592964824,0.5294117647058824,-0.0033351487359624273,0.001468396745622158,-0.8830394997994622,0.37721493025135777,0.4882793017456359,0.5125628140703518,0.5882352941176471,-0.0015498333433213321,0.00043618399649858475,-1.1266149322213768,0.2599053229974584,0.4912718204488778,0.507537688442211,0.7058823529411765,-0.0016290356022252057,0.0015899213030934334,-0.5767231102824819,0.5641265181208355,0.4841346153846154,0.4824120603015075,0.5294117647058824,0.00011774096793281449,-0.0006549637764692307,0.09440824237480885,0.924784868582927,0.48703241895261845,0.507537688442211,0.47058823529411764,no_stable_structure,none,none,q10_minus_middle,-0.0015498333433213321,-1.1266149322213768,1.1266149322213768,0.507537688442211,0.7058823529411765,,,,,,,,,0.9949772781631189,True,448,2240,no_stable_structure,No stable monotonic or tail structure passed the descriptive rules.,0.011266149322213767
momentum|9m-0m|h1,momentum|9m-0m,momentum,9m-0m,1,"{""skip"": 0, ""window"": 189}",4181,503.0,429.0,0.9997608227696724,-0.24848484848484845,0.4444444444444444,4181,0.992601324672902,0.9936567074520076,0.009928282844715247,0.0227179117500782,2.7633241784967653,0.005721590852964565,0.5399521531100478,0.595,0.8235294117647058,-3.320799141396205e-05,0.0006953566335141659,-0.13435247448547344,0.8931238606908141,0.4700956937799043,0.495,0.5294117647058824,7.405497768237122e-05,0.00046081055188551545,0.5711853187293856,0.5678740290035262,0.5301435406698565,0.545,0.5294117647058824,-0.00010726298432536512,0.00018118147272616625,-0.6550035073129894,0.5124654959107622,0.49066985645933014,0.52,0.5294117647058824,9.065898501957014e-05,0.00015937280841171741,1.1210440328621825,0.26226911979847267,0.5200956937799043,0.555,0.5294117647058824,no_stable_structure,none,none,edges_minus_middle,9.065898501957014e-05,1.1210440328621825,1.1210440328621825,0.555,0.5294117647058824,,,,,,,,,0.9997608227696724,True,448,2240,no_stable_structure,No stable monotonic or tail structure passed the descriptive rules.,0.011210440328621825
high_proximity|high_6m|h10,high_proximity|high_6m,high_proximity,high_6m,10,"{""window"": 126}",4181,503.0,428.0,0.9976082276967233,-0.8181818181818182,0.6666666666666666,4181,0.7857680344631809,0.8032655080980562,-0.0033170342741584906,0.004708743654191494,-0.3955797236935081,0.6924150976403352,0.49196835291297053,0.495,0.5882352941176471,-0.001998408074540721,2.3490749299526215e-05,-1.1164468223003965,0.264230920786904,0.49922760041194647,0.545,0.6470588235294118,-0.0007016688290751207,0.00019158574286848307,-0.9721041329041717,0.33099874628516357,0.49279093717816685,0.565,0.7058823529411765,-0.0011952828036625289,5.414150655269623e-05,-0.9441654788280498,0.34508509297280077,0.4994006233517142,0.55,0.6470588235294118,0.00029753524488974485,0.00020466651767492294,0.5192992350574648,0.6035520867261778,0.509783728115345,0.54,0.4117647058823529,no_stable_structure,none,none,q10_minus_q1,-0.001998408074540721,-1.1164468223003965,1.1164468223003965,0.545,0.6470588235294118,,,,,,,,,0.9976082276967233,True,448,2240,no_stable_structure,No stable monotonic or tail structure passed the descriptive rules.,0.011164468223003965
residual_momentum|resmom_6m_1m|h1,residual_momentum|resmom_6m_1m,residual_momentum,resmom_6m_1m,1,"{""skip"": 21, ""window"": 126}",4181,503.0,422.0,0.9997608227696724,-0.34545454545454546,0.6666666666666666,4181,0.9868926153454187,0.9884603769758609,0.00887154924279257,0.014502853620797396,2.6490523372455383,0.008071783034663719,0.5301435406698565,0.6,0.8235294117647058,4.8098957670031505e-05,0.0005511566996574402,0.2258575649205554,0.8213122032968689,0.5210526315789473,0.505,0.5882352941176471,0.00010947940073758096,0.00036060751881450415,0.9076914084973278,0.36404128441208083,0.5289473684210526,0.59,0.5882352941176471,-6.138044643485568e-05,0.00014293682761490345,-0.43535201036803217,0.6633069382235939,0.4892344497607656,0.54,0.5294117647058824,8.542993036217143e-05,0.00015325070125982165,1.1145907577457963,0.26502583268722035,0.5210526315789473,0.57,0.7058823529411765,no_stable_structure,none,none,edges_minus_middle,8.542993036217143e-05,1.1145907577457963,1.1145907577457963,0.57,0.7058823529411765,,,,,,,,,0.9997608227696724,True,448,2240,no_stable_structure,No stable monotonic or tail structure passed the descriptive rules.,0.011145907577457963
risk_adjusted_trend|risk_trend_100d|h126,risk_adjusted_trend|risk_trend_100d,risk_adjusted_trend,risk_trend_100d,126,"{""window"": 100}",4181,503.0,424.0,0.9698636689787132,-0.0303030303030303,0.4444444444444444,4181,0.026600111478718918,0.03137261951579797,0.005841527402255595,0.010792824439704418,0.37084576545487924,0.7107524120678363,0.5242909987669544,0.5412371134020618,0.5882352941176471,0.008176770151788587,0.006717335432767868,0.6236934548541202,0.5328289223087386,0.5309494451294698,0.5154639175257731,0.5294117647058824,0.0007013524850054142,0.004019811749458313,0.08646208827476405,0.9310990923481104,0.5363748458692972,0.5360824742268041,0.5882352941176471,0.007475417706215095,0.005895916372537613,1.1121028880851904,0.2660939151195324,0.5418002466091245,0.5309278350515464,0.6470588235294118,-0.003387032586015513,-0.0036665722727775574,-0.9571607055622484,0.3384861470444368,0.5413070283600493,0.5309278350515464,0.5294117647058824,no_stable_structure,none,none,middle_minus_q1,0.007475417706215095,1.1121028880851904,1.1121028880851904,0.5309278350515464,0.6470588235294118,,,,,,,,,0.9698636689787132,True,448,2240,no_stable_structure,No stable monotonic or tail structure passed the descriptive rules.,0.011121028880851903
trend_slope|slope_50d|h1,trend_slope|slope_50d,trend_slope,slope_50d,1,"{""window"": 50}",4181,503.0,429.0,0.9997608227696724,-0.6,0.5555555555555556,4181,0.997129310444199,0.9973457039332886,0.0005975965833103142,0.006775657180696726,0.19567275997986383,0.8448663066210554,0.5157894736842106,0.46,0.5882352941176471,-0.00014846221651577946,0.00031076971208676696,-0.721268443617734,0.4707443683544059,0.4851674641148325,0.54,0.5882352941176471,2.161676340411154e-06,0.00012085179332643747,0.019156732588031185,0.9847160736552073,0.5124401913875598,0.485,0.47058823529411764,-0.00015062388484393392,4.338659346103668e-05,-1.1101580268084974,0.26693093612647056,0.49688995215311005,0.565,0.5882352941176471,7.639278137764524e-05,9.400688577443361e-05,1.0826487476790598,0.2789643611453878,0.511244019138756,0.54,0.5882352941176471,no_stable_structure,none,none,middle_minus_q1,-0.00015062388484393392,-1.1101580268084974,1.1101580268084974,0.565,0.5882352941176471,,,,,,,,,0.9997608227696724,True,448,2240,no_stable_structure,No stable monotonic or tail structure passed the descriptive rules.,0.011101580268084974
momentum|9m-0m|h126,momentum|9m-0m,momentum,9m-0m,126,"{""skip"": 0, ""window"": 189}",4181,503.0,424.0,0.9698636689787132,0.32121212121212117,0.6666666666666666,4181,0.31429347779702665,0.34379073534392895,0.014330994343010554,0.01917158253490925,0.6220363250049562,0.5339179827468721,0.5509247842170161,0.5515463917525774,0.5882352941176471,0.012935098384649972,0.019191261380910873,0.6620802971014913,0.5079197622673214,0.5768187422934649,0.5721649484536082,0.5294117647058824,0.010693719858158972,0.0055728331208229065,1.107503659155557,0.2680762311310395,0.5403205918618988,0.5463917525773195,0.5294117647058824,0.002241378503006971,0.009282894432544708,0.1548267307213521,0.876957917241572,0.5583230579531443,0.5567010309278351,0.6470588235294118,0.004226170662611392,0.00022643804550170898,0.5648497403038143,0.5721759715406155,0.5018495684340321,0.4948453608247423,0.5882352941176471,no_stable_structure,none,none,q10_minus_middle,0.010693719858158972,1.107503659155557,1.107503659155557,0.5463917525773195,0.5294117647058824,,,,,,,,,0.9698636689787132,True,448,2240,no_stable_structure,No stable monotonic or tail structure passed the descriptive rules.,0.01107503659155557
residual_momentum|resmom_6m_1m|h252,residual_momentum|resmom_6m_1m,residual_momentum,resmom_6m_1m,252,"{""skip"": 21, ""window"": 126}",4181,503.0,408.0,0.9397273379574265,-0.22424242424242422,0.5555555555555556,4181,-0.0041844629258271145,0.009357291197693223,0.008343314377596799,0.015198261477053165,0.3887856686075268,0.6974347032360861,0.5449223721048613,0.5531914893617021,0.4375,0.009631586089003979,0.017954453825950623,0.39083308510677717,0.6959206178089803,0.5332145584118096,0.5372340425531915,0.5,0.016175543018762513,0.011850260198116302,1.1045558620662397,0.26935208538139277,0.5416136421481293,0.5425531914893617,0.6875,-0.006543956877550902,0.006213545799255371,-0.32700146982383405,0.7436667735178871,0.4746754899465513,0.4627659574468085,0.375,0.011359749908126904,0.010145828127861023,0.9105564431664246,0.3625291292653616,0.5543395265970985,0.5797872340425532,0.5,no_stable_structure,none,none,q10_minus_middle,0.016175543018762513,1.1045558620662397,1.1045558620662397,0.5425531914893617,0.6875,,,,,,,,,0.9397273379574265,True,448,2240,no_stable_structure,No stable monotonic or tail structure passed the descriptive rules.,0.011045558620662397
trend_slope|slope_100d|h63,trend_slope|slope_100d,trend_slope,slope_100d,63,"{""window"": 100}",4181,503.0,426.0,0.9849318344893566,-0.32121212121212117,0.4444444444444444,4181,0.14160816317453315,0.1435404964756834,-0.01151460917868889,-0.00056230861810036,-0.8110973718334639,0.4173097550259224,0.5014570179698883,0.5076142131979695,0.5294117647058824,0.0028462961238423104,0.0023448020219802856,0.4210487524408577,0.6737194823063951,0.5121418164157358,0.5025380710659898,0.5294117647058824,0.004576521462122476,0.0028762834845110774,1.0976409469103647,0.27236130540809567,0.528169014084507,0.5279187817258884,0.5882352941176471,-0.0017302253690024457,-0.00013355258852243423,-0.3481456292043359,0.7277308180473301,0.5024283632831471,0.5380710659898477,0.4117647058823529,0.003153373419615653,0.0019674357026815414,1.0168375739901792,0.30923070432101907,0.5276833414278777,0.5126903553299492,0.5882352941176471,no_stable_structure,none,none,q10_minus_middle,0.004576521462122476,1.0976409469103647,1.0976409469103647,0.5279187817258884,0.5882352941176471,,,,,,,,,0.9849318344893566,True,448,2240,no_stable_structure,No stable monotonic or tail structure passed the descriptive rules.,0.010976409469103648
momentum|6m-2m|h63,momentum|6m-2m,momentum,6m-2m,63,"{""skip"": 42, ""window"": 126}",4181,503.0,426.0,0.9849318344893566,0.406060606060606,0.4444444444444444,4181,0.21798711109006766,0.22475897189700525,0.003100343326729502,0.02233428042382002,0.23784626355052502,0.8120003349701299,0.5505099562894609,0.5532994923857868,0.5294117647058824,0.006588044183226072,0.0065551456063985825,0.9900492883885329,0.32215002839629514,0.5386109762020398,0.5431472081218274,0.5294117647058824,0.0051467341468468195,0.0015545180067420006,1.0953818843224292,0.2733493672316245,0.5114133074307916,0.5228426395939086,0.5882352941176471,0.001441310006130492,0.0006576720625162125,0.31029260820635696,0.7563384517474768,0.5046138902379796,0.49238578680203043,0.5294117647058824,0.001852712026370247,0.002193833701312542,0.5649000773813252,0.5721417310544826,0.5242836328314716,0.5228426395939086,0.5294117647058824,no_stable_structure,none,none,q10_minus_middle,0.0051467341468468195,1.0953818843224292,1.0953818843224292,0.5228426395939086,0.5882352941176471,,,,,,,,,0.9849318344893566,True,448,2240,no_stable_structure,No stable monotonic or tail structure passed the descriptive rules.,0.010953818843224293
trend|SMA150|h252,trend|SMA150,trend,SMA150,252,"{""window"": 150}",4181,503.0,419.0,0.9397273379574265,-0.38181818181818183,0.7777777777777778,4181,-0.0034972031624662175,0.0033695849913217488,0.004389967078777673,0.011603944003582,0.20499253245973922,0.8375779593734265,0.5306693815220158,0.5319148936170213,0.5,0.00389776424345764,0.023945288732647896,0.1419505083845986,0.8871190982957885,0.5556121150419954,0.5425531914893617,0.625,0.01526583054424855,0.010987002402544022,1.0941928949870845,0.2738703869415535,0.5403410537032324,0.5425531914893617,0.5625,-0.011368066187931158,0.00769302062690258,-0.4899650862529985,0.6241586048772868,0.47340290150165437,0.4946808510638298,0.4375,0.013316948400327041,0.011060431599617004,0.9981690144451424,0.31819740887386105,0.563247645711377,0.5904255319148937,0.5625,no_stable_structure,none,none,q10_minus_middle,0.01526583054424855,1.0941928949870845,1.0941928949870845,0.5425531914893617,0.5625,,,,,,,,,0.9397273379574265,True,448,2240,no_stable_structure,No stable monotonic or tail structure passed the descriptive rules.,0.010941928949870845
high_proximity|high_12m|h21,high_proximity|high_12m,high_proximity,high_12m,21,"{""window"": 252}",4181,503.0,427.0,0.9949772781631189,-0.7575757575757575,0.7777777777777778,4181,0.7510632444762703,0.7743317255898808,-0.0024086889987407073,0.00900133652612567,-0.19377608998556567,0.8463512095705422,0.4831730769230769,0.4824120603015075,0.5294117647058824,-0.003495129862982489,0.0013059116899967194,-0.9352782144740215,0.34964493950840103,0.4913251194367614,0.49246231155778897,0.5882352941176471,-0.001502558141410527,0.0005043931305408478,-1.0939937478526034,0.2739577202971899,0.48730198642192607,0.5175879396984925,0.7647058823529411,-0.00172655247952207,0.0010221665725111961,-0.6211994230419619,0.5344684190121434,0.4896634615384615,0.49748743718592964,0.5294117647058824,0.00024500670457312215,-0.00016897544264793396,0.19786444091369682,0.8431511261380114,0.49409102338446065,0.507537688442211,0.5294117647058824,no_stable_structure,none,none,q10_minus_middle,-0.001502558141410527,-1.0939937478526034,1.0939937478526034,0.5175879396984925,0.7647058823529411,,,,,,,,,0.9949772781631189,True,448,2240,no_stable_structure,No stable monotonic or tail structure passed the descriptive rules.,0.010939937478526033
price_volume_confirmation|pvc_6m_1m_liq5_60|h252,price_volume_confirmation|pvc_6m_1m_liq5_60,price_volume_confirmation,pvc_6m_1m_liq5_60,252,"{""confirmation_strength"": 0.25, ""liquidity_clip"": 2, ""long_window"": 60, ""short_window"": 5, ""skip"": 21, ""window"": 126}",4181,503.0,419.0,0.9397273379574265,-0.33333333333333326,0.4444444444444444,4181,-0.0040675445652663695,0.004348834677917218,0.006042749632000037,0.014842282049357891,0.27034557108860924,0.786894409422369,0.5377958768134385,0.5212765957446809,0.4375,0.006695604879460275,0.01809309795498848,0.26025578415691164,0.7946664767683583,0.5413591244591499,0.526595744680851,0.5625,0.015601690516260293,0.007139086723327637,1.0893960175292665,0.27597928684910367,0.5296513107660983,0.5319148936170213,0.5,-0.008906085442251022,0.00567685067653656,-0.4359278612523591,0.6628890699260932,0.4787477729702214,0.48404255319148937,0.4375,0.012253887943670317,0.010316267609596252,1.0149117360441788,0.31014790330530795,0.5614660218885212,0.5957446808510638,0.5,no_stable_structure,none,none,q10_minus_middle,0.015601690516260293,1.0893960175292665,1.0893960175292665,0.5319148936170213,0.5,,,,,,,,,0.9397273379574265,True,448,2240,no_stable_structure,No stable monotonic or tail structure passed the descriptive rules.,0.010893960175292665
momentum|6m-1m|h1,momentum|6m-1m,momentum,6m-1m,1,"{""skip"": 21, ""window"": 126}",4181,503.0,429.0,0.9997608227696724,-0.24848484848484845,0.5555555555555556,4181,0.9869869638554325,0.9885072616869864,0.009142563138356784,0.016621600836515427,2.6953680591267104,0.007031091755492628,0.535645933014354,0.61,0.8235294117647058,2.6238220670727265e-05,0.0005335475434549153,0.11957208484192901,0.9048221341047281,0.5205741626794258,0.51,0.5882352941176471,9.793742216696559e-05,0.00035081960959360003,0.776043733627998,0.43772316401690914,0.5260765550239235,0.555,0.5882352941176471,-7.16992148836522e-05,0.00016968324780464172,-0.5031505225388581,0.6148584479697996,0.49114832535885167,0.54,0.5882352941176471,8.481832643225566e-05,0.00015787093434482813,1.0878903756532086,0.2766435054025528,0.5160287081339713,0.545,0.7058823529411765,no_stable_structure,none,none,edges_minus_middle,8.481832643225566e-05,1.0878903756532086,1.0878903756532086,0.545,0.7058823529411765,,,,,,,,,0.9997608227696724,True,448,2240,no_stable_structure,No stable monotonic or tail structure passed the descriptive rules.,0.010878903756532086
momentum|9m-2m|h1,momentum|9m-2m,momentum,9m-2m,1,"{""skip"": 42, ""window"": 189}",4181,503.0,429.0,0.9997608227696724,-0.01818181818181818,0.4444444444444444,4181,0.9905892476836834,0.991732263209343,0.010626044725964049,0.016634227707982063,3.155963811727402,0.001599687065173508,0.531578947368421,0.625,0.8823529411764706,4.35824314616654e-05,0.000388028216548264,0.20119951853760984,0.8405425679468271,0.5184210526315789,0.485,0.5294117647058824,0.00010950676666204505,0.0003860599244944751,0.8441122580618124,0.39860667850131537,0.5322966507177034,0.545,0.5882352941176471,-6.592434721789434e-05,9.572567068971694e-05,-0.47011725712878966,0.6382712454417674,0.4916267942583732,0.515,0.5882352941176471,8.771554780672817e-05,0.00017239374574273825,1.0865725689307757,0.27722575346617595,0.519377990430622,0.565,0.7058823529411765,no_stable_structure,none,none,edges_minus_middle,8.771554780672817e-05,1.0865725689307757,1.0865725689307757,0.565,0.7058823529411765,,,,,,,,,0.9997608227696724,True,448,2240,no_stable_structure,No stable monotonic or tail structure passed the descriptive rules.,0.010865725689307756
trend|SMA20|h126,trend|SMA20,trend,SMA20,126,"{""window"": 20}",4181,503.0,424.0,0.9698636689787132,-0.4424242424242424,0.7777777777777778,4181,0.005765683061949535,0.012960363261362006,-0.004062624395185456,-0.0010628383606672287,-0.5020749785803195,0.6156147801287246,0.5030826140567201,0.5,0.5882352941176471,0.0010362491644941886,0.0016410723328590393,0.17639240398065106,0.8599856718486442,0.5067817509247842,0.5103092783505154,0.47058823529411764,0.006532553666668603,0.002087891101837158,1.07367081593452,0.2829702459179315,0.5141800246609125,0.5051546391752577,0.5294117647058824,-0.005496304553678505,0.0003346279263496399,-0.8513835798448848,0.3945563100649456,0.49617755856966705,0.5360824742268041,0.5294117647058824,0.006014429113877026,0.0021335259079933167,1.0851399058613471,0.2778596952053626,0.522071516646116,0.520618556701031,0.5882352941176471,no_stable_structure,none,none,edges_minus_middle,0.006014429113877026,1.0851399058613471,1.0851399058613471,0.520618556701031,0.5882352941176471,,,,,,,,,0.9698636689787132,True,448,2240,no_stable_structure,No stable monotonic or tail structure passed the descriptive rules.,0.010851399058613471
trend_slope|slope_100d|h252,trend_slope|slope_100d,trend_slope,slope_100d,252,"{""window"": 100}",4181,503.0,419.0,0.9397273379574265,-0.22424242424242422,0.5555555555555556,4181,-0.003291176799380479,0.008212794356605713,0.0035161598022213935,0.020596612244844437,0.19413472181307953,0.8460703947067144,0.553321455841181,0.5531914893617021,0.5,0.006238098578128398,0.026143059134483337,0.2640667751543009,0.7917284650240136,0.5668108933570883,0.5638297872340425,0.625,0.014176697546099928,0.013572342693805695,1.0841354893572797,0.27830472945565365,0.5474675489946551,0.5478723404255319,0.5,-0.0079385989077046,0.007612980902194977,-0.40370754716264284,0.6864277890830508,0.4711122423008399,0.4787234042553192,0.4375,0.011057648022931006,0.009193353354930878,0.9368039162324135,0.3488594304811715,0.5512853143293459,0.5957446808510638,0.5625,no_stable_structure,none,none,q10_minus_middle,0.014176697546099928,1.0841354893572797,1.0841354893572797,0.5478723404255319,0.5,,,,,,,,,0.9397273379574265,True,448,2240,no_stable_structure,No stable monotonic or tail structure passed the descriptive rules.,0.010841354893572797
high_proximity|high_12m|h42,high_proximity|high_12m,high_proximity,high_12m,42,"{""window"": 252}",4181,503.0,425.0,0.9899545563262377,-0.8787878787878788,0.6666666666666666,4181,0.6141851986543048,0.6370954110549533,-0.0049964460613176834,0.002076329430565238,-0.3084441893562702,0.7577443616541186,0.4943223000724813,0.5151515151515151,0.47058823529411764,-0.004107242780044855,0.0020426977425813675,-0.5999832557322095,0.5485173947601731,0.4886248736097068,0.5202020202020202,0.47058823529411764,-0.0024389843212934284,0.0009980704635381699,-1.0829475227950736,0.27883171647295224,0.4858442871587462,0.4898989898989899,0.7647058823529411,-0.0013682749133069256,0.0017945412546396255,-0.25683147548273544,0.797308870945745,0.48683256825320126,0.4595959595959596,0.5294117647058824,-0.00038536287733768957,-0.00045651569962501526,-0.16089607262923827,0.8721752555933335,0.5070778564206269,0.5252525252525253,0.5294117647058824,no_stable_structure,none,none,q10_minus_middle,-0.0024389843212934284,-1.0829475227950736,1.0829475227950736,0.4898989898989899,0.7647058823529411,,,,,,,,,0.9899545563262377,True,448,2240,no_stable_structure,No stable monotonic or tail structure passed the descriptive rules.,0.010829475227950736
momentum|18m-1m|h1,momentum|18m-1m,momentum,18m-1m,1,"{""skip"": 21, ""window"": 378}",4181,503.0,427.0,0.9997608227696724,-0.19999999999999998,0.3333333333333333,4181,0.9955890036766422,0.9963581713160726,0.011415550389799037,0.018484607338905334,3.306843653893668,0.0009435353774087075,0.5289473684210526,0.625,0.7647058823529411,9.432289927523042e-05,0.0006673682946711779,0.4040860856737128,0.6861494165851079,0.5282296650717704,0.525,0.47058823529411764,0.00013664389346223815,0.0004972927272319794,1.0487092845378916,0.2943119397553542,0.5361244019138756,0.56,0.7058823529411765,-4.23209943523704e-05,0.000275052385404706,-0.273362905298915,0.7845742644718912,0.48373205741626796,0.49,0.5882352941176471,8.948243571053767e-05,3.3359043300151825e-05,1.0810753122836656,0.27966361412745566,0.5016746411483254,0.555,0.7058823529411765,no_stable_structure,none,none,edges_minus_middle,8.948243571053767e-05,1.0810753122836656,1.0810753122836656,0.555,0.7058823529411765,,,,,,,,,0.9997608227696724,True,448,2240,no_stable_structure,No stable monotonic or tail structure passed the descriptive rules.,0.010810753122836657
liquidity_change|liq_5d_60d|h126,liquidity_change|liq_5d_60d,liquidity_change,liq_5d_60d,126,"{""long_window"": 60, ""short_window"": 5}",4181,503.0,424.0,0.9698636689787132,-0.24848484848484845,0.4444444444444444,4181,0.11115725495100989,0.09925797054301234,-0.0026292497794784654,-0.003838646225631237,-0.728198144703399,0.4664923014189001,0.5191122071516646,0.5412371134020618,0.5882352941176471,0.0005099655964449691,0.0008111028000712395,0.1730397990341191,0.8626201443557653,0.5040690505548705,0.5257731958762887,0.5882352941176471,0.0023501442080425643,0.0008047297596931458,1.0803079290301896,0.2800050800263336,0.5099876695437732,0.5412371134020618,0.5882352941176471,-0.0018401786315216972,0.0007768645882606506,-0.5662197508364453,0.5712444050880706,0.49099876695437733,0.4896907216494845,0.5294117647058824,0.0020951614117435883,0.0010332800447940826,0.8953383538180175,0.37060624359983363,0.5156596794081381,0.5515463917525774,0.5882352941176471,no_stable_structure,none,none,q10_minus_middle,0.0023501442080425643,1.0803079290301896,1.0803079290301896,0.5412371134020618,0.5882352941176471,,,,,,,,,0.9698636689787132,True,448,2240,no_stable_structure,No stable monotonic or tail structure passed the descriptive rules.,0.010803079290301896
momentum|18m-0m|h1,momentum|18m-0m,momentum,18m-0m,1,"{""skip"": 0, ""window"": 378}",4181,503.0,427.0,0.9997608227696724,-0.33333333333333326,0.5555555555555556,4181,0.9958381597499623,0.9966282602449279,0.009778505440412397,0.01763432566076517,2.816292047077198,0.004858148237682025,0.531578947368421,0.6,0.7647058823529411,-7.0841569919556906e-06,0.0006402884609997272,-0.02912650097798276,0.9767637000369276,0.47655502392344495,0.455,0.5294117647058824,8.709557277095308e-05,0.0004030452109873295,0.6732235182244173,0.5008051012509056,0.5332535885167464,0.525,0.6470588235294118,-9.417974586923312e-05,0.0002481982228346169,-0.5737272097181179,0.5661524125174999,0.48660287081339715,0.495,0.5882352941176471,9.063766134099903e-05,7.527804700657725e-05,1.0792724858034908,0.2804662746177553,0.509090909090909,0.525,0.6470588235294118,no_stable_structure,none,none,edges_minus_middle,9.063766134099903e-05,1.0792724858034908,1.0792724858034908,0.525,0.6470588235294118,,,,,,,,,0.9997608227696724,True,448,2240,no_stable_structure,No stable monotonic or tail structure passed the descriptive rules.,0.010792724858034907
momentum|9m-1m|h21,momentum|9m-1m,momentum,9m-1m,21,"{""skip"": 21, ""window"": 189}",4181,503.0,428.0,0.9949772781631189,-0.05454545454545454,0.5555555555555556,4181,0.8504403156879559,0.8612503384841153,0.004627249602603674,0.025876718573272228,0.41987555015006656,0.674576369841877,0.5548076923076923,0.542713567839196,0.6470588235294118,0.0014879377559247166,0.005389174446463585,0.4368153695561941,0.662245251715119,0.5487980769230769,0.5376884422110553,0.5882352941176471,0.0018507015348754627,0.0027582477778196335,1.077139454099519,0.2814179692351352,0.5420673076923077,0.5527638190954773,0.7058823529411765,-0.0003627637654167651,0.002340547740459442,-0.14838718499500356,0.8820372130045877,0.47475961538461536,0.48743718592964824,0.47058823529411764,0.0011067326468876743,0.00072814105078578,0.8850815666267823,0.3761126405734292,0.5139423076923076,0.5125628140703518,0.6470588235294118,no_stable_structure,none,none,q10_minus_middle,0.0018507015348754627,1.077139454099519,1.077139454099519,0.5527638190954773,0.7058823529411765,,,,,,,,,0.9949772781631189,True,448,2240,no_stable_structure,No stable monotonic or tail structure passed the descriptive rules.,0.01077139454099519
momentum|24m-1m|h252,momentum|24m-1m,momentum,24m-1m,252,"{""skip"": 21, ""window"": 504}",4181,503.0,417.0,0.9397273379574265,-0.6606060606060605,0.6666666666666666,4025,0.39883757678145076,0.42606028515311234,-0.022877595262839393,-0.011851690709590912,-0.6775713820919702,0.4980434962833211,0.5273606515652838,0.5425531914893617,0.5625,-0.017318323273074237,0.0024874061346054077,-0.43034723527453356,0.6669430716684307,0.49401883430898447,0.4946808510638298,0.5625,0.008087157919920063,-0.0024085044860839844,0.4511097804888495,0.6519104289428096,0.4919826927971494,0.4946808510638298,0.4375,-0.025405481321294856,0.004875630140304565,-0.8147853049342139,0.41519521393394876,0.48536523288368544,0.5,0.5,0.01674631964422423,0.012083113193511963,1.076629110659163,0.28164599364449294,0.553321455841181,0.5531914893617021,0.6875,no_stable_structure,none,none,edges_minus_middle,0.01674631964422423,1.076629110659163,1.076629110659163,0.5531914893617021,0.6875,,,,,,,,,0.9397273379574265,True,448,2240,no_stable_structure,No stable monotonic or tail structure passed the descriptive rules.,0.01076629110659163
momentum|18m-2m|h1,momentum|18m-2m,momentum,18m-2m,1,"{""skip"": 42, ""window"": 378}",4181,503.0,427.0,0.9997608227696724,0.17575757575757575,0.6666666666666666,4181,0.9953737157068351,0.9961619762770506,0.010964095116344795,0.017783312126994133,3.2663327512009332,0.001089501441272939,0.5299043062200957,0.6,0.7647058823529411,0.00014448991524663857,0.0006854443345218897,0.6461233374201818,0.5181994826676961,0.5251196172248804,0.515,0.47058823529411764,0.00013827783237049872,0.00036852911580353975,1.0753072235376908,0.2822372032060477,0.5258373205741627,0.545,0.6470588235294118,6.212089776114949e-06,0.0002631036622915417,0.04186974017566604,0.9666025390770812,0.5179425837320574,0.51,0.5294117647058824,6.603287265838779e-05,7.404771167784929e-05,0.8023941181682428,0.42232501438668113,0.5062200956937799,0.53,0.6470588235294118,no_stable_structure,none,none,q10_minus_middle,0.00013827783237049872,1.0753072235376908,1.0753072235376908,0.545,0.6470588235294118,,,,,,,,,0.9997608227696724,True,448,2240,no_stable_structure,No stable monotonic or tail structure passed the descriptive rules.,0.010753072235376908
short_term_reversal|reversal_21d|h10,short_term_reversal|reversal_21d,short_term_reversal,reversal_21d,10,"{""window"": 21}",4181,503.0,428.0,0.9976082276967233,0.9636363636363635,0.8888888888888888,4181,0.4800271378194719,0.4927986062756488,0.010811935097094523,0.0080353282392025,1.7204456650775477,0.08535146232128224,0.5166626708223447,0.57,0.6470588235294118,0.0012348584602493704,0.0004357295110821724,1.022827518130622,0.3063894046365869,0.5080316470870295,0.55,0.5294117647058824,0.0008932220036174755,0.0004251711070537567,1.069464891302757,0.2848602407261208,0.5101894030208584,0.58,0.5882352941176471,0.0003416364720263628,-0.00015816977247595787,0.48310214923248634,0.6290232081059718,0.49604411412131383,0.515,0.47058823529411764,0.00027579275193530197,0.00020050816237926483,0.5695995975829515,0.5689493014675207,0.5075521457684009,0.525,0.5294117647058824,no_stable_structure,none,none,q10_minus_middle,0.0008932220036174755,1.069464891302757,1.069464891302757,0.58,0.5882352941176471,,,,,,,,,0.9976082276967233,True,448,2240,no_stable_structure,No stable monotonic or tail structure passed the descriptive rules.,0.01069464891302757
momentum|18m-0m|h21,momentum|18m-0m,momentum,18m-0m,21,"{""skip"": 0, ""window"": 378}",4181,503.0,426.0,0.9949772781631189,-0.29696969696969694,0.5555555555555556,4181,0.9271811198941043,0.9355776075734021,0.005472537544860993,0.02661439310759306,0.4676203541599457,0.6400561065785524,0.5509615384615385,0.5477386934673367,0.5294117647058824,0.0005355462513412371,0.006345034576952457,0.1499936214192381,0.8807696476984646,0.5521634615384615,0.5728643216080402,0.4117647058823529,0.0016891754846185974,0.003211642848327756,0.9806730786219549,0.32675398384980725,0.5463942307692308,0.5829145728643216,0.5882352941176471,-0.001153629249529331,0.0033640030305832624,-0.4377797442342473,0.6615459558452081,0.45721153846153845,0.47738693467336685,0.5294117647058824,0.0014214023432242147,0.00017691915854811668,1.068847773024336,0.28513826869693815,0.503125,0.5175879396984925,0.7058823529411765,no_stable_structure,none,none,edges_minus_middle,0.0014214023432242147,1.068847773024336,1.068847773024336,0.5175879396984925,0.7058823529411765,,,,,,,,,0.9949772781631189,True,448,2240,no_stable_structure,No stable monotonic or tail structure passed the descriptive rules.,0.01068847773024336
high_proximity|high_6m|h63,high_proximity|high_6m,high_proximity,high_6m,63,"{""window"": 126}",4181,503.0,426.0,0.9849318344893566,-0.9393939393939393,0.6666666666666666,4181,0.3399525646932925,0.3390201894003891,-0.005804990942731638,0.0021457821130752563,-0.3557114172828217,0.7220566938155254,0.4939290917921321,0.49238578680203043,0.5294117647058824,-0.00546601726039048,-0.002660574857145548,-0.666827346461882,0.504882422912211,0.5160532498042286,0.5482233502538071,0.47058823529411764,-0.002976459314335839,-0.0002939300611615181,-1.0681316028264156,0.2854611521362489,0.5048290263638736,0.5025380710659898,0.5882352941176471,-0.002480887818337256,-4.717335104942322e-05,-0.39810377481363,0.6905536919778523,0.5004856726566295,0.5329949238578681,0.5294117647058824,-0.00024345059762678455,0.000298328697681427,-0.08870219759402817,0.9293185859949636,0.49621508744453147,0.49238578680203043,0.47058823529411764,no_stable_structure,none,none,q10_minus_middle,-0.002976459314335839,-1.0681316028264156,1.0681316028264156,0.5025380710659898,0.5882352941176471,,,,,,,,,0.9849318344893566,True,448,2240,no_stable_structure,No stable monotonic or tail structure passed the descriptive rules.,0.010681316028264156
volatility_scaled_momentum|vsmom_9m_1m_vol60|h126,volatility_scaled_momentum|vsmom_9m_1m_vol60,volatility_scaled_momentum,vsmom_9m_1m_vol60,126,"{""skip"": 21, ""volatility_window"": 60, ""window"": 189}",4181,503.0,423.0,0.9698636689787132,0.2727272727272727,0.5555555555555556,4181,0.2525922910261981,0.2739794962858675,0.018712612438341415,0.02750125341117382,0.8215508448228889,0.411332575113839,0.5642416769420469,0.5927835051546392,0.7058823529411765,0.014690254622284878,0.019198909401893616,0.8525313706964217,0.39391923516073934,0.5686806411837237,0.5721649484536082,0.5882352941176471,0.002827721808114894,0.003259129822254181,0.33831765779413664,0.7351238184573146,0.5235511713933415,0.5309278350515464,0.5294117647058824,0.01186253268032825,0.013450473546981812,1.0680711145450186,0.285488434433555,0.6014796547472256,0.6030927835051546,0.8235294117647058,-0.004517405442767185,-0.005429275333881378,-0.954964853191258,0.33959547113906474,0.5573366214549939,0.5360824742268041,0.5882352941176471,no_stable_structure,none,none,middle_minus_q1,0.01186253268032825,1.0680711145450186,1.0680711145450186,0.6030927835051546,0.8235294117647058,,,,,,,,,0.9698636689787132,True,448,2240,no_stable_structure,No stable monotonic or tail structure passed the descriptive rules.,0.010680711145450186
trend|SMA20|h63,trend|SMA20,trend,SMA20,63,"{""window"": 20}",4181,503.0,426.0,0.9849318344893566,-0.709090909090909,0.7777777777777778,4181,0.0047794827955962415,0.004431939494543262,-0.010486502748924653,-0.008936102967709303,-1.2523495045511388,0.2104425374918194,0.5250121418164158,0.5025380710659898,0.5882352941176471,-0.0024060277340689656,-0.0007171975448727608,-0.6320685434888964,0.527342089082319,0.5055852355512385,0.5482233502538071,0.5294117647058824,0.0013580090525915603,0.0007376484572887421,0.428512418616523,0.6682780941174277,0.5072850898494414,0.5380710659898477,0.5882352941176471,-0.0037640367746034267,-0.0012720217928290367,-1.067592966626183,0.2857041576441446,0.5109276347741623,0.5431472081218274,0.7058823529411765,0.0025610229097386564,0.0014560800045728683,0.928095922668089,0.35335781444482695,0.5184555609519184,0.5532994923857868,0.47058823529411764,no_stable_structure,none,none,middle_minus_q1,-0.0037640367746034267,-1.067592966626183,1.067592966626183,0.5431472081218274,0.7058823529411765,,,,,,,,,0.9849318344893566,True,448,2240,no_stable_structure,No stable monotonic or tail structure passed the descriptive rules.,0.01067592966626183
trend|SMA250|h5,trend|SMA250,trend,SMA250,5,"{""window"": 250}",4181,503.0,428.0,0.9988041138483617,-0.38181818181818183,0.4444444444444444,4181,0.9631305067407238,0.9669693035417594,0.0043219309256138224,0.011637638788670301,0.6868370266593488,0.4921854340368865,0.5225095785440613,0.56,0.5882352941176471,-0.00042555559623164217,0.00129408435896039,-0.43541597656301656,0.6632605157458171,0.4753352490421456,0.48,0.4117647058823529,0.00012991785201168452,0.001321813091635704,0.27836130533536185,0.7807350199678053,0.5428639846743295,0.57,0.4117647058823529,-0.0005554734552614199,0.0002576131373643875,-0.8138199924349198,0.41574808018678355,0.49449233716475094,0.53,0.5294117647058824,0.00034269566433444006,0.0003569931723177433,1.0675511278174108,0.2857230390563641,0.5158045977011494,0.51,0.5294117647058824,no_stable_structure,none,none,edges_minus_middle,0.00034269566433444006,1.0675511278174108,1.0675511278174108,0.51,0.5294117647058824,,,,,,,,,0.9988041138483617,True,448,2240,no_stable_structure,No stable monotonic or tail structure passed the descriptive rules.,0.010675511278174107
price_volume_confirmation|pvc_12m_1m_liq20_252|h5,price_volume_confirmation|pvc_12m_1m_liq20_252,price_volume_confirmation,pvc_12m_1m_liq20_252,5,"{""confirmation_strength"": 0.25, ""liquidity_clip"": 2, ""long_window"": 252, ""short_window"": 20, ""skip"": 21, ""window"": 252}",4181,503.0,428.0,0.9988041138483617,0.1515151515151515,0.6666666666666666,4181,0.9693882957194985,0.9722968590078483,0.013266190096088233,0.02202102355659008,2.089485227362404,0.03666406637702617,0.5397509578544061,0.585,0.8235294117647058,0.0004636624344199507,0.0021829002071172,0.5094328517206584,0.6104488541153792,0.5383141762452107,0.53,0.6470588235294118,0.0005230976774718436,0.0014251945540308952,1.0672207540632557,0.2858721628627764,0.5383141762452107,0.575,0.6470588235294118,-5.943523004019483e-05,0.0008407173445448279,-0.0979520890994551,0.9219703376981165,0.4724616858237548,0.475,0.4117647058823529,0.0002912664466368711,0.0002656634896993637,0.9346308198282375,0.34997859024321853,0.5122126436781609,0.55,0.5294117647058824,no_stable_structure,none,none,q10_minus_middle,0.0005230976774718436,1.0672207540632557,1.0672207540632557,0.575,0.6470588235294118,,,,,,,,,0.9988041138483617,True,448,2240,no_stable_structure,No stable monotonic or tail structure passed the descriptive rules.,0.010672207540632557
momentum|12m-2m|h126,momentum|12m-2m,momentum,12m-2m,126,"{""skip"": 42, ""window"": 252}",4181,503.0,423.0,0.9698636689787132,0.2606060606060606,0.4444444444444444,4181,0.36395962816475597,0.39650052298134436,0.009425134390668511,0.014856906607747078,0.38440948017621485,0.7006749751513887,0.5432799013563502,0.5309278350515464,0.6470588235294118,0.011635125524556188,0.02091061696410179,0.6034078279066895,0.5462374160063117,0.5800246609124537,0.5824742268041238,0.6470588235294118,0.009614071965420851,0.002604622393846512,1.0633477068176358,0.2876242979339946,0.5203452527743526,0.5154639175257731,0.5294117647058824,0.0020210535690973887,0.014853119850158691,0.13463323221322426,0.8929018653045748,0.581750924784217,0.5876288659793815,0.5882352941176471,0.0037965091885298345,0.0016760341823101044,0.48771987678098244,0.6257482707075568,0.5109741060419235,0.520618556701031,0.5294117647058824,no_stable_structure,none,none,q10_minus_middle,0.009614071965420851,1.0633477068176358,1.0633477068176358,0.5154639175257731,0.5294117647058824,,,,,,,,,0.9698636689787132,True,448,2240,no_stable_structure,No stable monotonic or tail structure passed the descriptive rules.,0.010633477068176357
momentum|3m-0m|h126,momentum|3m-0m,momentum,3m-0m,126,"{""skip"": 0, ""window"": 63}",4181,503.0,424.0,0.9698636689787132,-0.32121212121212117,0.4444444444444444,4181,0.0067531059367846305,0.017922087467670753,0.00024894795682256206,0.01614873670041561,0.017911263211176344,0.9857096437129229,0.535881627620222,0.5463917525773195,0.6470588235294118,0.0074038696505758644,0.009201332926750183,0.6285897132015595,0.5296176965860897,0.5420468557336622,0.5412371134020618,0.5294117647058824,0.0092529759307377,6.416812539100647e-05,1.0594171980373557,0.2894098207237704,0.5006165228113441,0.5103092783505154,0.47058823529411764,-0.0018491063285940561,0.0022026970982551575,-0.23070726776960876,0.8175422269685824,0.48927250308261405,0.4896907216494845,0.5294117647058824,0.005551041221865091,0.0009683817625045776,0.9306472579255336,0.35203606038660984,0.5092478421701603,0.5154639175257731,0.5294117647058824,no_stable_structure,none,none,q10_minus_middle,0.0092529759307377,1.0594171980373557,1.0594171980373557,0.5103092783505154,0.47058823529411764,,,,,,,,,0.9698636689787132,True,448,2240,no_stable_structure,No stable monotonic or tail structure passed the descriptive rules.,0.010594171980373556
momentum|6m-0m|h5,momentum|6m-0m,momentum,6m-0m,5,"{""skip"": 0, ""window"": 126}",4181,503.0,429.0,0.9988041138483617,-0.4666666666666666,0.6666666666666666,4181,0.9490620862912945,0.9553303795541704,0.00259881013197492,0.014480772893875837,0.4333770028145677,0.664740904860404,0.5256226053639846,0.54,0.5882352941176471,-0.0003036272516242189,0.0011848798021674156,-0.33344315367076144,0.7387997931740098,0.4743773946360153,0.495,0.47058823529411764,0.00017712517131178063,0.0008916216902434826,0.3902941205779533,0.6963190703641817,0.5313697318007663,0.525,0.47058823529411764,-0.00048075242718727745,0.0002520577982068062,-0.7578207893933666,0.4485582749649598,0.492816091954023,0.515,0.6470588235294118,0.0003289388132473843,0.0003319797106087208,1.0566339624771124,0.29067867423182236,0.5134099616858238,0.485,0.5882352941176471,no_stable_structure,none,none,edges_minus_middle,0.0003289388132473843,1.0566339624771124,1.0566339624771124,0.485,0.5882352941176471,,,,,,,,,0.9988041138483617,True,448,2240,no_stable_structure,No stable monotonic or tail structure passed the descriptive rules.,0.010566339624771125
momentum|6m-0m|h252,momentum|6m-0m,momentum,6m-0m,252,"{""skip"": 0, ""window"": 126}",4181,503.0,419.0,0.9397273379574265,-0.3696969696969697,0.6666666666666666,4181,-0.0070927747828021795,-0.00027345231336286667,0.005280455779068238,0.009463142603635788,0.22695948017428072,0.820455250125731,0.5227793331636549,0.5053191489361702,0.4375,0.008213885839019691,0.02503039687871933,0.28727954922492477,0.7738982803408309,0.5464494782387376,0.526595744680851,0.5625,0.016408350310018385,0.011673390865325928,1.0538595896011893,0.29194720649721984,0.5421226775260881,0.5478723404255319,0.5,-0.008194464432598525,0.011726617813110352,-0.35695853360203933,0.7211228487852449,0.45914991091880886,0.4734042553191489,0.4375,0.012301407458716242,0.008300304412841797,0.9160515415187092,0.3596398622743059,0.5474675489946551,0.5425531914893617,0.5625,no_stable_structure,none,none,q10_minus_middle,0.016408350310018385,1.0538595896011893,1.0538595896011893,0.5478723404255319,0.5,,,,,,,,,0.9397273379574265,True,448,2240,no_stable_structure,No stable monotonic or tail structure passed the descriptive rules.,0.010538595896011893
trend|SMA250|h126,trend|SMA250,trend,SMA250,126,"{""window"": 250}",4181,503.0,423.0,0.9698636689787132,-0.06666666666666665,0.5555555555555556,4181,0.2870943214606812,0.30681551990666056,0.009606323537327434,0.023763587698340416,0.45382006439519135,0.6499583409938046,0.554130702836005,0.5412371134020618,0.5294117647058824,0.011904285067024052,0.016747966408729553,0.6403681955495557,0.5219332546345256,0.5588162762022195,0.5515463917525774,0.47058823529411764,0.00986882149947821,0.0027786344289779663,1.0516270835964217,0.2929706768169834,0.518865598027127,0.5257731958762887,0.47058823529411764,0.0020354636296005197,0.006178028881549835,0.1477129253981428,0.882569330549868,0.5442663378545006,0.5412371134020618,0.5882352941176471,0.00391667890379667,0.0009497553110122681,0.5401393040339765,0.5891009669677985,0.5065351418002466,0.5154639175257731,0.5882352941176471,no_stable_structure,none,none,q10_minus_middle,0.00986882149947821,1.0516270835964217,1.0516270835964217,0.5257731958762887,0.47058823529411764,,,,,,,,,0.9698636689787132,True,448,2240,no_stable_structure,No stable monotonic or tail structure passed the descriptive rules.,0.010516270835964216
trend_slope|slope_50d|h5,trend_slope|slope_50d,trend_slope,slope_50d,5,"{""window"": 50}",4181,503.0,429.0,0.9988041138483617,-0.7939393939393938,0.5555555555555556,4181,0.9426310479622554,0.9466683136799383,-0.005223003597880452,0.0005243881460046396,-1.0197888820701835,0.3078285971396463,0.4985632183908046,0.525,0.5882352941176471,-0.0006777114375212638,9.9176075309515e-05,-0.8538551814455473,0.39318523515834514,0.49808429118773945,0.53,0.5294117647058824,-0.00011031099643332709,0.0001741591840982437,-0.2615597920821464,0.793660846290974,0.491139846743295,0.475,0.5882352941176471,-0.0005674004360221209,0.00012398441322147846,-1.0511865282610062,0.2931729292467359,0.4964080459770115,0.55,0.5882352941176471,0.00022854471235161147,0.00025186798302456737,0.8229920883911337,0.41051249253107347,0.5114942528735632,0.53,0.5882352941176471,no_stable_structure,none,none,middle_minus_q1,-0.0005674004360221209,-1.0511865282610062,1.0511865282610062,0.55,0.5882352941176471,,,,,,,,,0.9988041138483617,True,448,2240,no_stable_structure,No stable monotonic or tail structure passed the descriptive rules.,0.010511865282610063
trend|SMA200|h1,trend|SMA200,trend,SMA200,1,"{""window"": 200}",4181,503.0,429.0,0.9997608227696724,-0.5636363636363636,0.5555555555555556,4181,0.9902682973514342,0.9916527643178009,0.006245698138533635,0.01915742550045252,1.7552487206987928,0.07921677355771799,0.5313397129186603,0.55,0.7058823529411765,-0.00016618121750836603,0.0005636891582980752,-0.671164861594531,0.5021155107521675,0.47464114832535886,0.51,0.5294117647058824,-2.179592458264452e-06,0.000311827112454921,-0.01700168302091333,0.9864352731101504,0.4767942583732057,0.495,0.6470588235294118,-0.0001640016263242645,0.00013557204511016607,-1.015029951790261,0.3100915502165912,0.49234449760765553,0.55,0.5882352941176471,8.09110181740904e-05,0.000135879497975111,1.0494829625921662,0.29395589261168065,0.5153110047846889,0.55,0.5882352941176471,no_stable_structure,none,none,edges_minus_middle,8.09110181740904e-05,1.0494829625921662,1.0494829625921662,0.55,0.5882352941176471,,,,,,,,,0.9997608227696724,True,448,2240,no_stable_structure,No stable monotonic or tail structure passed the descriptive rules.,0.010494829625921662
momentum|6m-1m|h63,momentum|6m-1m,momentum,6m-1m,63,"{""skip"": 21, ""window"": 126}",4181,503.0,426.0,0.9849318344893566,-0.18787878787878787,0.6666666666666666,4181,0.36599161884985737,0.38267479095474444,-0.003220060518878954,0.010858538094907999,-0.24651072846554706,0.8052869005264937,0.4728023312287518,0.4619289340101523,0.47058823529411764,0.004633080757184849,0.003668414894491434,0.6844055668223015,0.4937191017556448,0.5242836328314716,0.5076142131979695,0.5294117647058824,0.004628975990769384,0.0020628198981285095,1.0476981864813888,0.29477768337948773,0.5174842156386595,0.5482233502538071,0.5882352941176471,4.104780811896062e-06,-0.0019098858465440571,0.0008346293225895922,0.9993340622268284,0.4832442933462846,0.4517766497461929,0.5882352941176471,0.0023124356232234107,0.0028381068259477615,0.7171360239499565,0.4732901697450693,0.5332685769791161,0.5380710659898477,0.5294117647058824,no_stable_structure,none,none,q10_minus_middle,0.004628975990769384,1.0476981864813888,1.0476981864813888,0.5482233502538071,0.5882352941176471,,,,,,,,,0.9849318344893566,True,448,2240,no_stable_structure,No stable monotonic or tail structure passed the descriptive rules.,0.010476981864813889
momentum|12m-0m|h5,momentum|12m-0m,momentum,12m-0m,5,"{""skip"": 0, ""window"": 252}",4181,503.0,428.0,0.9988041138483617,-0.06666666666666665,0.4444444444444444,4181,0.973932802264558,0.9771155074161167,0.010740687762134056,0.020861205644905567,1.6748541866628277,0.09396284421502232,0.5366379310344828,0.605,0.7647058823529411,5.0492560272701053e-05,0.0019441647455096245,0.05151302242928973,0.9589167252310506,0.5316091954022989,0.545,0.47058823529411764,0.0003819719705492828,0.0014967897441238165,0.7799980239302369,0.43539203830690365,0.5454980842911877,0.545,0.5294117647058824,-0.0003314794033926477,0.0006011577788740396,-0.4806453350657056,0.6307685889124466,0.4849137931034483,0.48,0.4117647058823529,0.0003567257209881579,0.0005200044251978397,1.0405602372736527,0.2980796936061071,0.5251436781609196,0.535,0.5294117647058824,no_stable_structure,none,none,edges_minus_middle,0.0003567257209881579,1.0405602372736527,1.0405602372736527,0.535,0.5294117647058824,,,,,,,,,0.9988041138483617,True,448,2240,no_stable_structure,No stable monotonic or tail structure passed the descriptive rules.,0.010405602372736527
momentum|6m-0m|h1,momentum|6m-0m,momentum,6m-0m,1,"{""skip"": 0, ""window"": 126}",4181,503.0,429.0,0.9997608227696724,-0.406060606060606,0.6666666666666666,4181,0.9891246571719916,0.9907593065274286,0.007396748720303554,0.017337988130748272,2.135155568226021,0.032748304882097456,0.5330143540669856,0.58,0.7058823529411765,-0.00010150196430739572,0.000389502034522593,-0.4258132970385369,0.670243896942434,0.48110047846889953,0.515,0.47058823529411764,3.062488531953383e-05,0.0002884928253479302,0.24187527124750016,0.8088768119664704,0.5258373205741627,0.52,0.47058823529411764,-0.00013212685333453475,0.00020159303676337004,-0.8420983545066175,0.3997329022552232,0.48851674641148324,0.535,0.6470588235294118,8.137587105028741e-05,0.00020596437389031053,1.0402579863290236,0.29822005783827876,0.5203349282296651,0.525,0.6470588235294118,no_stable_structure,none,none,edges_minus_middle,8.137587105028741e-05,1.0402579863290236,1.0402579863290236,0.525,0.6470588235294118,,,,,,,,,0.9997608227696724,True,448,2240,no_stable_structure,No stable monotonic or tail structure passed the descriptive rules.,0.010402579863290235
trend_slope|slope_250d|h63,trend_slope|slope_250d,trend_slope,slope_250d,63,"{""window"": 250}",4181,503.0,425.0,0.9849318344893566,0.8181818181818182,0.5555555555555556,4181,0.7373135521945438,0.7556896018476118,0.010597160254985302,0.01586122438311577,0.5825308862672108,0.5602091434907799,0.5352112676056338,0.5431472081218274,0.5294117647058824,0.006964460115428813,0.0025266804732382298,0.7064587691418701,0.47990288465409225,0.5165128703254007,0.5126903553299492,0.5882352941176471,0.005248417297055114,-0.00012170709669589996,1.0394855728707837,0.29857896435831177,0.49781447304516757,0.45685279187817257,0.5294117647058824,0.0017160428356607239,0.005048837978392839,0.23777231916037556,0.812057689128171,0.537639630888781,0.5177664974619289,0.5294117647058824,0.0017661872681901095,0.001366540789604187,0.463921717536147,0.6427038325398629,0.5140845070422535,0.5177664974619289,0.5882352941176471,no_stable_structure,none,none,q10_minus_middle,0.005248417297055114,1.0394855728707837,1.0394855728707837,0.45685279187817257,0.5294117647058824,,,,,,,,,0.9849318344893566,True,448,2240,no_stable_structure,No stable monotonic or tail structure passed the descriptive rules.,0.010394855728707837
momentum|6m-2m|h42,momentum|6m-2m,momentum,6m-2m,42,"{""skip"": 42, ""window"": 126}",4181,503.0,427.0,0.9899545563262377,0.09090909090909088,0.4444444444444444,4181,0.4551840148570593,0.468390204793504,-0.0020696226460861994,0.013987161219120026,-0.17744397085720331,0.8591596715175023,0.4718531046146412,0.4595959595959596,0.47058823529411764,0.004817355131847668,0.004829861223697662,1.0386219916170472,0.2989805738729493,0.538294273979222,0.5252525252525253,0.6470588235294118,0.00299481500715209,0.00285174697637558,0.9462947517496001,0.3439982694832153,0.5315293549166465,0.5404040404040404,0.5882352941176471,0.001822540121851292,0.0016218936070799828,0.5496939532721751,0.5825293049306538,0.5189659338004349,0.5303030303030303,0.6470588235294118,0.0005861373887583884,0.0007364805787801743,0.2588843823312994,0.7957244485982642,0.5114762019811548,0.51010101010101,0.5294117647058824,no_stable_structure,none,none,q10_minus_q1,0.004817355131847668,1.0386219916170472,1.0386219916170472,0.5252525252525253,0.6470588235294118,,,,,,,,,0.9899545563262377,True,448,2240,no_stable_structure,No stable monotonic or tail structure passed the descriptive rules.,0.010386219916170471
volatility_scaled_momentum|vsmom_9m_1m_vol60|h63,volatility_scaled_momentum|vsmom_9m_1m_vol60,volatility_scaled_momentum,vsmom_9m_1m_vol60,63,"{""skip"": 21, ""volatility_window"": 60, ""window"": 189}",4181,503.0,425.0,0.9849318344893566,0.4424242424242424,0.5555555555555556,4181,0.592307624985087,0.6068265355295189,0.011400137455229956,0.02561495639383793,0.6923185407734291,0.48873730908250723,0.5701796988829528,0.5939086294416244,0.5882352941176471,0.00767095064490603,0.01071385107934475,0.9181082658811613,0.35856218780930393,0.565808644973288,0.583756345177665,0.5882352941176471,0.0019786839181372526,0.00397849828004837,0.5062168606792027,0.6127044199162432,0.5412821758135017,0.5482233502538071,0.5882352941176471,0.005692266749229188,0.00699717178940773,1.0356020520222065,0.3003878342687639,0.5665371539582321,0.5482233502538071,0.6470588235294118,-0.0018567914491093701,-0.0025026286020874977,-0.8070568956761465,0.419633704398103,0.5458960660514813,0.5532994923857868,0.5294117647058824,no_stable_structure,none,none,middle_minus_q1,0.005692266749229188,1.0356020520222065,1.0356020520222065,0.5482233502538071,0.6470588235294118,,,,,,,,,0.9849318344893566,True,448,2240,no_stable_structure,No stable monotonic or tail structure passed the descriptive rules.,0.010356020520222064
momentum|9m-0m|h21,momentum|9m-0m,momentum,9m-0m,21,"{""skip"": 0, ""window"": 189}",4181,503.0,428.0,0.9949772781631189,0.12727272727272726,0.5555555555555556,4181,0.8682111666154202,0.880035953260761,0.004106466260692471,0.02792870346456766,0.35577804920938855,0.722006789108367,0.551923076923077,0.542713567839196,0.5882352941176471,0.0011973975030671752,0.006008273921906948,0.3351190651551943,0.7375352716605063,0.5475961538461539,0.5477386934673367,0.47058823529411764,0.0017907062774051715,0.0029885824769735336,1.0298002891308953,0.3031037649985504,0.5497596153846154,0.5628140703517588,0.7058823529411765,-0.0005933088298311654,0.0028369369683787227,-0.23015814313698263,0.8179688856927609,0.46802884615384616,0.48743718592964824,0.47058823529411764,0.0011920075663440983,0.00024497974663972855,0.9300087284973466,0.35236656523252785,0.5052884615384615,0.507537688442211,0.6470588235294118,no_stable_structure,none,none,q10_minus_middle,0.0017907062774051715,1.0298002891308953,1.0298002891308953,0.5628140703517588,0.7058823529411765,,,,,,,,,0.9949772781631189,True,448,2240,no_stable_structure,No stable monotonic or tail structure passed the descriptive rules.,0.010298002891308953
short_term_reversal|reversal_21d|h126,short_term_reversal|reversal_21d,short_term_reversal,reversal_21d,126,"{""window"": 21}",4181,503.0,424.0,0.9698636689787132,0.43030303030303024,0.6666666666666666,4181,0.007500859539796308,0.010105439069785633,0.0027412389237141555,-0.002709695603698492,0.29024186674065094,0.7716312089882886,0.4897657213316893,0.5051546391752577,0.5294117647058824,-0.002724763163584761,-0.005258932709693909,-0.3853990801615559,0.6999417639696738,0.528976572133169,0.5154639175257731,0.5294117647058824,0.0040424598697297335,-0.0011726170778274536,0.5854257080080706,0.5582615069135899,0.49297163995067816,0.5309278350515464,0.5294117647058824,-0.00676722290825774,-0.003193311393260956,-1.0256611509289848,0.30505133233387294,0.5210850801479655,0.5463917525773195,0.5294117647058824,0.005404841382993539,0.0011436007916927338,0.9392877694868554,0.34758301633165145,0.509494451294698,0.5309278350515464,0.5294117647058824,no_stable_structure,none,none,middle_minus_q1,-0.00676722290825774,-1.0256611509289848,1.0256611509289848,0.5463917525773195,0.5294117647058824,,,,,,,,,0.9698636689787132,True,448,2240,no_stable_structure,No stable monotonic or tail structure passed the descriptive rules.,0.010256611509289849
short_term_reversal|reversal_10d|h42,short_term_reversal|reversal_10d,short_term_reversal,reversal_10d,42,"{""window"": 10}",4181,503.0,427.0,0.9899545563262377,0.7333333333333332,0.7777777777777778,4181,-0.003723895418558315,-0.000593460733484257,0.009337609948794848,0.005704901646822691,1.3249590613756204,0.18518472994378588,0.5167914955303213,0.5707070707070707,0.5882352941176471,0.0018933963293671396,-0.0003598816692829132,0.6875561915985795,0.4917323037113387,0.49697994684706454,0.5303030303030303,0.5294117647058824,0.002457896315783067,-0.0003055017441511154,1.0243681931721416,0.30566139935358183,0.49649673834259483,0.5303030303030303,0.6470588235294118,-0.0005645000419234504,0.0005844663828611374,-0.26493281132717994,0.7910612214045931,0.49335588306354194,0.51010101010101,0.47058823529411764,0.0015111982073523708,0.000612601637840271,0.8379055333463559,0.40208376083402986,0.5095433679632762,0.5252525252525253,0.5294117647058824,no_stable_structure,none,none,q10_minus_middle,0.002457896315783067,1.0243681931721416,1.0243681931721416,0.5303030303030303,0.6470588235294118,,,,,,,,,0.9899545563262377,True,448,2240,no_stable_structure,No stable monotonic or tail structure passed the descriptive rules.,0.010243681931721416
trend|SMA50|h126,trend|SMA50,trend,SMA50,126,"{""window"": 50}",4181,503.0,424.0,0.9698636689787132,-0.2727272727272727,0.7777777777777778,4181,0.010649815855547915,0.0200256814292824,-0.0020531103001125255,0.0057809543795883656,-0.17334350060331125,0.8623814326650384,0.48532675709001233,0.520618556701031,0.4117647058823529,0.003774231027768128,0.006224915385246277,0.40650610735076104,0.6843707704474523,0.524537607891492,0.5051546391752577,0.47058823529411764,0.007646845302253998,0.003609113395214081,1.0200493344291486,0.3077050637951928,0.5205918618988903,0.5051546391752577,0.5294117647058824,-0.003872614309195149,0.0012426003813743591,-0.5012709925833284,0.6161804171613167,0.4932182490752158,0.4896907216494845,0.5294117647058824,0.005759729823251467,0.0032571256160736084,0.954788013699592,0.3396849101221977,0.5267570900123305,0.5463917525773195,0.47058823529411764,no_stable_structure,none,none,q10_minus_middle,0.007646845302253998,1.0200493344291486,1.0200493344291486,0.5051546391752577,0.5294117647058824,,,,,,,,,0.9698636689787132,True,448,2240,no_stable_structure,No stable monotonic or tail structure passed the descriptive rules.,0.010200493344291486
momentum|6m-1m|h252,momentum|6m-1m,momentum,6m-1m,252,"{""skip"": 21, ""window"": 126}",4181,503.0,419.0,0.9397273379574265,-0.34545454545454546,0.5555555555555556,4181,-0.006655150838388318,0.002833541325800593,0.005692977288936012,0.012764367274940014,0.2548621830266174,0.7988295454895405,0.5390684652583354,0.526595744680851,0.4375,0.006439709761667097,0.01689767837524414,0.2472208498013069,0.8047373102110942,0.5365232883685416,0.5212765957446809,0.5625,0.01516991672148754,0.009302124381065369,1.01971462432885,0.30786382382355204,0.535505217612624,0.5372340425531915,0.5,-0.00873020713327305,0.006578307598829269,-0.4158266551651828,0.6775368524910861,0.4759480783914482,0.4574468085106383,0.4375,0.011950062173870258,0.010933075100183487,0.9405753014087984,0.3469225438767989,0.5584118096207686,0.5904255319148937,0.5,no_stable_structure,none,none,q10_minus_middle,0.01516991672148754,1.01971462432885,1.01971462432885,0.5372340425531915,0.5,,,,,,,,,0.9397273379574265,True,448,2240,no_stable_structure,No stable monotonic or tail structure passed the descriptive rules.,0.0101971462432885
risk_adjusted_trend|risk_trend_100d|h1,risk_adjusted_trend|risk_trend_100d,risk_adjusted_trend,risk_trend_100d,1,"{""window"": 100}",4181,503.0,429.0,0.9997608227696724,-0.6,0.5555555555555556,4181,0.9991074604103396,0.9991903488790163,0.006714006620527405,0.015079019125550985,2.0634111584734143,0.039073580682704466,0.5318181818181819,0.57,0.7058823529411765,-0.00016803005780044634,0.00032721227034926414,-0.8307413326369428,0.4061197713264997,0.4880382775119617,0.51,0.6470588235294118,-4.6021808632292994e-05,0.00018338183872401714,-0.4136217011551438,0.6791511777276693,0.48325358851674644,0.505,0.5294117647058824,-0.00012200824655846925,5.943328142166138e-05,-1.0192946291052583,0.3080631130451591,0.4925837320574163,0.55,0.6470588235294118,3.799321624787656e-05,2.6990543119609356e-05,0.6795249317317571,0.4968053159770943,0.5028708133971291,0.505,0.6470588235294118,no_stable_structure,none,none,middle_minus_q1,-0.00012200824655846925,-1.0192946291052583,1.0192946291052583,0.55,0.6470588235294118,,,,,,,,,0.9997608227696724,True,448,2240,no_stable_structure,No stable monotonic or tail structure passed the descriptive rules.,0.010192946291052583
momentum|24m-0m|h252,momentum|24m-0m,momentum,24m-0m,252,"{""skip"": 0, ""window"": 504}",4181,503.0,417.0,0.9397273379574265,-0.6848484848484848,0.6666666666666666,4029,0.42226564914464676,0.44505078807793963,-0.021820731567088403,-0.011277709156274796,-0.6405914441263957,0.5217881598389618,0.5263425808093662,0.5372340425531915,0.5625,-0.015476470869570234,0.007255643606185913,-0.3754561206356808,0.7073212741121817,0.4835836090608297,0.4734042553191489,0.5625,0.008425888681742079,-0.0022252555936574936,0.4753817534432718,0.6345148975592945,0.49427335199796385,0.48936170212765956,0.5,-0.023902359417504324,0.009185068309307098,-0.7409983230396023,0.4586944571068913,0.47340290150165437,0.4734042553191489,0.5,0.016164124051697284,0.011335834860801697,1.0171287480784716,0.30909218599947264,0.5548485619750573,0.5425531914893617,0.6875,no_stable_structure,none,none,edges_minus_middle,0.016164124051697284,1.0171287480784716,1.0171287480784716,0.5425531914893617,0.6875,,,,,,,,,0.9397273379574265,True,448,2240,no_stable_structure,No stable monotonic or tail structure passed the descriptive rules.,0.010171287480784717
trend_slope|slope_250d|h42,trend_slope|slope_250d,trend_slope,slope_250d,42,"{""window"": 250}",4181,503.0,425.0,0.9899545563262377,0.7212121212121211,0.6666666666666666,4181,0.8648820084318332,0.875492231585751,0.010781880387946694,0.014501462690532207,0.7107044291205689,0.477267414449687,0.5341870016912298,0.5303030303030303,0.5294117647058824,0.004266713270499013,0.003285616636276245,0.6403804717314706,0.521925275499928,0.527663686880889,0.5353535353535354,0.5882352941176471,0.0035225428750479287,0.001687927171587944,1.0138342243298606,0.3106618615730342,0.5143754530079729,0.5050505050505051,0.5882352941176471,0.0007441703712869597,0.0052241794764995575,0.1509141812538052,0.8800434135906223,0.541435129258275,0.5353535353535354,0.5294117647058824,0.0013891861908302957,0.0015552490949630737,0.5215128687114271,0.6020095433120485,0.5208987678183136,0.5202020202020202,0.5882352941176471,no_stable_structure,none,none,q10_minus_middle,0.0035225428750479287,1.0138342243298606,1.0138342243298606,0.5050505050505051,0.5882352941176471,,,,,,,,,0.9899545563262377,True,448,2240,no_stable_structure,No stable monotonic or tail structure passed the descriptive rules.,0.010138342243298605
trend|SMA200|h63,trend|SMA200,trend,SMA200,63,"{""window"": 200}",4181,503.0,425.0,0.9849318344893566,-0.22424242424242422,0.5555555555555556,4181,0.5083042858186432,0.5240849077927862,-0.0028262446791362124,0.012453070376068354,-0.19246966261525728,0.8473743293530982,0.4742593491986401,0.48223350253807107,0.4117647058823529,0.004845436994974004,0.009079606272280216,0.6073713685277444,0.5436044850127009,0.5524526469159786,0.5431472081218274,0.5882352941176471,0.004159448010973169,0.004254801198840141,1.0130432676435677,0.31103949456763846,0.5429820301117048,0.5177664974619289,0.47058823529411764,0.0006859889750392866,0.0015290845185518265,0.1144971117014306,0.9088437358715123,0.5104419621175328,0.49238578680203043,0.5294117647058824,0.001736729381140774,0.0014981154818087816,0.5368322443583672,0.5913834966516348,0.5228266148615833,0.5380710659898477,0.47058823529411764,no_stable_structure,none,none,q10_minus_middle,0.004159448010973169,1.0130432676435677,1.0130432676435677,0.5177664974619289,0.47058823529411764,,,,,,,,,0.9849318344893566,True,448,2240,no_stable_structure,No stable monotonic or tail structure passed the descriptive rules.,0.010130432676435677
trend_slope|slope_50d|h63,trend_slope|slope_50d,trend_slope,slope_50d,63,"{""window"": 50}",4181,503.0,426.0,0.9849318344893566,-0.41818181818181815,0.5555555555555556,4181,-0.00716849563347305,0.005180386561835345,-0.009874796748901125,-0.005225973669439554,-0.7581323846271305,0.44837173427159327,0.5118989800874211,0.5431472081218274,0.5294117647058824,0.0009616728250519429,-0.0004718611016869545,0.15599270752131097,0.876038769409529,0.49708596406022343,0.467005076142132,0.4117647058823529,0.0036106417817538565,0.003140874207019806,0.9053848873707011,0.36526151919421734,0.5279261777561923,0.5482233502538071,0.5882352941176471,-0.002648968949422422,-0.0009403470903635025,-0.5615969894193098,0.5743906320687506,0.5138416707139388,0.5177664974619289,0.5294117647058824,0.003129805329494584,0.003347894176840782,1.0114636100101666,0.31179458955509076,0.5449247207382224,0.5583756345177665,0.47058823529411764,no_stable_structure,none,none,edges_minus_middle,0.003129805329494584,1.0114636100101666,1.0114636100101666,0.5583756345177665,0.47058823529411764,,,,,,,,,0.9849318344893566,True,448,2240,no_stable_structure,No stable monotonic or tail structure passed the descriptive rules.,0.010114636100101666
trend|SMA200|h252,trend|SMA200,trend,SMA200,252,"{""window"": 200}",4181,503.0,419.0,0.9397273379574265,-0.38181818181818183,0.5555555555555556,4181,-0.007021942281166372,0.0028763423142464852,0.005489696713697147,0.013013677671551704,0.22239204522876416,0.8240087037734993,0.5278696869432425,0.5159574468085106,0.5,0.005441216209708514,0.029937515035271645,0.1780125462018974,0.8587131226659857,0.5571392211758717,0.5531914893617021,0.5625,0.015054088057919324,0.010733261704444885,1.00978951734606,0.31259614346308007,0.5385594298803766,0.526595744680851,0.4375,-0.009612871937277865,0.014798715710639954,-0.3797694774347285,0.7041165413340151,0.4456604734029015,0.44680851063829785,0.4375,0.012333479988798557,0.011646613478660583,0.8767070936177079,0.3806457528199565,0.5708831763807585,0.5638297872340425,0.5625,no_stable_structure,none,none,q10_minus_middle,0.015054088057919324,1.00978951734606,1.00978951734606,0.526595744680851,0.4375,,,,,,,,,0.9397273379574265,True,448,2240,no_stable_structure,No stable monotonic or tail structure passed the descriptive rules.,0.010097895173460601
momentum|12m-1m|h126,momentum|12m-1m,momentum,12m-1m,126,"{""skip"": 21, ""window"": 252}",4181,503.0,423.0,0.9698636689787132,0.10303030303030303,0.3333333333333333,4181,0.41131858827246676,0.4412117456004737,0.008810097121819982,0.01886320672929287,0.36175596686230105,0.7175343999384753,0.5393341553637485,0.5463917525773195,0.6470588235294118,0.012101442782718196,0.01624091900885105,0.6271965053057937,0.5305304337212797,0.5630086313193589,0.5773195876288659,0.6470588235294118,0.009285796232838482,0.0016248226165771484,1.006775039277628,0.3140428921890215,0.5097410604192355,0.5360824742268041,0.5294117647058824,0.002815646641734418,0.012890458106994629,0.1885338325393992,0.8504581964916551,0.5637484586929716,0.5567010309278351,0.5294117647058824,0.003235074806884942,0.0011137351393699646,0.4142632878456935,0.6786812970660816,0.5090012330456227,0.5103092783505154,0.47058823529411764,no_stable_structure,none,none,q10_minus_middle,0.009285796232838482,1.006775039277628,1.006775039277628,0.5360824742268041,0.5294117647058824,,,,,,,,,0.9698636689787132,True,448,2240,no_stable_structure,No stable monotonic or tail structure passed the descriptive rules.,0.01006775039277628
trend|SMA250|h252,trend|SMA250,trend,SMA250,252,"{""window"": 250}",4181,503.0,419.0,0.9397273379574265,-0.35757575757575755,0.5555555555555556,4181,-0.011054559187365158,-0.0015792650425006161,0.006053431602616611,0.016138557344675064,0.2275679957368285,0.8199821028445196,0.535505217612624,0.5319148936170213,0.5,0.0060982338308559845,0.030458718538284302,0.18912163309521723,0.8499974866764455,0.5528124204632222,0.5319148936170213,0.5,0.015439232058261802,0.010673195123672485,1.0048849427727464,0.31495225562261564,0.5411046067701706,0.5159574468085106,0.4375,-0.009340998301006138,0.016078423708677292,-0.3531541319912699,0.7239728925083747,0.4438788495800458,0.43617021276595747,0.4375,0.012390115103485491,0.011083558201789856,0.8593064564242585,0.39017146303784844,0.5604479511326037,0.5585106382978723,0.5625,no_stable_structure,none,none,q10_minus_middle,0.015439232058261802,1.0048849427727464,1.0048849427727464,0.5159574468085106,0.4375,,,,,,,,,0.9397273379574265,True,448,2240,no_stable_structure,No stable monotonic or tail structure passed the descriptive rules.,0.010048849427727465
momentum|24m-2m|h252,momentum|24m-2m,momentum,24m-2m,252,"{""skip"": 42, ""window"": 504}",4181,503.0,417.0,0.9397273379574265,-0.6606060606060605,0.6666666666666666,4021,0.37425827541746404,0.40577256457691413,-0.024792560180026048,-0.012567015364766121,-0.7455009435617388,0.4559689409484923,0.5385594298803766,0.526595744680851,0.5625,-0.019343487278137096,0.005393028259277344,-0.4978925660931655,0.6185597672513972,0.48816492746245865,0.48404255319148937,0.5625,0.005763789790166463,-0.0033716559410095215,0.32482022912621233,0.7453171333950899,0.4891829982183762,0.5,0.4375,-0.025107277027592273,0.011288255453109741,-0.8314634856177436,0.40571184767238755,0.463222193942479,0.46808510638297873,0.5,0.015435533444583226,0.009073920547962189,1.0047595371248184,0.31501265195898087,0.5436497836599644,0.5319148936170213,0.75,no_stable_structure,none,none,edges_minus_middle,0.015435533444583226,1.0047595371248184,1.0047595371248184,0.5319148936170213,0.75,,,,,,,,,0.9397273379574265,True,448,2240,no_stable_structure,No stable monotonic or tail structure passed the descriptive rules.,0.010047595371248184
trend|SMA50|h63,trend|SMA50,trend,SMA50,63,"{""window"": 50}",4181,503.0,426.0,0.9849318344893566,-0.6848484848484848,0.5555555555555556,4181,-0.005935542217732163,0.0012952219455403464,-0.010780940035743387,-0.007295179413631558,-0.8934467417759688,0.3716179809487974,0.5169985429820301,0.5279187817258884,0.5882352941176471,-0.0008411463809442978,-0.002928631380200386,-0.14716836936791836,0.8829991263026248,0.5138416707139388,0.5482233502538071,0.5882352941176471,0.0026482901348894796,0.0017728116363286972,0.6836225985776383,0.494213510770684,0.5167557066537154,0.5177664974619289,0.5294117647058824,-0.0034894365383083235,-0.0013799909502267838,-0.7789750080854778,0.4359944368574069,0.5111704711024769,0.5786802030456852,0.7058823529411765,0.003068863344231766,0.0031686746515333652,1.0025648243678695,0.316070874801888,0.5373967945604663,0.5685279187817259,0.47058823529411764,no_stable_structure,none,none,edges_minus_middle,0.003068863344231766,1.0025648243678695,1.0025648243678695,0.5685279187817259,0.47058823529411764,,,,,,,,,0.9849318344893566,True,448,2240,no_stable_structure,No stable monotonic or tail structure passed the descriptive rules.,0.010025648243678695
liquidity_change|liq_5d_60d|h21,liquidity_change|liq_5d_60d,liquidity_change,liq_5d_60d,21,"{""long_window"": 60, ""short_window"": 5}",4181,503.0,428.0,0.9949772781631189,-0.7818181818181817,0.6666666666666666,4181,0.02920597540375052,0.02710387757455471,-0.006870092168873481,-0.005186433903872967,-1.852111770377904,0.06400977465996845,0.5269230769230769,0.542713567839196,0.5882352941176471,-0.0011121235021094506,-0.0005158819258213043,-1.0017002496905303,0.3164883860644446,0.5115384615384615,0.5477386934673367,0.5882352941176471,-0.00031689908703181295,-0.0001284778118133545,-0.4974791439846353,0.6188512066713493,0.5064903846153846,0.5125628140703518,0.4117647058823529,-0.0007952244116005694,-0.00037617702037096024,-0.9900704435148177,0.3221396887916598,0.5108173076923077,0.5376884422110553,0.5882352941176471,0.00023916265073729357,0.0005198149010539055,0.5130546987067348,0.6079130589624302,0.5204326923076923,0.5326633165829145,0.5882352941176471,no_stable_structure,none,none,q10_minus_q1,-0.0011121235021094506,-1.0017002496905303,1.0017002496905303,0.5477386934673367,0.5882352941176471,,,,,,,,,0.9949772781631189,True,448,2240,no_stable_structure,No stable monotonic or tail structure passed the descriptive rules.,0.010017002496905302
price_volume_confirmation|pvc_6m_1m_liq5_60|h63,price_volume_confirmation|pvc_6m_1m_liq5_60,price_volume_confirmation,pvc_6m_1m_liq5_60,63,"{""confirmation_strength"": 0.25, ""liquidity_clip"": 2, ""long_window"": 60, ""short_window"": 5, ""skip"": 21, ""window"": 126}",4181,503.0,426.0,0.9849318344893566,-0.11515151515151514,0.5555555555555556,4181,0.3611961484978029,0.37714471018849416,-0.0033003520097393997,0.010478239506483078,-0.25227765599913626,0.8008264576306214,0.4728023312287518,0.4517766497461929,0.47058823529411764,0.004919213219986791,0.0038732867687940598,0.7372731948300825,0.4609562296565449,0.5240407965031568,0.5076142131979695,0.5882352941176471,0.0042429692285203685,0.002729106694459915,0.9983200976511498,0.31812416509832087,0.524769305488101,0.5380710659898477,0.5882352941176471,0.000676243936029209,-0.0018211433198302984,0.1409426678319122,0.8879152345075403,0.48980087421078194,0.4720812182741117,0.6470588235294118,0.0017833626004625266,0.0024414611980319023,0.5812767751490414,0.5610539308063819,0.5250121418164158,0.5228426395939086,0.5294117647058824,no_stable_structure,none,none,q10_minus_middle,0.0042429692285203685,0.9983200976511498,0.9983200976511498,0.5380710659898477,0.5882352941176471,,,,,,,,,0.9849318344893566,True,448,2240,no_stable_structure,No stable monotonic or tail structure passed the descriptive rules.,0.009983200976511498
price_volume_confirmation|pvc_12m_1m_liq20_252|h252,price_volume_confirmation|pvc_12m_1m_liq20_252,price_volume_confirmation,pvc_12m_1m_liq20_252,252,"{""confirmation_strength"": 0.25, ""liquidity_clip"": 2, ""long_window"": 252, ""short_window"": 20, ""skip"": 21, ""window"": 252}",4181,503.0,419.0,0.9397273379574265,-0.43030303030303024,0.5555555555555556,4181,-0.019424767929299338,0.00463142336021666,0.0025760787773203633,0.016453156247735023,0.08791443985259051,0.9299446797009606,0.5436497836599644,0.5425531914893617,0.5,0.002788175887451454,0.01792365312576294,0.08350966758744632,0.9334462906217157,0.5436497836599644,0.5425531914893617,0.5,0.015533134830338356,0.008668951690196991,0.9610519826783775,0.3365260313125492,0.5413591244591499,0.5478723404255319,0.5,-0.012744959109346886,0.016815543174743652,-0.4817431554539548,0.6299884151355291,0.44922372104861286,0.4521276595744681,0.5,0.014139046958124051,0.011233076453208923,0.9950843041738064,0.31969526379692836,0.5713922117587172,0.574468085106383,0.625,no_stable_structure,none,none,edges_minus_middle,0.014139046958124051,0.9950843041738064,0.9950843041738064,0.574468085106383,0.625,,,,,,,,,0.9397273379574265,True,448,2240,no_stable_structure,No stable monotonic or tail structure passed the descriptive rules.,0.009950843041738065
residual_momentum|resmom_12m_1m|h21,residual_momentum|resmom_12m_1m,residual_momentum,resmom_12m_1m,21,"{""skip"": 21, ""window"": 252}",4181,503.0,414.0,0.9949772781631189,0.2727272727272727,0.5555555555555556,4181,0.8895865269306834,0.8990473438878099,0.007613624364813194,0.02027598489075899,0.6964214244212685,0.4861649497576922,0.5420673076923077,0.5477386934673367,0.6470588235294118,0.0020078282545560235,0.004446785897016525,0.6169531010200562,0.5372656602982431,0.5415865384615385,0.542713567839196,0.6470588235294118,0.0016563648611246698,0.002396975876763463,0.9946473564934183,0.31990780653755624,0.5355769230769231,0.5326633165829145,0.7058823529411765,0.00035146339901425213,0.0035928674042224884,0.14421893626937518,0.8853275882804108,0.5447115384615384,0.542713567839196,0.5882352941176471,0.0006524507353578184,0.00015401281416416168,0.4991941599349037,0.61764260840935,0.503125,0.49748743718592964,0.5882352941176471,no_stable_structure,none,none,q10_minus_middle,0.0016563648611246698,0.9946473564934183,0.9946473564934183,0.5326633165829145,0.7058823529411765,,,,,,,,,0.9949772781631189,True,448,2240,no_stable_structure,No stable monotonic or tail structure passed the descriptive rules.,0.009946473564934184
residual_momentum|resmom_6m_1m|h42,residual_momentum|resmom_6m_1m,residual_momentum,resmom_6m_1m,42,"{""skip"": 21, ""window"": 126}",4181,503.0,421.0,0.9899545563262377,-0.1515151515151515,0.5555555555555556,4181,0.5586710964083503,0.5799859481765678,-0.0036891196115259465,0.006060699466615915,-0.30764919280089636,0.7583492839561321,0.48731577675767096,0.47474747474747475,0.4117647058823529,0.003926165997526939,0.0036673005670309067,0.8458624521733962,0.3976294810049119,0.5257308528630104,0.5454545454545454,0.5882352941176471,0.0028657678391637723,0.0030716732144355774,0.9946383168208995,0.31991220464538306,0.541435129258275,0.5505050505050505,0.6470588235294118,0.0010603981330353108,0.0009409934282302856,0.3037512913895768,0.7613173781553635,0.5107513892244504,0.48484848484848486,0.5882352941176471,0.0009026848896426617,0.0006617754697799683,0.4095450541299142,0.6821397102652769,0.5085769509543367,0.51010101010101,0.5294117647058824,no_stable_structure,none,none,q10_minus_middle,0.0028657678391637723,0.9946383168208995,0.9946383168208995,0.5505050505050505,0.6470588235294118,,,,,,,,,0.9899545563262377,True,448,2240,no_stable_structure,No stable monotonic or tail structure passed the descriptive rules.,0.009946383168208995
volatility_scaled_momentum|vsmom_12m_1m_vol60|h5,volatility_scaled_momentum|vsmom_12m_1m_vol60,volatility_scaled_momentum,vsmom_12m_1m_vol60,5,"{""skip"": 21, ""volatility_window"": 60, ""window"": 252}",4181,503.0,428.0,0.9988041138483617,0.24848484848484845,0.4444444444444444,4181,0.9703624859372053,0.9733633566778698,0.014168017968265768,0.026333458721637726,2.2749012171223417,0.022911856326188394,0.5454980842911877,0.605,0.8235294117647058,0.0006785148318743885,0.0020915166242048144,0.7972400509722567,0.4253116296103816,0.5395114942528736,0.54,0.6470588235294118,0.00013768822468225792,0.0008773277513682842,0.32901016873663935,0.7421480020032878,0.5296934865900383,0.545,0.35294117647058826,0.0005408266076991477,0.0010253237560391426,0.9905990914787334,0.32188138150572354,0.5299329501915708,0.55,0.7647058823529411,-0.00020156917324450196,-9.513087570667267e-05,-0.8554638545143395,0.3922944064969729,0.5050287356321839,0.56,0.6470588235294118,no_stable_structure,none,none,middle_minus_q1,0.0005408266076991477,0.9905990914787334,0.9905990914787334,0.55,0.7647058823529411,,,,,,,,,0.9988041138483617,True,448,2240,no_stable_structure,No stable monotonic or tail structure passed the descriptive rules.,0.009905990914787334
price_volume_confirmation|pvc_9m_1m_liq20_126|h252,price_volume_confirmation|pvc_9m_1m_liq20_126,price_volume_confirmation,pvc_9m_1m_liq20_126,252,"{""confirmation_strength"": 0.25, ""liquidity_clip"": 2, ""long_window"": 126, ""short_window"": 20, ""skip"": 21, ""window"": 189}",4181,503.0,419.0,0.9397273379574265,-0.13939393939393938,0.5555555555555556,4181,-0.011026227642492555,0.005528487004779324,0.00649442536184416,0.01138235256075859,0.23845434465543647,0.8115287217888236,0.52481547467549,0.5159574468085106,0.4375,0.005390433736629528,0.018231235444545746,0.1701205186261718,0.8649153571902288,0.5449223721048613,0.5425531914893617,0.4375,0.015490218008849196,0.0035082995891571045,0.9884964169594298,0.32290958837307315,0.5133621786714176,0.5106382978723404,0.4375,-0.010099784137463525,0.015495331957936287,-0.4095308232026654,0.6821501515283304,0.4426062611351489,0.44680851063829785,0.4375,0.012795001205216195,0.009319484233856201,0.9647745607097578,0.33465774038894913,0.5497582081954696,0.5531914893617021,0.5625,no_stable_structure,none,none,q10_minus_middle,0.015490218008849196,0.9884964169594298,0.9884964169594298,0.5106382978723404,0.4375,,,,,,,,,0.9397273379574265,True,448,2240,no_stable_structure,No stable monotonic or tail structure passed the descriptive rules.,0.009884964169594298
volatility_scaled_momentum|vsmom_12m_1m_vol60|h10,volatility_scaled_momentum|vsmom_12m_1m_vol60,volatility_scaled_momentum,vsmom_12m_1m_vol60,10,"{""skip"": 21, ""volatility_window"": 60, ""window"": 252}",4181,503.0,428.0,0.9976082276967233,0.11515151515151514,0.3333333333333333,4181,0.9430633300135599,0.9485640389971058,0.011400893805021944,0.017892444506287575,1.337305213675214,0.18112302985972017,0.5377607288420043,0.53,0.8235294117647058,0.0012669790959932638,0.002950083464384079,0.7725813273295689,0.43977019882141566,0.5327259649964038,0.535,0.6470588235294118,0.0002224534919458209,0.0013248735340312123,0.28011469957530016,0.7793895073440804,0.5339247182929753,0.545,0.47058823529411764,0.0010445256077804925,0.0019326743204146624,0.9882893661124746,0.323010951845508,0.5396787341165188,0.555,0.7647058823529411,-0.00041103606208648915,-0.00020676106214523315,-0.9156376109439732,0.3598569977060284,0.5109086549988012,0.515,0.5882352941176471,no_stable_structure,none,none,middle_minus_q1,0.0010445256077804925,0.9882893661124746,0.9882893661124746,0.555,0.7647058823529411,,,,,,,,,0.9976082276967233,True,448,2240,no_stable_structure,No stable monotonic or tail structure passed the descriptive rules.,0.009882893661124747
momentum|12m-1m|h10,momentum|12m-1m,momentum,12m-1m,10,"{""skip"": 21, ""window"": 252}",4181,503.0,428.0,0.9976082276967233,0.04242424242424241,0.4444444444444444,4181,0.9451927761728337,0.9507187593377282,0.009837372630849205,0.01737765036523342,1.1576598850195225,0.2470028604635528,0.5324862143370894,0.53,0.8235294117647058,0.0006677264107913,0.0023322775959968567,0.3867051041765558,0.6989745370071303,0.5260129465356029,0.51,0.5882352941176471,0.0008971932501777974,0.0019323937594890594,0.982661827847814,0.32577390371612036,0.541356988731719,0.575,0.6470588235294118,-0.00022946687021729937,0.0011655781418085098,-0.1892668033768556,0.8498837121297208,0.4730280508271398,0.46,0.4117647058823529,0.00056333007705907,0.0006463518366217613,0.8836811821040785,0.37686834139474656,0.5185806760968593,0.525,0.5294117647058824,no_stable_structure,none,none,q10_minus_middle,0.0008971932501777974,0.982661827847814,0.982661827847814,0.575,0.6470588235294118,,,,,,,,,0.9976082276967233,True,448,2240,no_stable_structure,No stable monotonic or tail structure passed the descriptive rules.,0.00982661827847814
risk_adjusted_trend|risk_trend_50d|h1,risk_adjusted_trend|risk_trend_50d,risk_adjusted_trend,risk_trend_50d,1,"{""window"": 50}",4181,503.0,429.0,0.9997608227696724,-0.8060606060606059,0.7777777777777778,4181,0.9967843302470181,0.9971508962772895,0.0017518304206106314,0.009546324610710144,0.5923477696019026,0.5536177338729331,0.522488038277512,0.515,0.5882352941176471,-0.0001519791305866694,0.00010764389298856258,-0.8189200898250195,0.41283200703701595,0.4942583732057416,0.505,0.7058823529411765,-4.5632376200416453e-05,7.584178820252419e-05,-0.42949665813917487,0.6675618253627652,0.4933014354066986,0.485,0.6470588235294118,-0.00010634674800499443,9.38749872148037e-05,-0.9791831892287794,0.3274894733272493,0.49354066985645934,0.53,0.6470588235294118,3.0357187200821133e-05,2.5336630642414093e-05,0.560681880677536,0.5750144214568647,0.5028708133971291,0.495,0.5882352941176471,no_stable_structure,none,none,middle_minus_q1,-0.00010634674800499443,-0.9791831892287794,0.9791831892287794,0.53,0.6470588235294118,,,,,,,,,0.9997608227696724,True,448,2240,no_stable_structure,No stable monotonic or tail structure passed the descriptive rules.,0.009791831892287795
price_volume_confirmation|pvc_6m_1m_liq5_60|h1,price_volume_confirmation|pvc_6m_1m_liq5_60,price_volume_confirmation,pvc_6m_1m_liq5_60,1,"{""confirmation_strength"": 0.25, ""liquidity_clip"": 2, ""long_window"": 60, ""short_window"": 5, ""skip"": 21, ""window"": 126}",4181,503.0,429.0,0.9997608227696724,-0.2727272727272727,0.4444444444444444,4181,0.9853224496792303,0.9868947134606838,0.009075331497892462,0.015574902296066284,2.683274710364966,0.007290507706423814,0.5320574162679426,0.62,0.8235294117647058,4.283530491336837e-05,0.0004857126623392105,0.19708239455640142,0.8437630603418879,0.5217703349282297,0.52,0.6470588235294118,9.423811684928513e-05,0.0002939094847533852,0.7581521185806459,0.4483599217574351,0.523444976076555,0.565,0.6470588235294118,-5.1402817519953135e-05,0.00017039617523550987,-0.3692935372101018,0.711908942207181,0.4880382775119617,0.545,0.5294117647058824,7.282045752569837e-05,9.622062498237938e-05,0.972886149714977,0.33060988935641544,0.5143540669856459,0.53,0.5882352941176471,no_stable_structure,none,none,edges_minus_middle,7.282045752569837e-05,0.972886149714977,0.972886149714977,0.53,0.5882352941176471,,,,,,,,,0.9997608227696724,True,448,2240,no_stable_structure,No stable monotonic or tail structure passed the descriptive rules.,0.00972886149714977
trend|SMA20|h42,trend|SMA20,trend,SMA20,42,"{""window"": 20}",4181,503.0,427.0,0.9899545563262377,-0.7818181818181817,0.7777777777777778,4181,-0.00614330173776377,0.00030755690640557035,-0.012568888446557156,-0.011151728220283985,-1.557224901744776,0.11941709812364948,0.5271804783764195,0.5555555555555556,0.5882352941176471,-0.0023713586083399575,-0.0008292434504255652,-0.7233648853628538,0.46945573868963875,0.5073689296931626,0.5353535353535354,0.5882352941176471,0.0002550361047831449,-0.0005087070167064667,0.1124455776740306,0.9104701186923303,0.49214786180236775,0.5050505050505051,0.47058823529411764,-0.002626394742866809,-9.627453982830048e-05,-0.966835727876875,0.33362616075212903,0.5006040106305871,0.5353535353535354,0.6470588235294118,0.0014407154024488852,0.0006243623793125153,0.7619690517830887,0.4460784753797361,0.509784972215511,0.5404040404040404,0.5294117647058824,no_stable_structure,none,none,middle_minus_q1,-0.002626394742866809,-0.966835727876875,0.966835727876875,0.5353535353535354,0.6470588235294118,,,,,,,,,0.9899545563262377,True,448,2240,no_stable_structure,No stable monotonic or tail structure passed the descriptive rules.,0.00966835727876875
momentum|12m-1m|h1,momentum|12m-1m,momentum,12m-1m,1,"{""skip"": 21, ""window"": 252}",4181,503.0,429.0,0.9997608227696724,0.4545454545454545,0.5555555555555556,4181,0.9938959385330639,0.9946749006322567,0.013884363304190668,0.02269967645406723,3.8349579009876082,0.00012558580312809208,0.5373205741626794,0.64,0.8823529411764706,0.0001242636892442986,0.0008027097210288048,0.5162678663005422,0.6056673361087392,0.5282296650717704,0.51,0.5882352941176471,0.0001292650989453076,0.000594128854572773,0.9648138070016884,0.3346380790993938,0.5382775119617225,0.53,0.6470588235294118,-5.00140531889818e-06,0.0002193727414123714,-0.03205880610675627,0.9744251544752531,0.48444976076555024,0.49,0.4117647058823529,6.713324849107793e-05,8.69915820658207e-05,0.8225794072198218,0.4107472131060925,0.508133971291866,0.52,0.6470588235294118,no_stable_structure,none,none,q10_minus_middle,0.0001292650989453076,0.9648138070016884,0.9648138070016884,0.53,0.6470588235294118,,,,,,,,,0.9997608227696724,True,448,2240,no_stable_structure,No stable monotonic or tail structure passed the descriptive rules.,0.009648138070016883
momentum|6m-2m|h5,momentum|6m-2m,momentum,6m-2m,5,"{""skip"": 42, ""window"": 126}",4181,503.0,429.0,0.9988041138483617,-0.4545454545454545,0.6666666666666666,4181,0.9253372671515686,0.9316543039503191,0.0035203228350125276,0.0078820139169693,0.6221850760917241,0.5338201780955614,0.5148467432950191,0.53,0.6470588235294118,-0.00012671573098298818,0.001133123878389597,-0.16665042235071978,0.8676451171136043,0.47509578544061304,0.515,0.5294117647058824,0.0002219769559006737,0.0007382525072898716,0.49289859220323134,0.6220842420676307,0.5227490421455939,0.505,0.6470588235294118,-0.0003486926723857588,3.158033359795809e-05,-0.6806092125070753,0.4961187961020771,0.4988026819923372,0.5,0.5882352941176471,0.0002853348307859239,0.00016480707563459873,0.9612864454815181,0.3364081612949634,0.5055076628352491,0.525,0.5294117647058824,no_stable_structure,none,none,edges_minus_middle,0.0002853348307859239,0.9612864454815181,0.9612864454815181,0.525,0.5294117647058824,,,,,,,,,0.9988041138483617,True,448,2240,no_stable_structure,No stable monotonic or tail structure passed the descriptive rules.,0.00961286445481518
momentum|6m-2m|h10,momentum|6m-2m,momentum,6m-2m,10,"{""skip"": 42, ""window"": 126}",4181,503.0,428.0,0.9976082276967233,-0.5393939393939393,0.6666666666666666,4181,0.8562224542248883,0.8673065307699929,-0.002225001739300578,0.0013008739333599806,-0.29270624037734283,0.7697466995797573,0.49700311675857106,0.495,0.47058823529411764,-0.00021026038798744502,0.0008979681879281998,-0.1493651861670012,0.8812654809444165,0.4905298489570846,0.51,0.5294117647058824,0.0004266212903593049,0.0010957554914057255,0.5084978920085453,0.6111042170528596,0.5276912011508031,0.49,0.6470588235294118,-0.0006368816750951592,-0.00016726180911064148,-0.6703674474906807,0.5026235807036304,0.5025173819228003,0.535,0.5294117647058824,0.0005317514632665313,0.0006835516542196274,0.9583945668982421,0.33786383386465435,0.5212179333493168,0.515,0.5882352941176471,no_stable_structure,none,none,edges_minus_middle,0.0005317514632665313,0.9583945668982421,0.9583945668982421,0.515,0.5882352941176471,,,,,,,,,0.9976082276967233,True,448,2240,no_stable_structure,No stable monotonic or tail structure passed the descriptive rules.,0.009583945668982422
risk_adjusted_trend|risk_trend_50d|h63,risk_adjusted_trend|risk_trend_50d,risk_adjusted_trend,risk_trend_50d,63,"{""window"": 50}",4181,503.0,426.0,0.9849318344893566,-0.6363636363636362,0.6666666666666666,4181,0.006909081719351899,0.010856452838606602,-0.01161595183826748,-0.017427675426006317,-0.8920771316812132,0.3723515913283276,0.5395823215152987,0.5685279187817259,0.5882352941176471,-0.002050185672071617,-0.004599231295287609,-0.37324799840510375,0.7089638755462438,0.532540067994172,0.5431472081218274,0.6470588235294118,-0.002903738859027711,-0.0017138682305812836,-0.8890212316829961,0.3739916693124764,0.5177270519669742,0.5076142131979695,0.47058823529411764,0.0008535531729483736,-0.0006411224603652954,0.2446283038444161,0.8067442464968972,0.49295774647887325,0.48223350253807107,0.47058823529411764,-0.001878646009528377,-0.0010561905801296234,-0.9539200530902536,0.3401241120004471,0.5182127246236037,0.5431472081218274,0.5882352941176471,no_stable_structure,none,none,edges_minus_middle,-0.001878646009528377,-0.9539200530902536,0.9539200530902536,0.5431472081218274,0.5882352941176471,,,,,,,,,0.9849318344893566,True,448,2240,no_stable_structure,No stable monotonic or tail structure passed the descriptive rules.,0.009539200530902537
trend_slope|slope_200d|h5,trend_slope|slope_200d,trend_slope,slope_200d,5,"{""window"": 200}",4181,503.0,429.0,0.9988041138483617,-0.309090909090909,0.3333333333333333,4181,0.9958977310590164,0.9962222037275719,0.007648803096905666,0.016973234713077545,1.2331322359796737,0.21752643228452273,0.5328065134099617,0.545,0.5294117647058824,0.00035055768950414127,0.0021218950860202312,0.39526727464334527,0.6926456482005329,0.5383141762452107,0.54,0.47058823529411764,0.00045832652708372124,0.0016635304200462997,0.952856387877945,0.34066283960101806,0.5488505747126436,0.575,0.5882352941176471,-0.00010776883389281601,0.0007050186395645142,-0.17345727760446672,0.8622920063311048,0.48323754789272033,0.49,0.5294117647058824,0.00028304767893062827,0.0004919590428471565,0.8455946339632074,0.3977789200661178,0.5186781609195402,0.52,0.5882352941176471,no_stable_structure,none,none,q10_minus_middle,0.00045832652708372124,0.952856387877945,0.952856387877945,0.575,0.5882352941176471,,,,,,,,,0.9988041138483617,True,448,2240,no_stable_structure,No stable monotonic or tail structure passed the descriptive rules.,0.00952856387877945
volatility_scaled_momentum|vsmom_9m_1m_vol60|h42,volatility_scaled_momentum|vsmom_9m_1m_vol60,volatility_scaled_momentum,vsmom_9m_1m_vol60,42,"{""skip"": 21, ""volatility_window"": 60, ""window"": 189}",4181,503.0,426.0,0.9899545563262377,0.35757575757575755,0.5555555555555556,4181,0.7169139768227555,0.7277664323940187,0.008734898964034479,0.024449916556477547,0.6130461525899173,0.5398458233571168,0.5566561971490698,0.5858585858585859,0.5882352941176471,0.004386500214592412,0.007151350378990173,0.7685369932260793,0.44216822164802283,0.547233631311911,0.5151515151515151,0.6470588235294118,0.0007981858609714951,0.0036617927253246307,0.29322913894100233,0.7693470128368081,0.5482000483208505,0.5353535353535354,0.5882352941176471,0.0035883143386857795,0.005271054804325104,0.9467462256675836,0.3437681092500252,0.5554481758878956,0.5606060606060606,0.5882352941176471,-0.0013950641726896997,-0.0018701106309890747,-0.842288452499918,0.3996265131182175,0.5390190867359266,0.5303030303030303,0.6470588235294118,no_stable_structure,none,none,middle_minus_q1,0.0035883143386857795,0.9467462256675836,0.9467462256675836,0.5606060606060606,0.5882352941176471,,,,,,,,,0.9899545563262377,True,448,2240,no_stable_structure,No stable monotonic or tail structure passed the descriptive rules.,0.009467462256675836
risk_adjusted_trend|risk_trend_100d|h5,risk_adjusted_trend|risk_trend_100d,risk_adjusted_trend,risk_trend_100d,5,"{""window"": 100}",4181,503.0,429.0,0.9988041138483617,-0.8303030303030302,0.6666666666666666,4181,0.9852197187105965,0.9860789379363736,0.0003719942271478061,0.005209268536418676,0.06497203648889657,0.9481962648466401,0.5100574712643678,0.535,0.47058823529411764,-0.0007535291774084897,0.0004796124994754791,-0.9387263334877225,0.3478712695459478,0.4906609195402299,0.495,0.5882352941176471,-0.0003238241660050286,0.00027487846091389656,-0.7595590964145607,0.4475181768578711,0.48874521072796934,0.475,0.5294117647058824,-0.0004297050108737937,-8.208956569433212e-05,-0.8728452286703883,0.3827474433794268,0.5023946360153256,0.525,0.4117647058823529,5.294044442951877e-05,-0.00016675516963005066,0.23448566673672422,0.8146079593376828,0.4930555555555556,0.49,0.6470588235294118,no_stable_structure,none,none,q10_minus_q1,-0.0007535291774084897,-0.9387263334877225,0.9387263334877225,0.495,0.5882352941176471,,,,,,,,,0.9988041138483617,True,448,2240,no_stable_structure,No stable monotonic or tail structure passed the descriptive rules.,0.009387263334877225
momentum|12m-2m|h252,momentum|12m-2m,momentum,12m-2m,252,"{""skip"": 42, ""window"": 252}",4181,503.0,419.0,0.9397273379574265,-0.5030303030303029,0.6666666666666666,4181,-0.022451168482094094,-0.0067115478635688935,0.0012980745810700907,0.015079334378242493,0.0451079440661709,0.9640212694203871,0.5329600407228302,0.526595744680851,0.5625,-0.006135967977625406,0.011967778205871582,-0.18877889437162362,0.8502661142565181,0.46933061847798424,0.46808510638297873,0.5,0.011545076921307731,0.0032009482383728027,0.7062394513383019,0.4800392402227456,0.5166709086281497,0.5212765957446809,0.5625,-0.017681044922666575,0.013960933312773705,-0.6458873219130099,0.518352330782442,0.4510053448714686,0.46808510638297873,0.5,0.014613060842757179,0.010391339659690857,0.9351455547509107,0.3497132925040023,0.5599389157546449,0.5851063829787234,0.5625,no_stable_structure,none,none,edges_minus_middle,0.014613060842757179,0.9351455547509107,0.9351455547509107,0.5851063829787234,0.5625,,,,,,,,,0.9397273379574265,True,448,2240,no_stable_structure,No stable monotonic or tail structure passed the descriptive rules.,0.009351455547509107
trend|SMA50|h42,trend|SMA50,trend,SMA50,42,"{""window"": 50}",4181,503.0,427.0,0.9899545563262377,-0.6969696969696969,0.6666666666666666,4181,0.01694850628004295,0.022149911205066364,-0.013184807111161248,-0.0076392944902181625,-1.2090342741854452,0.22664967803298486,0.517274704034791,0.5707070707070707,0.5294117647058824,-0.0018430365123001868,0.0012999530881643295,-0.41012564273314317,0.6817137830176969,0.4890070065233148,0.51010101010101,0.5294117647058824,0.001033838334580306,0.0019080117344856262,0.3852914478159945,0.7000214970350362,0.5206571635660787,0.5050505050505051,0.47058823529411764,-0.0028768748776859727,-0.0013195239007472992,-0.8414882641025994,0.40007445694246846,0.5151002657646775,0.5454545454545454,0.6470588235294118,0.0019553565918554567,0.002011951059103012,0.932668357873194,0.3509912270552944,0.5303213336554723,0.5606060606060606,0.5882352941176471,no_stable_structure,none,none,edges_minus_middle,0.0019553565918554567,0.932668357873194,0.932668357873194,0.5606060606060606,0.5882352941176471,,,,,,,,,0.9899545563262377,True,448,2240,no_stable_structure,No stable monotonic or tail structure passed the descriptive rules.,0.00932668357873194
risk_adjusted_trend|risk_trend_50d|h10,risk_adjusted_trend|risk_trend_50d,risk_adjusted_trend,risk_trend_50d,10,"{""window"": 50}",4181,503.0,428.0,0.9976082276967233,-0.9272727272727272,0.7777777777777778,4181,0.8190331995964406,0.8271287667791388,-0.007820216154699187,-0.0029809321276843548,-1.1489057476760425,0.25059484735802207,0.506113641812515,0.525,0.5294117647058824,-0.000869820185122443,-3.3167190849781036e-05,-0.6790169770364423,0.4971271050854499,0.5003596259889714,0.5,0.5882352941176471,-0.0007129965558060395,-0.0006306031718850136,-0.9197416737117737,0.357707769510623,0.5185806760968593,0.515,0.5882352941176471,-0.00015682363532940418,-6.739422678947449e-05,-0.20529637530746678,0.837340575834767,0.5020378806041716,0.5,0.5882352941176471,-0.0002780864632046964,-0.00039981305599212646,-0.6518415515023197,0.5145033934761967,0.5178614241189163,0.515,0.5882352941176471,no_stable_structure,none,none,q10_minus_middle,-0.0007129965558060395,-0.9197416737117737,0.9197416737117737,0.515,0.5882352941176471,,,,,,,,,0.9976082276967233,True,448,2240,no_stable_structure,No stable monotonic or tail structure passed the descriptive rules.,0.009197416737117737
price_volume_confirmation|pvc_12m_1m_liq20_252|h10,price_volume_confirmation|pvc_12m_1m_liq20_252,price_volume_confirmation,pvc_12m_1m_liq20_252,10,"{""confirmation_strength"": 0.25, ""liquidity_clip"": 2, ""long_window"": 252, ""short_window"": 20, ""skip"": 21, ""window"": 252}",4181,503.0,428.0,0.9976082276967233,0.07878787878787878,0.5555555555555556,4181,0.940120771436043,0.9451128684225659,0.00957512183899391,0.016734294593334198,1.1240169215481757,0.2610058473838196,0.5324862143370894,0.53,0.8235294117647058,0.0008323002569844088,0.0026533417403697968,0.4888509990383499,0.6249471890877274,0.5351234715895469,0.52,0.5882352941176471,0.000828861813780755,0.0021597202867269516,0.9185341771701994,0.35833927453393943,0.5418364900503476,0.575,0.5882352941176471,3.4384166152707496e-06,0.001155966892838478,0.0029767584429499336,0.997624893904803,0.5262526971949173,0.545,0.7058823529411765,0.0004127116644113842,0.0005568191409111023,0.6980367767990959,0.4851541948292051,0.518340925437545,0.525,0.4117647058823529,no_stable_structure,none,none,q10_minus_middle,0.000828861813780755,0.9185341771701994,0.9185341771701994,0.575,0.5882352941176471,,,,,,,,,0.9976082276967233,True,448,2240,no_stable_structure,No stable monotonic or tail structure passed the descriptive rules.,0.009185341771701994
momentum|6m-0m|h10,momentum|6m-0m,momentum,6m-0m,10,"{""skip"": 0, ""window"": 126}",4181,503.0,428.0,0.9976082276967233,-0.5515151515151515,0.6666666666666666,4181,0.9021816675733094,0.9116784389546303,-0.0025171655476375135,0.010888539254665375,-0.31241451541745563,0.7547255203457686,0.47782306401342606,0.475,0.5882352941176471,-0.0002870589698704142,0.0016648953314870596,-0.18114947524124966,0.8562502513047998,0.47686406137616877,0.465,0.5294117647058824,0.0003863975914894956,0.0015285275876522064,0.4689850305123785,0.6390803360388468,0.5370414768640613,0.54,0.6470588235294118,-0.000673456596590128,0.0005463436245918274,-0.6041109737474415,0.5457698641559914,0.49076959961639893,0.515,0.5882352941176471,0.0005299270648068946,0.0005758889019489288,0.9183143241141303,0.3584543302491562,0.5212179333493168,0.48,0.5882352941176471,no_stable_structure,none,none,edges_minus_middle,0.0005299270648068946,0.9183143241141303,0.9183143241141303,0.48,0.5882352941176471,,,,,,,,,0.9976082276967233,True,448,2240,no_stable_structure,No stable monotonic or tail structure passed the descriptive rules.,0.009183143241141303
momentum|12m-2m|h5,momentum|12m-2m,momentum,12m-2m,5,"{""skip"": 42, ""window"": 252}",4181,503.0,428.0,0.9988041138483617,0.13939393939393938,0.5555555555555556,4181,0.9691255683596165,0.9723126450401212,0.012982157106165569,0.02348210569471121,2.0930797800338214,0.036342033372110345,0.5404693486590039,0.57,0.8235294117647058,0.0004889558861584794,0.0017302774358540773,0.5566385499829354,0.5777744094857096,0.5301724137931034,0.5,0.6470588235294118,0.0004525706665067986,0.0012125989887863398,0.9177521288074747,0.3587486496141049,0.5371168582375478,0.56,0.5882352941176471,3.638519902775596e-05,0.0009340033866465092,0.06016355306915298,0.9520253735451236,0.5280172413793104,0.515,0.5882352941176471,0.0002080927330669831,8.17268155515194e-05,0.623014383281764,0.5332750700304943,0.5043103448275862,0.505,0.5882352941176471,no_stable_structure,none,none,q10_minus_middle,0.0004525706665067986,0.9177521288074747,0.9177521288074747,0.56,0.5882352941176471,,,,,,,,,0.9988041138483617,True,448,2240,no_stable_structure,No stable monotonic or tail structure passed the descriptive rules.,0.009177521288074747
momentum|12m-0m|h126,momentum|12m-0m,momentum,12m-0m,126,"{""skip"": 0, ""window"": 252}",4181,503.0,423.0,0.9698636689787132,-0.01818181818181818,0.5555555555555556,4181,0.45293529332055826,0.4887715990406185,0.00753124531159051,0.018438732251524925,0.31313076562956543,0.7541813159902139,0.5420468557336622,0.5463917525773195,0.5882352941176471,0.010759785052207465,0.014012768864631653,0.5545892601030935,0.5791756367272275,0.5551171393341554,0.5567010309278351,0.5882352941176471,0.008464347118334948,0.0021609514951705933,0.9176249028268116,0.3588152757826695,0.5156596794081381,0.520618556701031,0.47058823529411764,0.002295437917450923,0.01033804565668106,0.15371069851311378,0.8778378488453675,0.5526510480887793,0.5567010309278351,0.6470588235294118,0.00308445454213387,-0.0013768449425697327,0.3983863211855883,0.6903454393767892,0.4900123304562269,0.4845360824742268,0.5294117647058824,no_stable_structure,none,none,q10_minus_middle,0.008464347118334948,0.9176249028268116,0.9176249028268116,0.520618556701031,0.47058823529411764,,,,,,,,,0.9698636689787132,True,448,2240,no_stable_structure,No stable monotonic or tail structure passed the descriptive rules.,0.009176249028268116
momentum|6m-2m|h1,momentum|6m-2m,momentum,6m-2m,1,"{""skip"": 42, ""window"": 126}",4181,503.0,429.0,0.9997608227696724,-0.32121212121212117,0.5555555555555556,4181,0.9840155522250068,0.9857452384391572,0.007986910692215608,0.015953040681779385,2.490740759837635,0.012747709484588605,0.5282296650717704,0.605,0.8235294117647058,-2.4355065617008517e-05,0.00026343118224758655,-0.12087780019543709,0.9037878260953499,0.4875598086124402,0.5,0.47058823529411764,5.783438690911319e-05,0.0002804200630635023,0.4665955048131037,0.6407893037120099,0.5198564593301436,0.515,0.7058823529411765,-8.218944584982137e-05,9.918794967234135e-05,-0.6379198476390149,0.5235258570767465,0.49138755980861243,0.54,0.5294117647058824,7.001191438423608e-05,0.00012779911048710346,0.9167320703429837,0.3592830564044489,0.5133971291866029,0.545,0.5882352941176471,no_stable_structure,none,none,edges_minus_middle,7.001191438423608e-05,0.9167320703429837,0.9167320703429837,0.545,0.5882352941176471,,,,,,,,,0.9997608227696724,True,448,2240,no_stable_structure,No stable monotonic or tail structure passed the descriptive rules.,0.009167320703429837
trend_slope|slope_250d|h126,trend_slope|slope_250d,trend_slope,slope_250d,126,"{""window"": 250}",4181,503.0,423.0,0.9698636689787132,0.406060606060606,0.5555555555555556,4181,0.31812871476140536,0.35682490496503544,0.01313106029888177,0.013056054711341858,0.5211936679363998,0.6022318647654116,0.5344019728729963,0.5412371134020618,0.5882352941176471,0.011353539909510591,0.015093721449375153,0.5361689682143123,0.5918417781379968,0.555363748458693,0.5618556701030928,0.5882352941176471,0.00906402117965465,0.0027972161769866943,0.9138178884680224,0.3608125452106645,0.5205918618988903,0.4948453608247423,0.47058823529411764,0.002289518805217278,0.012116611003875732,0.14802388666997737,0.8823239170635533,0.55980271270037,0.5567010309278351,0.6470588235294118,0.003387251296442383,0.0010160249657928944,0.44979430443587914,0.6528587650332155,0.5067817509247842,0.5,0.5294117647058824,no_stable_structure,none,none,q10_minus_middle,0.00906402117965465,0.9138178884680224,0.9138178884680224,0.4948453608247423,0.47058823529411764,,,,,,,,,0.9698636689787132,True,448,2240,no_stable_structure,No stable monotonic or tail structure passed the descriptive rules.,0.009138178884680223
risk_adjusted_trend|risk_trend_100d|h10,risk_adjusted_trend|risk_trend_100d,risk_adjusted_trend,risk_trend_100d,10,"{""window"": 100}",4181,503.0,428.0,0.9976082276967233,-0.8303030303030302,0.5555555555555556,4181,0.9475456400040333,0.950389947613557,-0.0047810475119410495,-0.003948354162275791,-0.6099240447583486,0.5419121237137403,0.5073123951090865,0.505,0.5294117647058824,-0.0013252906508201068,-9.655021131038666e-05,-0.8944450791430391,0.3710838023402646,0.501558379285543,0.515,0.5294117647058824,-0.0007345139487393148,0.00016139447689056396,-0.9132356015545255,0.36111864354147993,0.49604411412131383,0.495,0.5294117647058824,-0.0005907767014562913,-0.00012521445751190186,-0.64613157469255,0.5181941484749074,0.5049148885159435,0.495,0.47058823529411764,-7.186862430613406e-05,-0.00039667217060923576,-0.16376340910551015,0.8699173980290937,0.5171421721409734,0.485,0.47058823529411764,no_stable_structure,none,none,q10_minus_middle,-0.0007345139487393148,-0.9132356015545255,0.9132356015545255,0.495,0.5294117647058824,,,,,,,,,0.9976082276967233,True,448,2240,no_stable_structure,No stable monotonic or tail structure passed the descriptive rules.,0.009132356015545256
volatility_scaled_momentum|vsmom_6m_1m_vol60|h21,volatility_scaled_momentum|vsmom_6m_1m_vol60,volatility_scaled_momentum,vsmom_6m_1m_vol60,21,"{""skip"": 21, ""volatility_window"": 60, ""window"": 126}",4181,503.0,428.0,0.9949772781631189,-0.5030303030303029,0.6666666666666666,4181,0.7735781740690747,0.7850318827947911,-0.004373267306809444,0.003842532867565751,-0.43338359557302203,0.6647361161016347,0.4932692307692308,0.48743718592964824,0.5294117647058824,0.0002466484904009401,0.0027049758937209845,0.09470582987254096,0.9245484872262575,0.5269230769230769,0.5276381909547738,0.5882352941176471,-0.0005734233162561744,0.001298239454627037,-0.41014586060510105,0.6816989527539069,0.47620192307692305,0.48743718592964824,0.47058823529411764,0.0008200717979959266,0.002380269579589367,0.5077742369593423,0.6116116793052505,0.5391826923076923,0.5276381909547738,0.5294117647058824,-0.0006967475374879611,-0.0009442269802093506,-0.9103164867004638,0.3626556263021965,0.5283653846153846,0.5477386934673367,0.5882352941176471,no_stable_structure,none,none,edges_minus_middle,-0.0006967475374879611,-0.9103164867004638,0.9103164867004638,0.5477386934673367,0.5882352941176471,,,,,,,,,0.9949772781631189,True,448,2240,no_stable_structure,No stable monotonic or tail structure passed the descriptive rules.,0.009103164867004639
trend|SMA250|h63,trend|SMA250,trend,SMA250,63,"{""window"": 250}",4181,503.0,425.0,0.9849318344893566,0.0303030303030303,0.5555555555555556,4181,0.5958925068830638,0.6081632178934798,0.00014610144643651502,0.017197449691593647,0.009382616885151447,0.9925138646860189,0.5388538125303546,0.5431472081218274,0.47058823529411764,0.005606131095890609,0.010140080004930496,0.6567837169428544,0.5113199956118504,0.5509956289460903,0.5685279187817259,0.6470588235294118,0.0037197899621373765,0.00394032895565033,0.900073581022479,0.36808109434058434,0.5330257406508013,0.5228426395939086,0.5294117647058824,0.001886341171677262,0.002083401195704937,0.2888551001693843,0.7726922645668045,0.5150558523555124,0.5126903553299492,0.47058823529411764,0.0009167243732997063,0.00125293736346066,0.26860120317100644,0.7882365863139316,0.5169985429820301,0.5380710659898477,0.5294117647058824,no_stable_structure,none,none,q10_minus_middle,0.0037197899621373765,0.900073581022479,0.900073581022479,0.5228426395939086,0.5294117647058824,,,,,,,,,0.9849318344893566,True,448,2240,no_stable_structure,No stable monotonic or tail structure passed the descriptive rules.,0.009000735810224791
residual_momentum|resmom_9m_1m|h252,residual_momentum|resmom_9m_1m,residual_momentum,resmom_9m_1m,252,"{""skip"": 21, ""window"": 189}",4181,503.0,404.0,0.9397273379574265,-0.0303030303030303,0.3333333333333333,4181,-0.011015597485574498,0.006816226970715358,0.008556398061282718,0.009924383834004402,0.328155097393521,0.7427943966687622,0.5243064392975312,0.5159574468085106,0.4375,0.0034641556638644023,0.008563749492168427,0.11524503131058501,0.9082509066062429,0.5209977093407991,0.526595744680851,0.4375,0.014355520800348172,1.9669532775878906e-06,0.8989325118258071,0.36868860927930325,0.5001272588444897,0.5053191489361702,0.5625,-0.010891365033787025,0.01635926216840744,-0.4403625453678724,0.659674547620925,0.44184270806821074,0.44148936170212766,0.4375,0.012623443092120212,0.007881492376327515,0.8763743770922408,0.38082654309688935,0.5395775006362942,0.5585106382978723,0.5625,no_stable_structure,none,none,q10_minus_middle,0.014355520800348172,0.8989325118258071,0.8989325118258071,0.5053191489361702,0.5625,,,,,,,,,0.9397273379574265,True,448,2240,no_stable_structure,No stable monotonic or tail structure passed the descriptive rules.,0.008989325118258071
residual_momentum|resmom_12m_1m|h63,residual_momentum|resmom_12m_1m,residual_momentum,resmom_12m_1m,63,"{""skip"": 21, ""window"": 252}",4181,503.0,412.0,0.9849318344893566,0.3696969696969697,0.6666666666666666,4181,0.6939629527112253,0.7114784197020587,0.005811877626210592,0.01367698609828949,0.34055583303847703,0.7334379839101204,0.531568722680913,0.5279187817258884,0.5294117647058824,0.0076688657376907075,0.005018960684537888,0.8965304806760375,0.3699695085325384,0.5293831957260806,0.5482233502538071,0.6470588235294118,0.004169597518254902,-0.00010984577238559723,0.8739822733629415,0.3821279074822701,0.4990286546867411,0.47715736040609136,0.5294117647058824,0.0034992682200577427,0.0062522790394723415,0.5148411529109114,0.6066640254301898,0.5386109762020398,0.5431472081218274,0.6470588235294118,0.0003351646358682808,-0.003144950605928898,0.08330830045843388,0.9336064004282819,0.47158814958717826,0.48223350253807107,0.4117647058823529,no_stable_structure,none,none,q10_minus_q1,0.0076688657376907075,0.8965304806760375,0.8965304806760375,0.5482233502538071,0.6470588235294118,,,,,,,,,0.9849318344893566,True,448,2240,no_stable_structure,No stable monotonic or tail structure passed the descriptive rules.,0.008965304806760374
price_volume_confirmation|pvc_12m_1m_liq20_252|h1,price_volume_confirmation|pvc_12m_1m_liq20_252,price_volume_confirmation,pvc_12m_1m_liq20_252,1,"{""confirmation_strength"": 0.25, ""liquidity_clip"": 2, ""long_window"": 252, ""short_window"": 20, ""skip"": 21, ""window"": 252}",4181,503.0,429.0,0.9997608227696724,0.2727272727272727,0.5555555555555556,4181,0.9936392108083568,0.9944040108629504,0.013851105000604552,0.02232282981276512,3.8246197009304685,0.0001309741004407064,0.5409090909090909,0.645,0.8823529411764706,0.00013040988111094812,0.0007368036604020745,0.5453401948561288,0.5855195642032152,0.5289473684210526,0.565,0.7647058823529411,0.00011794389248849979,0.0005037991795688868,0.8826299407673343,0.37743624615821914,0.5311004784688995,0.56,0.5882352941176471,1.246599189749959e-05,0.00033374453778378665,0.08266259244092745,0.9341198299423535,0.5172248803827751,0.54,0.5882352941176471,5.273895029332428e-05,8.396066550631076e-05,0.680686787857259,0.49606969814033286,0.5083732057416268,0.54,0.5882352941176471,no_stable_structure,none,none,q10_minus_middle,0.00011794389248849979,0.8826299407673343,0.8826299407673343,0.56,0.5882352941176471,,,,,,,,,0.9997608227696724,True,448,2240,no_stable_structure,No stable monotonic or tail structure passed the descriptive rules.,0.008826299407673342
risk_adjusted_trend|risk_trend_100d|h21,risk_adjusted_trend|risk_trend_100d,risk_adjusted_trend,risk_trend_100d,21,"{""window"": 100}",4181,503.0,428.0,0.9949772781631189,-0.9030303030303028,0.6666666666666666,4181,0.8077855332044664,0.813959993556669,-0.01126779970305646,-0.006811843952164054,-1.0676877251051675,0.2856613972620774,0.5168269230769231,0.5125628140703518,0.5882352941176471,-0.002076456669125876,0.0002222508192062378,-0.7271794925594381,0.4671160071819369,0.4971153846153846,0.47738693467336685,0.5294117647058824,-0.0014062158616385343,0.0009985333308577538,-0.8801173706980616,0.37879572985018084,0.48389423076923077,0.5175879396984925,0.5294117647058824,-0.0006702407899585803,0.00017318595200777054,-0.3794891102050282,0.704324689408439,0.49759615384615385,0.507537688442211,0.5294117647058824,-0.0003679874461410621,-0.00014023948460817337,-0.4120339039050643,0.6803145731774438,0.5036057692307693,0.5175879396984925,0.4117647058823529,no_stable_structure,none,none,q10_minus_middle,-0.0014062158616385343,-0.8801173706980616,0.8801173706980616,0.5175879396984925,0.5294117647058824,,,,,,,,,0.9949772781631189,True,448,2240,no_stable_structure,No stable monotonic or tail structure passed the descriptive rules.,0.008801173706980615
residual_momentum|resmom_12m_1m|h42,residual_momentum|resmom_12m_1m,residual_momentum,resmom_12m_1m,42,"{""skip"": 21, ""window"": 252}",4181,503.0,414.0,0.9899545563262377,0.5393939393939393,0.6666666666666666,4181,0.7887388690021729,0.8043313362001173,0.007792083901179584,0.008022895082831383,0.5365340318494666,0.5915895222858176,0.5196907465571394,0.5252525252525253,0.5882352941176471,0.005252240436170974,0.005019050091505051,0.8792219602893278,0.37928093968671517,0.5310461464121768,0.5252525252525253,0.6470588235294118,0.002801616701732747,0.0020914655178785324,0.8684388858957522,0.38515411494124496,0.5223483933317227,0.4898989898989899,0.6470588235294118,0.0024506237418776707,0.007234558463096619,0.5235132025130779,0.6006171658959487,0.5549649673834259,0.5151515151515151,0.6470588235294118,0.00017549649169142027,-0.00038570910692214966,0.06522870048721581,0.9479919100983922,0.49335588306354194,0.4393939393939394,0.47058823529411764,no_stable_structure,none,none,q10_minus_q1,0.005252240436170974,0.8792219602893278,0.8792219602893278,0.5252525252525253,0.6470588235294118,,,,,,,,,0.9899545563262377,True,448,2240,no_stable_structure,No stable monotonic or tail structure passed the descriptive rules.,0.008792219602893277
residual_momentum|resmom_12m_1m|h252,residual_momentum|resmom_12m_1m,residual_momentum,resmom_12m_1m,252,"{""skip"": 21, ""window"": 252}",4181,503.0,400.0,0.9397273379574265,-0.33333333333333326,0.7777777777777778,4181,-0.019553014611390942,-0.001225223613897126,0.004631325222011026,0.011561180464923382,0.1677374252763248,0.8667898521892522,0.5342326291677272,0.5372340425531915,0.5,0.0006587416583448876,0.008908741176128387,0.020744846813408255,0.9834491941227554,0.5316874522779333,0.5319148936170213,0.5,0.013926956474427375,0.005668506026268005,0.8761951480166569,0.3809239537806358,0.5276151692542632,0.5159574468085106,0.5625,-0.013268214672141121,0.017203062772750854,-0.4879824493892517,0.6255622725229998,0.43166200050903536,0.4521276595744681,0.4375,0.013597585405164998,0.008265271782875061,0.8707061101053125,0.3839146414339487,0.544667854415882,0.5638297872340425,0.5625,no_stable_structure,none,none,q10_minus_middle,0.013926956474427375,0.8761951480166569,0.8761951480166569,0.5159574468085106,0.5625,,,,,,,,,0.9397273379574265,True,448,2240,no_stable_structure,No stable monotonic or tail structure passed the descriptive rules.,0.008761951480166568
trend|SMA200|h10,trend|SMA200,trend,SMA200,10,"{""window"": 200}",4181,503.0,428.0,0.9976082276967233,-0.5636363636363636,0.5555555555555556,4181,0.9107984489154082,0.9190327541583487,-0.0021590402741400398,0.011466003023087978,-0.2611363690367249,0.7939873459869126,0.47806281467274037,0.445,0.47058823529411764,-0.00048080739746110486,0.0015647448599338531,-0.2808713656142418,0.7788090638554511,0.47806281467274037,0.47,0.47058823529411764,0.0002748053104700322,0.0016365507617592812,0.33201004022729824,0.7398816776305819,0.5439942459841764,0.53,0.5294117647058824,-0.0007556127086289033,0.0006081275641918182,-0.6223362781572201,0.5337207711887808,0.4881323423639415,0.495,0.5294117647058824,0.0005152090266168304,0.0002746768295764923,0.8745801002025497,0.38180241935253023,0.5087508990649724,0.505,0.5294117647058824,no_stable_structure,none,none,edges_minus_middle,0.0005152090266168304,0.8745801002025497,0.8745801002025497,0.505,0.5294117647058824,,,,,,,,,0.9976082276967233,True,448,2240,no_stable_structure,No stable monotonic or tail structure passed the descriptive rules.,0.008745801002025497
trend_slope|slope_200d|h10,trend_slope|slope_200d,trend_slope,slope_200d,10,"{""window"": 200}",4181,503.0,428.0,0.9976082276967233,-0.09090909090909088,0.3333333333333333,4181,0.9848314672106574,0.9860317899782906,0.0036845356785011564,0.017041360959410667,0.4432598345870694,0.6575778042822322,0.5310477103812036,0.55,0.5294117647058824,0.0006831409352006727,0.0026031453162431717,0.41431690490626005,0.6786420350391135,0.5303284584032606,0.54,0.47058823529411764,0.0007644081690028243,0.0022412268444895744,0.8723924393211241,0.38299432373657605,0.5459122512586909,0.565,0.5882352941176471,-8.12672221372442e-05,0.0009341910481452942,-0.06998534758929396,0.9442053219694938,0.4826180771997123,0.495,0.4117647058823529,0.0004228376763195355,0.0008804453536868095,0.6873708475498177,0.4918490635801255,0.5212179333493168,0.55,0.5882352941176471,no_stable_structure,none,none,q10_minus_middle,0.0007644081690028243,0.8723924393211241,0.8723924393211241,0.565,0.5882352941176471,,,,,,,,,0.9976082276967233,True,448,2240,no_stable_structure,No stable monotonic or tail structure passed the descriptive rules.,0.00872392439321124
momentum|12m-1m|h252,momentum|12m-1m,momentum,12m-1m,252,"{""skip"": 21, ""window"": 252}",4181,503.0,419.0,0.9397273379574265,-0.5151515151515151,0.5555555555555556,4181,-0.02314320873131613,0.0018397522186841138,0.001980019699479043,0.01745574176311493,0.0676913087575828,0.9460313680497485,0.544667854415882,0.5531914893617021,0.5625,-0.0038282288782171513,0.012049909681081772,-0.11520742253546248,0.9082807155212385,0.46067701705268516,0.4521276595744681,0.5,0.011532032322406993,0.0032933466136455536,0.7190144316508752,0.4721320277296991,0.5189615678289641,0.5212765957446809,0.5,-0.015360261228283524,0.014151245355606079,-0.553471764150351,0.579940409998047,0.4408246373122932,0.4521276595744681,0.4375,0.013446146836227005,0.007569998502731323,0.8721707292355793,0.3831152452484802,0.5474675489946551,0.5478723404255319,0.625,no_stable_structure,none,none,edges_minus_middle,0.013446146836227005,0.8721707292355793,0.8721707292355793,0.5478723404255319,0.625,,,,,,,,,0.9397273379574265,True,448,2240,no_stable_structure,No stable monotonic or tail structure passed the descriptive rules.,0.008721707292355793
liquidity_change|liq_5d_60d|h42,liquidity_change|liq_5d_60d,liquidity_change,liq_5d_60d,42,"{""long_window"": 60, ""short_window"": 5}",4181,503.0,427.0,0.9899545563262377,-0.9151515151515152,0.6666666666666666,4181,-0.10055844673712294,-0.10108015684592206,-0.008208069680957714,-0.008392194285988808,-2.017667715401943,0.0436258793248515,0.5426431505194491,0.5505050505050505,0.7647058823529411,-0.0014732936258250264,-0.0011259624734520912,-0.8697767307749982,0.38442243020205114,0.5175163082870259,0.5404040404040404,0.5882352941176471,-0.0008083662761083468,-0.000812755897641182,-0.8277087458797607,0.40783546490075784,0.5194491423049046,0.4898989898989899,0.47058823529411764,-0.0006649273596312487,-0.00015111640095710754,-0.4740156022516101,0.6354887812532417,0.5035032616574052,0.5404040404040404,0.5294117647058824,-7.171944129940255e-05,-0.0006342679262161255,-0.08317791005238026,0.9337100770878013,0.5155834742691472,0.5151515151515151,0.5294117647058824,no_stable_structure,none,none,q10_minus_q1,-0.0014732936258250264,-0.8697767307749982,0.8697767307749982,0.5404040404040404,0.5882352941176471,,,,,,,,,0.9899545563262377,True,448,2240,no_stable_structure,No stable monotonic or tail structure passed the descriptive rules.,0.008697767307749982
trend|SMA150|h63,trend|SMA150,trend,SMA150,63,"{""window"": 150}",4181,503.0,425.0,0.9849318344893566,-0.35757575757575755,0.5555555555555556,4181,0.3717415622260127,0.3843223107089099,-0.008419778005459455,-0.0020341580966487527,-0.5970916168308185,0.5504462145880755,0.5031568722680914,0.5076142131979695,0.47058823529411764,0.002921045838738509,0.0058805011212825775,0.40196064026383077,0.6877129932943271,0.5308402136959689,0.5025380710659898,0.47058823529411764,0.003646088744946898,0.004324113950133324,0.8685314308831028,0.38510347349746354,0.5412821758135017,0.5380710659898477,0.5882352941176471,-0.0007250429627057228,5.5674463510513306e-05,-0.13975484565340243,0.8888536910130794,0.4995143273433706,0.5177664974619289,0.47058823529411764,0.002185565821549187,0.002136719413101673,0.7258353205152085,0.46793973126890265,0.526469159786304,0.5228426395939086,0.47058823529411764,no_stable_structure,none,none,q10_minus_middle,0.003646088744946898,0.8685314308831028,0.8685314308831028,0.5380710659898477,0.5882352941176471,,,,,,,,,0.9849318344893566,True,448,2240,no_stable_structure,No stable monotonic or tail structure passed the descriptive rules.,0.008685314308831028
risk_adjusted_trend|risk_trend_100d|h42,risk_adjusted_trend|risk_trend_100d,risk_adjusted_trend,risk_trend_100d,42,"{""window"": 100}",4181,503.0,427.0,0.9899545563262377,-0.8424242424242423,0.6666666666666666,4181,0.4565478898128455,0.46138200320239986,-0.015112564804107656,-0.013566257432103157,-1.1366972277296257,0.2556648786611291,0.5262140613674801,0.51010101010101,0.6470588235294118,-0.0021746612083694545,-0.00039333757013082504,-0.44131274202236054,0.6589866027736376,0.5049528871708142,0.5151515151515151,0.5294117647058824,-0.002440727461713838,0.0010792771354317665,-0.8554320417268045,0.3923120114693588,0.48562454699202706,0.4898989898989899,0.5882352941176471,0.00026606628576713345,0.0003891177475452423,0.08933685766707747,0.9288142029798478,0.5030200531529355,0.5050505050505051,0.47058823529411764,-0.001353396844067095,-0.0004914905875921249,-0.867353770821801,0.38574820322617787,0.5138922445035032,0.51010101010101,0.4117647058823529,no_stable_structure,none,none,edges_minus_middle,-0.001353396844067095,-0.867353770821801,0.867353770821801,0.51010101010101,0.4117647058823529,,,,,,,,,0.9899545563262377,True,448,2240,no_stable_structure,No stable monotonic or tail structure passed the descriptive rules.,0.00867353770821801
trend|SMA250|h1,trend|SMA250,trend,SMA250,1,"{""window"": 250}",4181,503.0,429.0,0.9997608227696724,-0.41818181818181815,0.4444444444444444,4181,0.9921697779451678,0.9932436386824016,0.008357705083788755,0.024977272376418114,2.2983984524401517,0.021539121518580655,0.5416267942583732,0.585,0.7647058823529411,-0.0001564239557645463,0.0007702962029725313,-0.6190887409020411,0.5358579001234347,0.47033492822966505,0.515,0.5882352941176471,-1.3006942555710504e-05,0.00033349543809890747,-0.09954415177855043,0.9207062339076465,0.4727272727272727,0.475,0.6470588235294118,-0.0001434170168781465,0.00020626583136618137,-0.8664945370576175,0.38621902090043625,0.48660287081339715,0.53,0.5294117647058824,6.52050336755469e-05,0.00011319131590425968,0.8232171029127426,0.41038454465029384,0.5143540669856459,0.525,0.5294117647058824,no_stable_structure,none,none,middle_minus_q1,-0.0001434170168781465,-0.8664945370576175,0.8664945370576175,0.53,0.5294117647058824,,,,,,,,,0.9997608227696724,True,448,2240,no_stable_structure,No stable monotonic or tail structure passed the descriptive rules.,0.008664945370576174
risk_adjusted_trend|risk_trend_50d|h5,risk_adjusted_trend|risk_trend_50d,risk_adjusted_trend,risk_trend_50d,5,"{""window"": 50}",4181,503.0,429.0,0.9988041138483617,-0.8787878787878788,0.6666666666666666,4181,0.9454088620788895,0.9486952563343426,-0.004203374731459342,0.00014015062879479956,-0.8306140653125035,0.4061916863877981,0.49976053639846746,0.51,0.5294117647058824,-0.0005771739931099815,-7.640989497303963e-05,-0.805196776350934,0.4207061364318455,0.5026340996168582,0.51,0.5882352941176471,-0.00035788510876432416,-0.0002140328288078308,-0.8638750847780835,0.38765651507218957,0.5119731800766284,0.515,0.5294117647058824,-0.0002192888979044461,-6.321747787296772e-05,-0.5182093505960654,0.6043122114832921,0.5021551724137931,0.54,0.6470588235294118,-6.929809058705519e-05,-0.0001186238368973136,-0.3200096587477574,0.7489610086441865,0.5069444444444444,0.505,0.5882352941176471,no_stable_structure,none,none,q10_minus_middle,-0.00035788510876432416,-0.8638750847780835,0.8638750847780835,0.515,0.5294117647058824,,,,,,,,,0.9988041138483617,True,448,2240,no_stable_structure,No stable monotonic or tail structure passed the descriptive rules.,0.008638750847780836
trend_slope|slope_250d|h252,trend_slope|slope_250d,trend_slope,slope_250d,252,"{""window"": 250}",4181,503.0,419.0,0.9397273379574265,-0.43030303030303024,0.5555555555555556,4181,-0.02079282940949928,-0.0006913441773872753,0.0037452261931036394,0.011417700909078121,0.12479290029163123,0.9006875081998749,0.5207431916518198,0.526595744680851,0.4375,-0.007655209479501509,-0.00459781289100647,-0.21838551955325505,0.827128746992519,0.5125986256044796,0.5159574468085106,0.5625,0.009515277015758297,-0.006895080208778381,0.5441055113847113,0.5863688680644024,0.46907610078900486,0.4521276595744681,0.4375,-0.017170486547911885,0.011778086423873901,-0.6117286063724684,0.5407173320245534,0.45787732247391194,0.4734042553191489,0.4375,0.013342881799583317,0.004703521728515625,0.8619028118085268,0.3887410015761329,0.526851616187325,0.5212765957446809,0.5625,no_stable_structure,none,none,edges_minus_middle,0.013342881799583317,0.8619028118085268,0.8619028118085268,0.5212765957446809,0.5625,,,,,,,,,0.9397273379574265,True,448,2240,no_stable_structure,No stable monotonic or tail structure passed the descriptive rules.,0.008619028118085268
momentum|6m-1m|h21,momentum|6m-1m,momentum,6m-1m,21,"{""skip"": 21, ""window"": 126}",4181,503.0,428.0,0.9949772781631189,-0.6363636363636362,0.6666666666666666,4181,0.767172935232971,0.781387374748309,-0.0065203184636647375,0.004461633041501045,-0.6480806309123711,0.5169328008830436,0.4894230769230769,0.5125628140703518,0.47058823529411764,-5.4183617598587613e-05,0.0033434703946113586,-0.019390287673600987,0.9845297582670917,0.46826923076923077,0.4371859296482412,0.4117647058823529,0.0009228705762395224,0.0026020859368145466,0.573098514727675,0.5665779928425645,0.5490384615384616,0.5628140703517588,0.6470588235294118,-0.0009770541530927472,0.0006433287635445595,-0.5049765009714445,0.6135753409413662,0.4913461538461538,0.507537688442211,0.5294117647058824,0.0009499622998611392,0.000512588769197464,0.8613765990890446,0.3890306600909502,0.509375,0.49748743718592964,0.5882352941176471,no_stable_structure,none,none,edges_minus_middle,0.0009499622998611392,0.8613765990890446,0.8613765990890446,0.49748743718592964,0.5882352941176471,,,,,,,,,0.9949772781631189,True,448,2240,no_stable_structure,No stable monotonic or tail structure passed the descriptive rules.,0.008613765990890447
momentum|12m-2m|h42,momentum|12m-2m,momentum,12m-2m,42,"{""skip"": 42, ""window"": 252}",4181,503.0,425.0,0.9899545563262377,0.6121212121212121,0.7777777777777778,4181,0.771708012997813,0.7859704845480252,0.006964527645999752,0.006739286705851555,0.4557518151851853,0.6485684572094113,0.5179995167914956,0.5252525252525253,0.5294117647058824,0.005324904941932905,0.0029182210564613342,0.8568733226752431,0.39151489766356673,0.5201739550616091,0.5151515151515151,0.6470588235294118,0.0023484281591074707,7.263943552970886e-05,0.6776270460054381,0.4980081931979743,0.5006040106305871,0.4797979797979798,0.6470588235294118,0.0029764768063813255,0.007260128855705261,0.6349559118984011,0.5254571696652468,0.5672867842474028,0.5808080808080808,0.6470588235294118,-0.0003140243276168182,-0.0008148029446601868,-0.11592332709365596,0.9077133079830264,0.5124426189900942,0.5252525252525253,0.5882352941176471,no_stable_structure,none,none,q10_minus_q1,0.005324904941932905,0.8568733226752431,0.8568733226752431,0.5151515151515151,0.6470588235294118,,,,,,,,,0.9899545563262377,True,448,2240,no_stable_structure,No stable monotonic or tail structure passed the descriptive rules.,0.008568733226752431
momentum|9m-0m|h252,momentum|9m-0m,momentum,9m-0m,252,"{""skip"": 0, ""window"": 189}",4181,503.0,419.0,0.9397273379574265,-0.24848484848484845,0.5555555555555556,4181,-0.014740081911331946,-0.0010218482775952924,0.00598385727144901,0.01609596237540245,0.2150626258974939,0.8297184922985301,0.5342326291677272,0.5319148936170213,0.4375,0.0013574040085375953,0.014339596033096313,0.040679257719828034,0.9675515978473195,0.5311784168999746,0.5212765957446809,0.4375,0.013407815790532044,-0.0013458728790283203,0.8268555911984209,0.40831891669762166,0.4952914227538814,0.5,0.4375,-0.012050411735490542,0.01641051471233368,-0.44434288403016586,0.6567947009283053,0.4423517434461695,0.42021276595744683,0.4375,0.012729113790144745,0.005141496658325195,0.8565560831404486,0.3916902655058745,0.5215067447187579,0.5212765957446809,0.5625,no_stable_structure,none,none,edges_minus_middle,0.012729113790144745,0.8565560831404486,0.8565560831404486,0.5212765957446809,0.5625,,,,,,,,,0.9397273379574265,True,448,2240,no_stable_structure,No stable monotonic or tail structure passed the descriptive rules.,0.008565560831404487
trend_slope|slope_250d|h21,trend_slope|slope_250d,trend_slope,slope_250d,21,"{""window"": 250}",4181,503.0,427.0,0.9949772781631189,0.5393939393939393,0.6666666666666666,4181,0.9607999516645455,0.9643665773800338,0.009096771357823085,0.027516640722751617,0.7992609457835529,0.42413911926370584,0.5528846153846154,0.5477386934673367,0.7647058823529411,0.0016217745430122494,0.004561007022857666,0.4625421330271051,0.6436925952059314,0.5346153846153846,0.5226130653266332,0.6470588235294118,0.001532616087850049,0.0026956144720315933,0.8556994894924678,0.3921640226781774,0.5348557692307693,0.5276381909547738,0.5882352941176471,8.915845831394948e-05,0.003190869465470314,0.03506875592878599,0.9720249152374817,0.5408653846153846,0.5477386934673367,0.5294117647058824,0.0007217288307191876,0.0005901986733078957,0.543646650808505,0.5866846508070156,0.5098557692307693,0.49246231155778897,0.5882352941176471,no_stable_structure,none,none,q10_minus_middle,0.001532616087850049,0.8556994894924678,0.8556994894924678,0.5276381909547738,0.5882352941176471,,,,,,,,,0.9949772781631189,True,448,2240,no_stable_structure,No stable monotonic or tail structure passed the descriptive rules.,0.008556994894924678
risk_adjusted_trend|risk_trend_250d|h63,risk_adjusted_trend|risk_trend_250d,risk_adjusted_trend,risk_trend_250d,63,"{""window"": 250}",4181,503.0,425.0,0.9849318344893566,0.6363636363636362,0.5555555555555556,4181,0.755613954608351,0.7695700218639039,0.011685196825902968,0.02811969816684723,0.6218039137194177,0.5340708125513474,0.5621661000485673,0.5583756345177665,0.5294117647058824,0.006656011958227046,0.006860315799713135,0.6985600037692338,0.48482704650208197,0.541039339485187,0.5380710659898477,0.5882352941176471,0.001391506996587002,0.001551142893731594,0.30149402936433417,0.7630378022082029,0.5143273433705683,0.5076142131979695,0.4117647058823529,0.005264504935320796,0.006153710186481476,0.8521246007192356,0.3941449392962991,0.5667799902865469,0.5634517766497462,0.8235294117647058,-0.0019364988925576622,-0.00288255512714386,-0.7299156835984802,0.46544172499473724,0.5531811559009228,0.5482233502538071,0.5882352941176471,no_stable_structure,none,none,middle_minus_q1,0.005264504935320796,0.8521246007192356,0.8521246007192356,0.5634517766497462,0.8235294117647058,,,,,,,,,0.9849318344893566,True,448,2240,no_stable_structure,No stable monotonic or tail structure passed the descriptive rules.,0.008521246007192356
momentum|9m-1m|h252,momentum|9m-1m,momentum,9m-1m,252,"{""skip"": 21, ""window"": 189}",4181,503.0,419.0,0.9397273379574265,-0.22424242424242422,0.5555555555555556,4181,-0.014574586393085518,0.0009483189776153434,0.0060520281119591035,0.009970352984964848,0.22199522204894856,0.8243176027931626,0.5243064392975312,0.5053191489361702,0.4375,-5.2575552058575656e-05,0.010830879211425781,-0.0016602559926757892,0.9986753079850381,0.47340290150165437,0.4787234042553192,0.5625,0.012143861179933503,-0.0030044831801205873,0.7430687846124207,0.45744003720764725,0.4902010689742937,0.4734042553191489,0.4375,-0.012196436674139974,0.015257127583026886,-0.48044104237180546,0.6309138164166681,0.44006108424535506,0.4308510638297872,0.375,0.012170148691976456,0.008654594421386719,0.8498655581629546,0.3953998361136445,0.5370323237465003,0.5585106382978723,0.5,no_stable_structure,none,none,edges_minus_middle,0.012170148691976456,0.8498655581629546,0.8498655581629546,0.5585106382978723,0.5,,,,,,,,,0.9397273379574265,True,448,2240,no_stable_structure,No stable monotonic or tail structure passed the descriptive rules.,0.008498655581629546
momentum|12m-0m|h252,momentum|12m-0m,momentum,12m-0m,252,"{""skip"": 0, ""window"": 252}",4181,503.0,419.0,0.9397273379574265,-0.49090909090909085,0.7777777777777778,4181,-0.024052489033427788,0.0023813986500724883,0.0019188701779916074,0.018397415056824684,0.06472478800252089,0.9483931262284012,0.5411046067701706,0.5478723404255319,0.5625,-0.002324601862478606,0.015640864148736,-0.06790078667293092,0.9458646125258127,0.45609569865105626,0.4627659574468085,0.5,0.011591661770120035,0.005006060004234314,0.7325769163855731,0.46381651440079574,0.5253245100534487,0.526595744680851,0.5,-0.01391626374685099,0.015491627156734467,-0.4927978553149037,0.6221554262768285,0.43344362433189104,0.425531914893617,0.4375,0.012753962879345299,0.007296741008758545,0.8393286820579009,0.4012848923001282,0.5413591244591499,0.5585106382978723,0.625,no_stable_structure,none,none,edges_minus_middle,0.012753962879345299,0.8393286820579009,0.8393286820579009,0.5585106382978723,0.625,,,,,,,,,0.9397273379574265,True,448,2240,no_stable_structure,No stable monotonic or tail structure passed the descriptive rules.,0.008393286820579009
volatility_scaled_momentum|vsmom_12m_1m_vol60|h1,volatility_scaled_momentum|vsmom_12m_1m_vol60,volatility_scaled_momentum,vsmom_12m_1m_vol60,1,"{""skip"": 21, ""volatility_window"": 60, ""window"": 252}",4181,503.0,429.0,0.9997608227696724,0.38181818181818183,0.5555555555555556,4181,0.9936003463783398,0.9944124645990079,0.015057532778406164,0.02143097762018442,4.322233103805811,1.5445787291771346e-05,0.5392344497607655,0.66,0.8823529411764706,0.00014158450870531829,0.0007596979849040508,0.6511239451419136,0.5149664804678937,0.531578947368421,0.52,0.5882352941176471,3.058812901980364e-05,0.0003372617356944829,0.2786331283895162,0.7805263863658018,0.5318181818181819,0.53,0.47058823529411764,0.000110996388615099,0.00031813792884349823,0.8390228741277044,0.4014564737154239,0.5248803827751196,0.525,0.6470588235294118,-4.020413684731953e-05,-5.233194679021835e-05,-0.7395092176032493,0.45959784464049724,0.5069377990430622,0.535,0.6470588235294118,no_stable_structure,none,none,middle_minus_q1,0.000110996388615099,0.8390228741277044,0.8390228741277044,0.525,0.6470588235294118,,,,,,,,,0.9997608227696724,True,448,2240,no_stable_structure,No stable monotonic or tail structure passed the descriptive rules.,0.008390228741277045
momentum|6m-0m|h42,momentum|6m-0m,momentum,6m-0m,42,"{""skip"": 0, ""window"": 126}",4181,503.0,427.0,0.9899545563262377,-0.1515151515151515,0.5555555555555556,4181,0.6306216612816086,0.6459075617380748,-0.0054537088308494975,0.00833178497850895,-0.43518029176774503,0.6634315667379604,0.4778932109205122,0.48484848484848486,0.4117647058823529,0.003268320694765808,0.005963191390037537,0.623014636274992,0.5332749037796383,0.5378110654747523,0.5505050505050505,0.5882352941176471,0.0025302981301603467,0.00389200821518898,0.8379977764676952,0.40203195230058675,0.5494080695820246,0.5656565656565656,0.6470588235294118,0.0007380225614693639,0.002627795562148094,0.19358131619027524,0.8465037289683781,0.5286301038898285,0.5,0.5882352941176471,0.0008961378356551436,0.00018599815666675568,0.40294904097948825,0.6869857130657939,0.5018120318917613,0.51010101010101,0.5294117647058824,no_stable_structure,none,none,q10_minus_middle,0.0025302981301603467,0.8379977764676952,0.8379977764676952,0.5656565656565656,0.6470588235294118,,,,,,,,,0.9899545563262377,True,448,2240,no_stable_structure,No stable monotonic or tail structure passed the descriptive rules.,0.008379977764676952
momentum|6m-1m|h42,momentum|6m-1m,momentum,6m-1m,42,"{""skip"": 21, ""window"": 126}",4181,503.0,427.0,0.9899545563262377,-0.22424242424242422,0.5555555555555556,4181,0.5599207804141829,0.5802325058634445,-0.005681566154906596,0.005880499258637428,-0.46921885883431624,0.6389132067817733,0.48441652573085286,0.47474747474747475,0.4117647058823529,0.0031212799335571377,0.0034285932779312134,0.6513602133633318,0.5148139875409588,0.521865184827253,0.5404040404040404,0.6470588235294118,0.0025334790571121123,0.0032425224781036377,0.8341861410750249,0.40417609954305755,0.5419183377627447,0.5505050505050505,0.5882352941176471,0.0005878008476716803,0.0009558303281664848,0.1671943954810849,0.8672170941090932,0.5100265764677459,0.5,0.5294117647058824,0.0009728391238040034,0.0006217099726200104,0.4328566937438817,0.6651188830663664,0.5117178062333897,0.5050505050505051,0.47058823529411764,no_stable_structure,none,none,q10_minus_middle,0.0025334790571121123,0.8341861410750249,0.8341861410750249,0.5505050505050505,0.5882352941176471,,,,,,,,,0.9899545563262377,True,448,2240,no_stable_structure,No stable monotonic or tail structure passed the descriptive rules.,0.008341861410750249
trend_slope|slope_200d|h21,trend_slope|slope_200d,trend_slope,slope_200d,21,"{""window"": 200}",4181,503.0,428.0,0.9949772781631189,0.09090909090909088,0.4444444444444444,4181,0.9399146154174747,0.9443348166603548,0.002158977541576781,0.023628810420632362,0.19628257308525368,0.8443890007448982,0.5540865384615384,0.5577889447236181,0.6470588235294118,0.0013257146885734983,0.005762558896094561,0.3970548675753245,0.6913270005264384,0.5449519230769231,0.542713567839196,0.6470588235294118,0.0014412335275840002,0.0024439182598143816,0.8198578926303238,0.4122971234259285,0.5379807692307692,0.5527638190954773,0.5294117647058824,-0.00011551882910750394,0.0021230531856417656,-0.048120036332169804,0.9616205780175604,0.47307692307692306,0.49748743718592964,0.4117647058823529,0.0007783762215554956,0.0010071983560919762,0.6078769090453643,0.5432691153874872,0.5240384615384616,0.5326633165829145,0.6470588235294118,no_stable_structure,none,none,q10_minus_middle,0.0014412335275840002,0.8198578926303238,0.8198578926303238,0.5527638190954773,0.5294117647058824,,,,,,,,,0.9949772781631189,True,448,2240,no_stable_structure,No stable monotonic or tail structure passed the descriptive rules.,0.008198578926303239
momentum|12m-0m|h10,momentum|12m-0m,momentum,12m-0m,10,"{""skip"": 0, ""window"": 252}",4181,503.0,428.0,0.9976082276967233,-0.09090909090909088,0.4444444444444444,4181,0.9496941194050851,0.9557767931180081,0.007734631245097475,0.016232356429100037,0.8891561793662922,0.3739191497424931,0.5312874610405178,0.565,0.7058823529411765,0.0003673138413895895,0.0024680830538272858,0.20378730219304467,0.8385197160071336,0.5310477103812036,0.525,0.5882352941176471,0.0007180868646401704,0.0021888762712478638,0.8018339403236019,0.4226490228049492,0.5466315032366339,0.55,0.5294117647058824,-0.00035077300822767345,0.0011646933853626251,-0.2708946175187632,0.7864720849002935,0.4792615679693119,0.465,0.47058823529411764,0.0005344299642399071,0.0007799034938216209,0.81770522330267,0.4135255272021596,0.521457684008631,0.52,0.5882352941176471,no_stable_structure,none,none,edges_minus_middle,0.0005344299642399071,0.81770522330267,0.81770522330267,0.52,0.5882352941176471,,,,,,,,,0.9976082276967233,True,448,2240,no_stable_structure,No stable monotonic or tail structure passed the descriptive rules.,0.008177052233026701
trend_slope|slope_250d|h10,trend_slope|slope_250d,trend_slope,slope_250d,10,"{""window"": 250}",4181,503.0,428.0,0.9976082276967233,0.41818181818181815,0.5555555555555556,4181,0.990234884762336,0.9911321655329796,0.009666513239200782,0.017485445365309715,1.1383966311957885,0.2549549001237208,0.5363222248861185,0.545,0.6470588235294118,0.0006923980787656558,0.0024018725380301476,0.4033374775549359,0.6866999747821072,0.5260129465356029,0.515,0.5882352941176471,0.0007310870368451972,0.0014228224754333496,0.8168274568819321,0.414027038945724,0.5358427235674899,0.53,0.5882352941176471,-3.8688933910662786e-05,0.0009382287971675396,-0.031837416358066736,0.974601707811907,0.47686406137616877,0.48,0.4117647058823529,0.00038488796782125883,0.0006274059414863586,0.6069244287380686,0.5439010653825289,0.517621673459602,0.525,0.5882352941176471,no_stable_structure,none,none,q10_minus_middle,0.0007310870368451972,0.8168274568819321,0.8168274568819321,0.53,0.5882352941176471,,,,,,,,,0.9976082276967233,True,448,2240,no_stable_structure,No stable monotonic or tail structure passed the descriptive rules.,0.008168274568819321
risk_adjusted_trend|risk_trend_200d|h63,risk_adjusted_trend|risk_trend_200d,risk_adjusted_trend,risk_trend_200d,63,"{""window"": 200}",4181,503.0,425.0,0.9849318344893566,0.5515151515151515,0.6666666666666666,4181,0.650239103302888,0.6601517233941707,0.008334863384306815,0.021760198287665844,0.4991902028667418,0.6176453958270683,0.5577950461389024,0.5482233502538071,0.5882352941176471,0.005687763585432895,0.005037497729063034,0.6447107917914288,0.5191146214891913,0.5308402136959689,0.5380710659898477,0.5882352941176471,0.0010894820514594618,0.0026287981308996677,0.24819863746625798,0.8039807205203195,0.5347255949490044,0.5380710659898477,0.5294117647058824,0.004598281541012631,0.004902193322777748,0.8103861085301522,0.41771829928136506,0.5451675570665372,0.5634517766497462,0.5882352941176471,-0.0017543996511891822,-0.001718379557132721,-0.7003871828702963,0.48368553846797824,0.5313258863525984,0.5380710659898477,0.4117647058823529,no_stable_structure,none,none,middle_minus_q1,0.004598281541012631,0.8103861085301522,0.8103861085301522,0.5634517766497462,0.5882352941176471,,,,,,,,,0.9849318344893566,True,448,2240,no_stable_structure,No stable monotonic or tail structure passed the descriptive rules.,0.008103861085301523
trend_slope|slope_250d|h5,trend_slope|slope_250d,trend_slope,slope_250d,5,"{""window"": 250}",4181,503.0,428.0,0.9988041138483617,0.32121212121212117,0.5555555555555556,4181,0.9973510766544776,0.9976111862602467,0.012361515838531248,0.02388368360698223,1.9569196194820597,0.050356919488977005,0.5378352490421456,0.57,0.7058823529411765,0.0003196756142747238,0.002000272274017334,0.3493125116228046,0.7268547064412055,0.5323275862068966,0.525,0.5294117647058824,0.00039872624419613517,0.0013858540914952755,0.8096737993926937,0.4181276803276923,0.5452586206896551,0.545,0.5294117647058824,-7.905061156425395e-05,0.0008430914022028446,-0.12313743949028823,0.9019982644399327,0.4796455938697318,0.485,0.47058823529411764,0.000238888424078437,0.00035887863487005234,0.6956073753182284,0.48667474609025163,0.5205938697318008,0.535,0.5882352941176471,no_stable_structure,none,none,q10_minus_middle,0.00039872624419613517,0.8096737993926937,0.8096737993926937,0.545,0.5294117647058824,,,,,,,,,0.9988041138483617,True,448,2240,no_stable_structure,No stable monotonic or tail structure passed the descriptive rules.,0.008096737993926937
high_proximity|high_12m|h126,high_proximity|high_12m,high_proximity,high_12m,126,"{""window"": 252}",4181,503.0,423.0,0.9698636689787132,-0.8545454545454544,0.6666666666666666,4181,0.32929292203252564,0.3339374631928832,0.007652907468400932,0.014469758607447147,0.3218452955925029,0.7475698975526422,0.5321824907521578,0.5412371134020618,0.5294117647058824,-0.0037387986218870408,0.0068895248696208,-0.18818695213560985,0.8507301004437644,0.4772727272727273,0.4639175257731959,0.47058823529411764,-0.003873968672744299,0.0001284778118133545,-0.8060023613612434,0.4202414875444226,0.49922520661157027,0.4948453608247423,0.5294117647058824,6.035254092866373e-05,0.007838815450668335,0.003666842870940279,0.9970742892427775,0.528976572133169,0.5360824742268041,0.5294117647058824,-0.0020045693131240205,-0.005244098603725433,-0.2647337911616134,0.791214544351536,0.5511363636363636,0.5567010309278351,0.47058823529411764,no_stable_structure,none,none,q10_minus_middle,-0.003873968672744299,-0.8060023613612434,0.8060023613612434,0.4948453608247423,0.5294117647058824,,,,,,,,,0.9698636689787132,True,448,2240,no_stable_structure,No stable monotonic or tail structure passed the descriptive rules.,0.008060023613612433
residual_momentum|resmom_6m_1m|h21,residual_momentum|resmom_6m_1m,residual_momentum,resmom_6m_1m,21,"{""skip"": 21, ""window"": 126}",4181,503.0,422.0,0.9949772781631189,-0.35757575757575755,0.5555555555555556,4181,0.7663294524455678,0.7810891245665015,-0.005532422905219374,0.0052040740847587585,-0.5571135840519128,0.577449827002469,0.48653846153846153,0.5025125628140703,0.47058823529411764,0.0004073485293002495,0.002945949323475361,0.1497780579298432,0.8809397212914875,0.5295673076923076,0.5527638190954773,0.5882352941176471,0.0010790603300427813,0.002544431947171688,0.7032883678819117,0.48187605827804214,0.5435096153846154,0.5678391959798995,0.5882352941176471,-0.0006717118097255409,0.0006648733397014439,-0.3488538548850592,0.7271990297914357,0.49038461538461536,0.5175879396984925,0.5294117647058824,0.0008753860586064268,0.0004556216299533844,0.8053044067630455,0.42064403943437756,0.5091346153846154,0.5175879396984925,0.5294117647058824,no_stable_structure,none,none,edges_minus_middle,0.0008753860586064268,0.8053044067630455,0.8053044067630455,0.5175879396984925,0.5294117647058824,,,,,,,,,0.9949772781631189,True,448,2240,no_stable_structure,No stable monotonic or tail structure passed the descriptive rules.,0.008053044067630456
trend_slope|slope_50d|h21,trend_slope|slope_50d,trend_slope,slope_50d,21,"{""window"": 50}",4181,503.0,428.0,0.9949772781631189,-0.7575757575757575,0.5555555555555556,4181,0.43889032456529226,0.4485060348072083,-0.011697623120100021,-0.006763981189578772,-1.2799048089410303,0.2005786161546993,0.5170673076923077,0.5276381909547738,0.5882352941176471,-0.0015082226135531911,0.0010467569809406996,-0.5472470246377882,0.5842090333980465,0.4858173076923077,0.4723618090452261,0.5294117647058824,6.0931209093094086e-05,0.00047349242959171534,0.03971426856201729,0.9683209259843014,0.5081730769230769,0.5276381909547738,0.47058823529411764,-0.0015691538145872002,-0.000714404508471489,-0.8028127377045977,0.42208297874545375,0.5096153846153846,0.5175879396984925,0.5882352941176471,0.0008150424987714079,0.00041568372398614883,0.7477110141254926,0.4546344862300873,0.5103365384615385,0.507537688442211,0.5882352941176471,no_stable_structure,none,none,middle_minus_q1,-0.0015691538145872002,-0.8028127377045977,0.8028127377045977,0.5175879396984925,0.5882352941176471,,,,,,,,,0.9949772781631189,True,448,2240,no_stable_structure,No stable monotonic or tail structure passed the descriptive rules.,0.008028127377045977
momentum|9m-2m|h252,momentum|9m-2m,momentum,9m-2m,252,"{""skip"": 42, ""window"": 189}",4181,503.0,419.0,0.9397273379574265,-0.24848484848484845,0.5555555555555556,4181,-0.013108861186124266,0.0034890774027432903,0.006254011402696761,0.0057568359188735485,0.2340857885421359,0.8149183785641024,0.5097989310257063,0.5053191489361702,0.4375,0.0004257239191206236,0.003244362771511078,0.014154278964888021,0.9887068964294067,0.5087808602697887,0.5053191489361702,0.4375,0.011433942355872145,-0.0036020129919052124,0.6818062684811736,0.4953614600440204,0.48663782132858235,0.4574468085106383,0.4375,-0.01100821854981868,0.01020863652229309,-0.4636205626036642,0.6429196195090792,0.4604224993637058,0.4627659574468085,0.4375,0.011221080576134839,0.007223218679428101,0.8008021328102147,0.4232462041000782,0.5337235937897684,0.5425531914893617,0.5,no_stable_structure,none,none,edges_minus_middle,0.011221080576134839,0.8008021328102147,0.8008021328102147,0.5425531914893617,0.5,,,,,,,,,0.9397273379574265,True,448,2240,no_stable_structure,No stable monotonic or tail structure passed the descriptive rules.,0.008008021328102147
momentum|12m-0m|h1,momentum|12m-0m,momentum,12m-0m,1,"{""skip"": 0, ""window"": 252}",4181,503.0,429.0,0.9997608227696724,-0.13939393939393938,0.4444444444444444,4181,0.9943964010982941,0.9951990941728323,0.012044739838372835,0.020629456266760826,3.294130339229134,0.000987267075096636,0.5389952153110048,0.625,0.8235294117647058,-1.550338158406803e-05,0.0008310457924380898,-0.06155916998227607,0.9509138928755394,0.4667464114832536,0.475,0.47058823529411764,5.829600374571952e-05,0.0004541169328149408,0.43892147301207746,0.6607184370337071,0.5313397129186603,0.53,0.5294117647058824,-7.37993811017251e-05,0.00025252194609493017,-0.44271358262427235,0.6579729167152641,0.4851674641148325,0.485,0.5294117647058824,6.604769172658809e-05,9.83725767582655e-05,0.7975701019240016,0.4251200069247556,0.5088516746411483,0.54,0.5882352941176471,no_stable_structure,none,none,edges_minus_middle,6.604769172658809e-05,0.7975701019240016,0.7975701019240016,0.54,0.5882352941176471,,,,,,,,,0.9997608227696724,True,448,2240,no_stable_structure,No stable monotonic or tail structure passed the descriptive rules.,0.007975701019240016
high_proximity|high_18m|h126,high_proximity|high_18m,high_proximity,high_18m,126,"{""window"": 378}",4181,503.0,423.0,0.9698636689787132,-0.7939393939393938,0.6666666666666666,4181,0.42513451297160487,0.43065438907306614,0.009807229693855217,0.01905062235891819,0.39779992390338126,0.6907776733663207,0.5388409371146733,0.5515463917525774,0.5294117647058824,-0.0031630108221201523,0.0071465373039245605,-0.1552424730041354,0.8766301655341411,0.4786171574903969,0.4587628865979381,0.47058823529411764,-0.0039805613763579115,-0.0006150826811790466,-0.7969696841819677,0.4254686381318801,0.504225352112676,0.4896907216494845,0.47058823529411764,0.0007848333250432655,0.007001355290412903,0.04599532205484111,0.9633139784247694,0.5277435265104808,0.5257731958762887,0.5294117647058824,-0.0023990559676082546,-0.004324167966842651,-0.3046963621443212,0.7605974205400663,0.5480153649167734,0.5567010309278351,0.5294117647058824,no_stable_structure,none,none,q10_minus_middle,-0.0039805613763579115,-0.7969696841819677,0.7969696841819677,0.4896907216494845,0.47058823529411764,,,,,,,,,0.9698636689787132,True,448,2240,no_stable_structure,No stable monotonic or tail structure passed the descriptive rules.,0.007969696841819677
trend|SMA250|h10,trend|SMA250,trend,SMA250,10,"{""window"": 250}",4181,503.0,428.0,0.9976082276967233,-0.406060606060606,0.5555555555555556,4181,0.9282727273826369,0.9351436691672599,0.0013325594608887804,0.015809178352355957,0.1560080215641257,0.8760266983498108,0.529848957084632,0.55,0.5882352941176471,-0.0002417076008184026,0.0022581429220736027,-0.13803468237885072,0.8902130073257752,0.4751858067609686,0.47,0.4117647058823529,0.0003651923585226601,0.002505758311599493,0.43649697412524563,0.6624761941411659,0.5562215296092065,0.57,0.5294117647058824,-0.0006068999528588141,0.0005711577832698822,-0.4824804632419273,0.6294646736787943,0.4893310956605131,0.49,0.5294117647058824,0.0004860461294372818,0.0004951208829879761,0.7941824213944888,0.42708924053703234,0.5149844162071445,0.51,0.5294117647058824,no_stable_structure,none,none,edges_minus_middle,0.0004860461294372818,0.7941824213944888,0.7941824213944888,0.51,0.5294117647058824,,,,,,,,,0.9976082276967233,True,448,2240,no_stable_structure,No stable monotonic or tail structure passed the descriptive rules.,0.007941824213944888
momentum|12m-2m|h10,momentum|12m-2m,momentum,12m-2m,10,"{""skip"": 42, ""window"": 252}",4181,503.0,428.0,0.9976082276967233,0.13939393939393938,0.5555555555555556,4181,0.9406023002890327,0.9459715753589091,0.010343397235871082,0.017648324370384216,1.240120256473694,0.21493091765496064,0.53752097818269,0.54,0.6470588235294118,0.0009626699554885989,0.0024388027377426624,0.5705634160448805,0.5682956233087244,0.5363222248861185,0.485,0.5294117647058824,0.0007259228929241868,0.001643562689423561,0.7905660089546164,0.42919728872893037,0.53752097818269,0.55,0.5882352941176471,0.00023674704079061623,0.001294432207942009,0.2002223605446097,0.8413066800573332,0.5260129465356029,0.54,0.6470588235294118,0.00024458792728264297,0.00023413868620991707,0.38247203640494365,0.7021112668273033,0.5065931431311436,0.505,0.5294117647058824,no_stable_structure,none,none,q10_minus_middle,0.0007259228929241868,0.7905660089546164,0.7905660089546164,0.55,0.5882352941176471,,,,,,,,,0.9976082276967233,True,448,2240,no_stable_structure,No stable monotonic or tail structure passed the descriptive rules.,0.007905660089546164
risk_adjusted_trend|risk_trend_250d|h126,risk_adjusted_trend|risk_trend_250d,risk_adjusted_trend,risk_trend_250d,126,"{""window"": 250}",4181,503.0,423.0,0.9698636689787132,0.35757575757575755,0.5555555555555556,4181,0.35434559722255615,0.37285618980816876,0.016938976167690994,0.030581578612327576,0.6619834305875035,0.5079818407503021,0.5644882860665844,0.5567010309278351,0.7058823529411765,0.01427183562060577,0.021255001425743103,0.7190833854101811,0.47208954366294276,0.5770653514180024,0.5824742268041238,0.5294117647058824,0.00394534949088669,0.00427883118391037,0.4232790572734877,0.6720916722820194,0.5252774352651048,0.5154639175257731,0.47058823529411764,0.010326486167270558,0.014150155708193779,0.7895899096877779,0.42976730296187915,0.6022194821208384,0.6185567010309279,0.8235294117647058,-0.0031905683495607297,-0.004538698121905327,-0.5778900363524303,0.563338362586095,0.5511713933415536,0.5721649484536082,0.5882352941176471,no_stable_structure,none,none,middle_minus_q1,0.010326486167270558,0.7895899096877779,0.7895899096877779,0.6185567010309279,0.8235294117647058,,,,,,,,,0.9698636689787132,True,448,2240,no_stable_structure,No stable monotonic or tail structure passed the descriptive rules.,0.007895899096877778
momentum|6m-2m|h21,momentum|6m-2m,momentum,6m-2m,21,"{""skip"": 42, ""window"": 126}",4181,503.0,428.0,0.9949772781631189,-0.2606060606060606,0.5555555555555556,4181,0.7123248067225016,0.7281982470441372,-0.0035291849280243838,0.004647739697247744,-0.3625762387879432,0.716921462800875,0.490625,0.47738693467336685,0.5294117647058824,0.0012894821206898017,0.0038461186923086643,0.48918160551669,0.6247131310865686,0.5425480769230769,0.5527638190954773,0.5882352941176471,0.001327522014952802,0.0014577931724488735,0.7889023361091347,0.4301690902304799,0.5237980769230769,0.5276381909547738,0.7058823529411765,-3.803987790608797e-05,0.0006769876927137375,-0.02063602882282789,0.9835359997348553,0.4855769230769231,0.48743718592964824,0.5294117647058824,0.0006827809857545967,0.0001256447285413742,0.5817058156262396,0.5607648535874689,0.5021634615384616,0.5276381909547738,0.5882352941176471,no_stable_structure,none,none,q10_minus_middle,0.001327522014952802,0.7889023361091347,0.7889023361091347,0.5276381909547738,0.7058823529411765,,,,,,,,,0.9949772781631189,True,448,2240,no_stable_structure,No stable monotonic or tail structure passed the descriptive rules.,0.007889023361091348
trend|SMA150|h21,trend|SMA150,trend,SMA150,21,"{""window"": 150}",4181,503.0,428.0,0.9949772781631189,-0.6121212121212121,0.5555555555555556,4181,0.7633076799712842,0.7763147987461065,-0.006194267112837574,0.009105315897613764,-0.588766063115515,0.5560182143654613,0.47884615384615387,0.5025125628140703,0.5882352941176471,-0.0007611746471201723,0.0030759666115045547,-0.24319795052723686,0.8078520544536565,0.47259615384615383,0.49748743718592964,0.5294117647058824,0.0005032220898731164,0.0019279597327113152,0.3023009549361724,0.7624226504426466,0.5334134615384616,0.542713567839196,0.5882352941176471,-0.00126439674919451,0.0007382151670753956,-0.5847846686532412,0.5586925143942247,0.4908653846153846,0.5025125628140703,0.5294117647058824,0.0008838094068918368,2.4104490876197815e-05,0.7830294935435638,0.43360979270444544,0.5012019230769231,0.5025125628140703,0.5294117647058824,no_stable_structure,none,none,edges_minus_middle,0.0008838094068918368,0.7830294935435638,0.7830294935435638,0.5025125628140703,0.5294117647058824,,,,,,,,,0.9949772781631189,True,448,2240,no_stable_structure,No stable monotonic or tail structure passed the descriptive rules.,0.007830294935435638
liquidity_change|liq_20d_252d|h10,liquidity_change|liq_20d_252d,liquidity_change,liq_20d_252d,10,"{""long_window"": 252, ""short_window"": 20}",4181,503.0,428.0,0.9976082276967233,-0.709090909090909,0.7777777777777778,4181,0.7205894690338777,0.721908078991538,-0.0047692738700804965,-0.0010283011943101883,-1.1577805536806316,0.24695360112100817,0.5044353871973148,0.54,0.7058823529411765,-0.00013303258426599813,0.0009627370163798332,-0.15403037178842693,0.8775857881200507,0.48022057060656914,0.47,0.7058823529411765,0.00023109297501369846,0.00037141144275665283,0.41635145101104376,0.6771528485139138,0.5147446655478303,0.515,0.5294117647058824,-0.00036412556591370926,0.000334249809384346,-0.6084726916088598,0.5428740125345024,0.4895708463198274,0.475,0.6470588235294118,0.0002976092673342222,0.00010696705430746078,0.7772618920141597,0.4370042733347168,0.5032366339007432,0.505,0.5882352941176471,no_stable_structure,none,none,edges_minus_middle,0.0002976092673342222,0.7772618920141597,0.7772618920141597,0.505,0.5882352941176471,,,,,,,,,0.9976082276967233,True,448,2240,no_stable_structure,No stable monotonic or tail structure passed the descriptive rules.,0.007772618920141598
price_volume_confirmation|pvc_12m_1m_liq20_252|h63,price_volume_confirmation|pvc_12m_1m_liq20_252,price_volume_confirmation,pvc_12m_1m_liq20_252,63,"{""confirmation_strength"": 0.25, ""liquidity_clip"": 2, ""long_window"": 252, ""short_window"": 20, ""skip"": 21, ""window"": 252}",4181,503.0,425.0,0.9849318344893566,0.13939393939393938,0.6666666666666666,4181,0.6841716710826179,0.7024059472747411,0.0035498205306520396,0.012096950318664312,0.19701837413444104,0.8438131591063222,0.5240407965031568,0.5177664974619289,0.5294117647058824,0.007151173584033374,0.007204134948551655,0.7768575991797336,0.4372427895206623,0.5388538125303546,0.5431472081218274,0.5882352941176471,0.0036567027129652636,0.0008002687245607376,0.7561166014131256,0.4495792892518684,0.5060709082078679,0.49238578680203043,0.4117647058823529,0.0034944708429113206,0.007699575275182724,0.5044317039413583,0.6139580437862254,0.560709082078679,0.5685279187817259,0.6470588235294118,8.111590025503226e-05,-0.0028712786734104156,0.021298075485486616,0.9830078790320833,0.4660029140359398,0.4619289340101523,0.35294117647058826,no_stable_structure,none,none,q10_minus_q1,0.007151173584033374,0.7768575991797336,0.7768575991797336,0.5431472081218274,0.5882352941176471,,,,,,,,,0.9849318344893566,True,448,2240,no_stable_structure,No stable monotonic or tail structure passed the descriptive rules.,0.007768575991797336
risk_adjusted_trend|risk_trend_200d|h126,risk_adjusted_trend|risk_trend_200d,risk_adjusted_trend,risk_trend_200d,126,"{""window"": 200}",4181,503.0,423.0,0.9698636689787132,0.41818181818181815,0.6666666666666666,4181,0.19892955736048828,0.21626820034927485,0.020117057814587506,0.02807338908314705,0.873251234234569,0.38252615452031113,0.5797780517879162,0.5927835051546392,0.7058823529411765,0.014824857839248827,0.013992846012115479,0.7730456012078605,0.4394953934926772,0.5561035758323057,0.5463917525773195,0.5294117647058824,0.005381667642921907,0.003720611333847046,0.5718899865667385,0.5673965082946664,0.5228113440197287,0.5051546391752577,0.47058823529411764,0.009443190157339987,0.010091042146086693,0.768849666969668,0.44198256031534877,0.5837237977805179,0.6134020618556701,0.7058823529411765,-0.0020307613151439646,-0.0030997246503829956,-0.38541706686640975,0.69992843990437,0.5405672009864365,0.5463917525773195,0.5882352941176471,no_stable_structure,none,none,q10_minus_q1,0.014824857839248827,0.7730456012078605,0.7730456012078605,0.5463917525773195,0.5294117647058824,,,,,,,,,0.9698636689787132,True,448,2240,no_stable_structure,No stable monotonic or tail structure passed the descriptive rules.,0.007730456012078605
high_proximity|high_12m|h252,high_proximity|high_12m,high_proximity,high_12m,252,"{""window"": 252}",4181,503.0,419.0,0.9397273379574265,-0.9757575757575757,0.7777777777777778,4181,0.15783800531409053,0.1522534110993394,0.010553406176944866,0.024715978652238846,0.34673332633269116,0.7287916708264932,0.5614660218885212,0.5319148936170213,0.625,-0.02489975472891811,0.008980229496955872,-0.6264889810584139,0.5309942621059554,0.48011742727515344,0.5106382978723404,0.5,-0.008230055273990965,-0.001067832112312317,-0.7707458727314123,0.440857575874554,0.5070723245262877,0.46808510638297873,0.5,-0.01489582350615651,0.003610551357269287,-0.4823308017983996,0.6295709695825107,0.48943751590735557,0.48936170212765956,0.4375,0.00421982215235742,-0.0025939494371414185,0.3278201850150387,0.743047624508966,0.48572191086202293,0.46808510638297873,0.4375,no_stable_structure,none,none,q10_minus_middle,-0.008230055273990965,-0.7707458727314123,0.7707458727314123,0.46808510638297873,0.5,,,,,,,,,0.9397273379574265,True,448,2240,no_stable_structure,No stable monotonic or tail structure passed the descriptive rules.,0.0077074587273141225
short_term_reversal|reversal_21d|h63,short_term_reversal|reversal_21d,short_term_reversal,reversal_21d,63,"{""window"": 21}",4181,503.0,426.0,0.9849318344893566,0.6484848484848483,0.7777777777777778,4181,0.0009239527085289722,0.008357060879410084,0.009481532222339696,0.007145595736801624,0.9679516774533956,0.3330685036196287,0.517969888295289,0.5177664974619289,0.5294117647058824,0.0006195540756071751,0.0012484099715948105,0.1349984550417473,0.8926130958477624,0.5080135988343856,0.5329949238578681,0.4117647058823529,0.0025215013215001475,0.0008670199895277619,0.6568750999302719,0.5112612300771144,0.5067994171928121,0.5380710659898477,0.6470588235294118,-0.0019019471978907342,-0.0010664481669664383,-0.5430526291615405,0.5870935668997499,0.5121418164157358,0.5228426395939086,0.5882352941176471,0.002211724287315103,0.001012161374092102,0.7707164439153003,0.4408750229095916,0.5150558523555124,0.5431472081218274,0.5294117647058824,no_stable_structure,none,none,edges_minus_middle,0.002211724287315103,0.7707164439153003,0.7707164439153003,0.5431472081218274,0.5294117647058824,,,,,,,,,0.9849318344893566,True,448,2240,no_stable_structure,No stable monotonic or tail structure passed the descriptive rules.,0.007707164439153003
momentum|6m-2m|h252,momentum|6m-2m,momentum,6m-2m,252,"{""skip"": 42, ""window"": 126}",4181,503.0,419.0,0.9397273379574265,-0.1515151515151515,0.5555555555555556,4181,-0.006608310061037377,-0.002164464690253648,0.006845793873411672,0.01620791107416153,0.3322955939075378,0.7396660666149446,0.5426317129040469,0.5159574468085106,0.4375,0.006104686889123313,0.014746338129043579,0.2622403425703041,0.7931361525096121,0.5276151692542632,0.5159574468085106,0.4375,0.010883356139232607,0.009945936501026154,0.7672548748755259,0.44292999226808405,0.5329600407228302,0.5372340425531915,0.5,-0.004778669288983537,0.004344135522842407,-0.2544291765530462,0.7991640127863268,0.48307457368287093,0.4574468085106383,0.4375,0.007831012579470447,0.007968902587890625,0.6583079938299179,0.5103402423948122,0.54543140748282,0.5638297872340425,0.5,no_stable_structure,none,none,q10_minus_middle,0.010883356139232607,0.7672548748755259,0.7672548748755259,0.5372340425531915,0.5,,,,,,,,,0.9397273379574265,True,448,2240,no_stable_structure,No stable monotonic or tail structure passed the descriptive rules.,0.007672548748755259
price_volume_confirmation|pvc_12m_1m_liq20_252|h42,price_volume_confirmation|pvc_12m_1m_liq20_252,price_volume_confirmation,pvc_12m_1m_liq20_252,42,"{""confirmation_strength"": 0.25, ""liquidity_clip"": 2, ""long_window"": 252, ""short_window"": 20, ""skip"": 21, ""window"": 252}",4181,503.0,425.0,0.9899545563262377,0.41818181818181815,0.6666666666666666,4181,0.7786913827179913,0.7963126256058235,0.005869282867818067,0.010952189564704895,0.3858935639292075,0.6995754973927353,0.5225899975839575,0.5303030303030303,0.5882352941176471,0.004788973277265273,0.0062203481793403625,0.7671699843065237,0.44298045646912987,0.5416767335105098,0.5656565656565656,0.6470588235294118,0.002140958741511794,0.0007281824946403503,0.6391539979249361,0.5227227549450242,0.5078521381976323,0.5,0.5882352941176471,0.0026480145806151456,0.00725089106708765,0.571151492211755,0.5678969565023877,0.5677699927518725,0.5707070707070707,0.6470588235294118,-0.0002535278299549114,-0.0018626227974891663,-0.09856746573066409,0.9214817027767208,0.5298381251510027,0.5404040404040404,0.6470588235294118,no_stable_structure,none,none,q10_minus_q1,0.004788973277265273,0.7671699843065237,0.7671699843065237,0.5656565656565656,0.6470588235294118,,,,,,,,,0.9899545563262377,True,448,2240,no_stable_structure,No stable monotonic or tail structure passed the descriptive rules.,0.007671699843065237
volatility_scaled_momentum|vsmom_9m_1m_vol60|h252,volatility_scaled_momentum|vsmom_9m_1m_vol60,volatility_scaled_momentum,vsmom_9m_1m_vol60,252,"{""skip"": 21, ""volatility_window"": 60, ""window"": 189}",4181,503.0,419.0,0.9397273379574265,-0.406060606060606,0.6666666666666666,4181,0.01902558074341799,0.027171307522990577,0.009829873960788894,0.019902948290109634,0.354199032811818,0.723189728374044,0.5484856197505726,0.5638297872340425,0.5,0.007223729708557439,0.02380501851439476,0.23953928027788285,0.8106874415772847,0.5551030796640366,0.5531914893617021,0.5625,-0.0020260152411257213,0.00031803548336029053,-0.13861075390602892,0.8897577449609615,0.49707304657673707,0.5159574468085106,0.375,0.009249744774689806,0.025507727637887,0.49419943872336336,0.6211653361158538,0.6151692542631713,0.6276595744680851,0.75,-0.005637879965300171,-0.008394928649067879,-0.7628473104566762,0.44555446227991646,0.5561211504199541,0.5957446808510638,0.6875,no_stable_structure,none,none,edges_minus_middle,-0.005637879965300171,-0.7628473104566762,0.7628473104566762,0.5957446808510638,0.6875,,,,,,,,,0.9397273379574265,True,448,2240,no_stable_structure,No stable monotonic or tail structure passed the descriptive rules.,0.007628473104566762
trend_slope|slope_50d|h10,trend_slope|slope_50d,trend_slope,slope_50d,10,"{""window"": 50}",4181,503.0,428.0,0.9976082276967233,-0.9636363636363635,0.6666666666666666,4181,0.8097141407274092,0.8189374182969592,-0.00879439338888027,-0.004728901665657759,-1.3033699117672473,0.19244850353820853,0.5111484056581156,0.53,0.5294117647058824,-0.0010076084936553337,-5.2623450756073e-05,-0.7418159730671269,0.45819884144008083,0.5013186286262287,0.495,0.47058823529411764,-0.0002862343744035725,-1.605786383152008e-05,-0.37831996418892144,0.7051929163509082,0.5003596259889714,0.5,0.5882352941176471,-0.000721374128383777,0.00023577921092510223,-0.7604843906234143,0.4469650961936088,0.4943658595061136,0.525,0.5882352941176471,0.00021756989434267677,9.838491678237915e-05,0.4149902536329242,0.6781490379847221,0.5027571325821146,0.51,0.5294117647058824,no_stable_structure,none,none,middle_minus_q1,-0.000721374128383777,-0.7604843906234143,0.7604843906234143,0.525,0.5882352941176471,,,,,,,,,0.9976082276967233,True,448,2240,no_stable_structure,No stable monotonic or tail structure passed the descriptive rules.,0.007604843906234143
momentum|12m-2m|h63,momentum|12m-2m,momentum,12m-2m,63,"{""skip"": 42, ""window"": 252}",4181,503.0,425.0,0.9849318344893566,0.2606060606060606,0.6666666666666666,4181,0.6683896722191522,0.6881928244908421,0.005779925850460981,0.0070513831451535225,0.3156314382141502,0.7522822723666012,0.5162700339970859,0.5025380710659898,0.5294117647058824,0.006776194338900598,0.005722835659980774,0.7451590961599812,0.4561755471699419,0.5298688683827101,0.5279187817258884,0.5882352941176471,0.003748870871369937,-0.0013284268788993359,0.7565307912995822,0.44933101837163947,0.48858669256920834,0.467005076142132,0.47058823529411764,0.003027323495023108,0.006168772932142019,0.4401730305566793,0.6598117912916499,0.5471102476930548,0.5279187817258884,0.5882352941176471,0.00036077370558765406,-0.0016769468784332275,0.09237025981413058,0.9264038676158814,0.47814473045167555,0.5177664974619289,0.47058823529411764,no_stable_structure,none,none,q10_minus_middle,0.003748870871369937,0.7565307912995822,0.7565307912995822,0.467005076142132,0.47058823529411764,,,,,,,,,0.9849318344893566,True,448,2240,no_stable_structure,No stable monotonic or tail structure passed the descriptive rules.,0.0075653079129958225
trend|SMA150|h42,trend|SMA150,trend,SMA150,42,"{""window"": 150}",4181,503.0,427.0,0.9899545563262377,-0.5151515151515151,0.5555555555555556,4181,0.5528625495737673,0.5686738102547882,-0.009789643172531342,0.0023422411177307367,-0.7633978810037624,0.44522614328117216,0.4943223000724813,0.4898989898989899,0.5882352941176471,0.0007240300202732318,0.0044699981808662415,0.13390907919164574,0.8934744707943654,0.5332205846822904,0.51010101010101,0.5294117647058824,0.0019527512446575104,0.0036841481924057007,0.6426308593837483,0.5204636542643242,0.5479584440686156,0.5454545454545454,0.5882352941176471,-0.0012287211634202267,0.0007403790950775146,-0.3243171181471188,0.7456979610814725,0.49287267455907224,0.5050505050505051,0.5294117647058824,0.0015907361810806645,0.0005577802658081055,0.7511235233025555,0.4525783200667276,0.5122010147378594,0.5151515151515151,0.47058823529411764,no_stable_structure,none,none,edges_minus_middle,0.0015907361810806645,0.7511235233025555,0.7511235233025555,0.5151515151515151,0.47058823529411764,,,,,,,,,0.9899545563262377,True,448,2240,no_stable_structure,No stable monotonic or tail structure passed the descriptive rules.,0.007511235233025555
risk_adjusted_trend|risk_trend_50d|h21,risk_adjusted_trend|risk_trend_50d,risk_adjusted_trend,risk_trend_50d,21,"{""window"": 50}",4181,503.0,428.0,0.9949772781631189,-0.8545454545454544,0.6666666666666666,4181,0.45396094143680465,0.45966786291304984,-0.01096297142545294,-0.005692890379577875,-1.1811925810764343,0.23752622782319122,0.5127403846153846,0.507537688442211,0.6470588235294118,-0.0013910125747665567,0.0009475741535425186,-0.5462009285988557,0.5849278279085968,0.49014423076923075,0.5226130653266332,0.5882352941176471,-0.0011350606638328687,-0.00017220666632056236,-0.7455119115608916,0.4559623129650885,0.5026442307692308,0.5175879396984925,0.6470588235294118,-0.0002559519173071469,0.00044340500608086586,-0.16496913143683,0.8689682786698301,0.49014423076923075,0.4723618090452261,0.5882352941176471,-0.0004395543614849045,-0.0007220222614705563,-0.5105533361810759,0.6096638581678239,0.5168269230769231,0.5276381909547738,0.5882352941176471,no_stable_structure,none,none,q10_minus_middle,-0.0011350606638328687,-0.7455119115608916,0.7455119115608916,0.5175879396984925,0.6470588235294118,,,,,,,,,0.9949772781631189,True,448,2240,no_stable_structure,No stable monotonic or tail structure passed the descriptive rules.,0.007455119115608916
price_volume_confirmation|pvc_6m_1m_liq5_60|h42,price_volume_confirmation|pvc_6m_1m_liq5_60,price_volume_confirmation,pvc_6m_1m_liq5_60,42,"{""confirmation_strength"": 0.25, ""liquidity_clip"": 2, ""long_window"": 60, ""short_window"": 5, ""skip"": 21, ""window"": 126}",4181,503.0,427.0,0.9899545563262377,-0.13939393939393938,0.4444444444444444,4181,0.5504090145458297,0.569619701631891,-0.005793391855693233,0.0060866838321089745,-0.47941619231277044,0.6316425764254908,0.48562454699202706,0.4797979797979798,0.4117647058823529,0.0030995676593290693,0.00363372266292572,0.6544463241957033,0.5128242977386278,0.5274220826286543,0.5202020202020202,0.7058823529411765,0.0021543300920272954,0.0028652576729655266,0.738674196797256,0.46010485782097177,0.5305629379077071,0.5303030303030303,0.5294117647058824,0.0009452375676181963,0.0010434184223413467,0.27854488037548697,0.780594118039349,0.5131674317467988,0.4797979797979798,0.5294117647058824,0.0006045462672426977,0.0007716845721006393,0.2881086115932519,0.773263600893142,0.509784972215511,0.5252525252525253,0.47058823529411764,no_stable_structure,none,none,q10_minus_middle,0.0021543300920272954,0.738674196797256,0.738674196797256,0.5303030303030303,0.5294117647058824,,,,,,,,,0.9899545563262377,True,448,2240,no_stable_structure,No stable monotonic or tail structure passed the descriptive rules.,0.00738674196797256
trend_slope|slope_200d|h1,trend_slope|slope_200d,trend_slope,slope_200d,1,"{""window"": 200}",4181,503.0,429.0,0.9997608227696724,-0.23636363636363633,0.4444444444444444,4181,0.9997729357301095,0.9997897628334255,0.010854992413478787,0.018074977211654186,3.0549339865143375,0.0022511006439786306,0.5301435406698565,0.635,0.8235294117647058,8.391441876078737e-05,0.0006446568295359612,0.3551907778641348,0.7224466730932214,0.5260765550239235,0.51,0.47058823529411764,9.75602907370932e-05,0.0004574891645461321,0.7315655338632102,0.46443379147884,0.5344497607655503,0.53,0.6470588235294118,-1.3645867264339963e-05,0.0002275130245834589,-0.08869779055863644,0.9293220884950346,0.4813397129186603,0.485,0.5882352941176471,5.560308217132825e-05,0.00015509221702814102,0.6756336873710197,0.4992732476965078,0.5167464114832536,0.52,0.5294117647058824,no_stable_structure,none,none,q10_minus_middle,9.75602907370932e-05,0.7315655338632102,0.7315655338632102,0.53,0.6470588235294118,,,,,,,,,0.9997608227696724,True,448,2240,no_stable_structure,No stable monotonic or tail structure passed the descriptive rules.,0.007315655338632102
momentum|12m-2m|h21,momentum|12m-2m,momentum,12m-2m,21,"{""skip"": 42, ""window"": 252}",4181,503.0,427.0,0.9949772781631189,0.4424242424242424,0.6666666666666666,4181,0.8802557102109719,0.8890629847065487,0.008773178476193466,0.020668014883995056,0.7871841522757607,0.43117407294864574,0.5370192307692307,0.5628140703517588,0.5882352941176471,0.0024653630816688886,0.003506327047944069,0.7308410333528668,0.4648762567518817,0.5338942307692308,0.5175879396984925,0.5294117647058824,0.001237588109017032,0.0013600664678961039,0.6879078285952966,0.4915108263518103,0.5213942307692307,0.5326633165829145,0.6470588235294118,0.0012277749564908356,0.0038520358502864838,0.49584331163101447,0.6200049643190239,0.5504807692307693,0.5577889447236181,0.6470588235294118,4.906572170372014e-06,-0.00016996823251247406,0.0036180532357520012,0.997113217481178,0.4966346153846154,0.4824120603015075,0.5294117647058824,no_stable_structure,none,none,q10_minus_q1,0.0024653630816688886,0.7308410333528668,0.7308410333528668,0.5175879396984925,0.5294117647058824,,,,,,,,,0.9949772781631189,True,448,2240,no_stable_structure,No stable monotonic or tail structure passed the descriptive rules.,0.007308410333528668
risk_adjusted_trend|risk_trend_250d|h42,risk_adjusted_trend|risk_trend_250d,risk_adjusted_trend,risk_trend_250d,42,"{""window"": 250}",4181,503.0,425.0,0.9899545563262377,0.6606060606060605,0.5555555555555556,4181,0.8755891873065647,0.8850541860785844,0.01028125774399009,0.025104107335209846,0.6539043310225172,0.5131734434570967,0.5626963034549408,0.5606060606060606,0.5882352941176471,0.0038179980555950233,0.006704613566398621,0.594301984364445,0.5523101516557526,0.5453007972940324,0.5656565656565656,0.6470588235294118,0.0007146882319898962,0.0030337199568748474,0.23753202089155517,0.812244080815727,0.5438511717806234,0.5252525252525253,0.4117647058823529,0.003103309785971955,0.005832413211464882,0.7291636851134117,0.46590154212623447,0.5626963034549408,0.5757575757575758,0.7058823529411765,-0.001194310741804857,-0.0014659222215414047,-0.6609476149548505,0.50864590888023,0.5298381251510027,0.5303030303030303,0.5882352941176471,no_stable_structure,none,none,middle_minus_q1,0.003103309785971955,0.7291636851134117,0.7291636851134117,0.5757575757575758,0.7058823529411765,,,,,,,,,0.9899545563262377,True,448,2240,no_stable_structure,No stable monotonic or tail structure passed the descriptive rules.,0.007291636851134117
trend|SMA200|h42,trend|SMA200,trend,SMA200,42,"{""window"": 200}",4181,503.0,426.0,0.9899545563262377,-0.309090909090909,0.5555555555555556,4181,0.6549423388068102,0.6719469893549561,-0.005251465761994696,0.010609235614538193,-0.39026877199934773,0.6963378124486457,0.4759603769026335,0.4898989898989899,0.47058823529411764,0.002034288068913107,0.006671428680419922,0.34797900550001193,0.7278559505203677,0.5445759845373278,0.5404040404040404,0.5294117647058824,0.0021376439531583338,0.004814077168703079,0.7154908056426624,0.4743058201733995,0.5629379077071757,0.601010101010101,0.6470588235294118,-0.00010335588657620536,0.0027462877333164215,-0.023964307619655494,0.980881078918744,0.47571877265039864,0.48484848484848486,0.5294117647058824,0.0011204998696176323,0.0011341013014316559,0.490443559731988,0.6238200591114766,0.5148586615124426,0.5202020202020202,0.47058823529411764,no_stable_structure,none,none,q10_minus_middle,0.0021376439531583338,0.7154908056426624,0.7154908056426624,0.601010101010101,0.6470588235294118,,,,,,,,,0.9899545563262377,True,448,2240,no_stable_structure,No stable monotonic or tail structure passed the descriptive rules.,0.007154908056426624
trend_slope|slope_200d|h252,trend_slope|slope_200d,trend_slope,slope_200d,252,"{""window"": 200}",4181,503.0,419.0,0.9397273379574265,-0.33333333333333326,0.5555555555555556,4181,-0.014234530639708509,0.0023444966161639403,0.006429058447537743,0.009753295220434666,0.22848293262849753,0.81927082303204,0.5171799440061084,0.526595744680851,0.4375,-0.003810759646401803,-0.0017686448991298676,-0.1147845626749066,0.9086158853738582,0.5039450241791804,0.5212765957446809,0.5625,0.008588937260295847,-0.010378137230873108,0.4801987382872605,0.6310860839219685,0.4614405701196233,0.4521276595744681,0.4375,-0.012399696976505363,0.009908989071846008,-0.48190654728953125,0.6298723348268103,0.46347671163145837,0.4574468085106383,0.4375,0.010494317155585952,0.006757080554962158,0.714974650992261,0.4746247069618842,0.5293967930771188,0.5478723404255319,0.5,no_stable_structure,none,none,edges_minus_middle,0.010494317155585952,0.714974650992261,0.714974650992261,0.5478723404255319,0.5,,,,,,,,,0.9397273379574265,True,448,2240,no_stable_structure,No stable monotonic or tail structure passed the descriptive rules.,0.00714974650992261
risk_adjusted_trend|risk_trend_200d|h42,risk_adjusted_trend|risk_trend_200d,risk_adjusted_trend,risk_trend_200d,42,"{""window"": 200}",4181,503.0,426.0,0.9899545563262377,0.3696969696969697,0.6666666666666666,4181,0.8151483608187757,0.8209195155242245,0.004380924735533176,0.024757299572229385,0.30256031204665895,0.7622249639475499,0.5588306354191834,0.5707070707070707,0.5294117647058824,0.0029132087670755355,0.003783890977501869,0.48671718566997807,0.626458764664579,0.5269388741241846,0.5151515151515151,0.5882352941176471,0.00019866779509773844,0.0022564008831977844,0.0674906409842763,0.9461911124512364,0.5305629379077071,0.5202020202020202,0.5294117647058824,0.0027145409246831934,0.0049651190638542175,0.6904234314554082,0.4899279457437453,0.563904324716115,0.5707070707070707,0.5294117647058824,-0.0012579366019055608,-0.0019575804471969604,-0.7138479943525031,0.475321178308049,0.5332205846822904,0.5707070707070707,0.5294117647058824,no_stable_structure,none,none,edges_minus_middle,-0.0012579366019055608,-0.7138479943525031,0.7138479943525031,0.5707070707070707,0.5294117647058824,,,,,,,,,0.9899545563262377,True,448,2240,no_stable_structure,No stable monotonic or tail structure passed the descriptive rules.,0.007138479943525031
price_volume_confirmation|pvc_6m_1m_liq5_60|h21,price_volume_confirmation|pvc_6m_1m_liq5_60,price_volume_confirmation,pvc_6m_1m_liq5_60,21,"{""confirmation_strength"": 0.25, ""liquidity_clip"": 2, ""long_window"": 60, ""short_window"": 5, ""skip"": 21, ""window"": 126}",4181,503.0,428.0,0.9949772781631189,-0.7818181818181817,0.5555555555555556,4181,0.7525744330798482,0.7668661207430656,-0.007035728397237598,0.002462036209180951,-0.699732527603017,0.48409435869855666,0.49182692307692305,0.5125628140703518,0.5294117647058824,-0.00020031188991756957,0.002954859286546707,-0.07166300446408204,0.9428700985928019,0.47259615384615383,0.457286432160804,0.47058823529411764,0.0006133076659912499,0.0021874839439988136,0.3911668155108566,0.6956739354146058,0.5370192307692307,0.5527638190954773,0.5882352941176471,-0.0008136195160099865,0.0006277491338551044,-0.4317311730911981,0.6659368080226953,0.4908653846153846,0.5226130653266332,0.5882352941176471,0.0007134635611761881,0.0003873948007822037,0.6957275130265165,0.4865994919663731,0.5074519230769231,0.5175879396984925,0.5882352941176471,no_stable_structure,none,none,edges_minus_middle,0.0007134635611761881,0.6957275130265165,0.6957275130265165,0.5175879396984925,0.5882352941176471,,,,,,,,,0.9949772781631189,True,448,2240,no_stable_structure,No stable monotonic or tail structure passed the descriptive rules.,0.006957275130265165
trend_slope|slope_250d|h1,trend_slope|slope_250d,trend_slope,slope_250d,1,"{""window"": 250}",4181,503.0,429.0,0.9997608227696724,0.32121212121212117,0.5555555555555556,4181,0.9998451902605454,0.9998582644060351,0.012930788069898667,0.019084202125668526,3.574177920045635,0.0003513299807691814,0.5308612440191387,0.63,0.9411764705882353,7.843476027963543e-05,0.0006704748375341296,0.3268042569108336,0.7438159395248797,0.5244019138755981,0.5,0.5882352941176471,9.350212204267837e-05,0.0005130704957991838,0.6941814600135389,0.48756841797032646,0.5361244019138756,0.53,0.6470588235294118,-1.506735901802257e-05,0.0002060705446638167,-0.09613238422479946,0.9234154315140694,0.4842105263157895,0.48,0.47058823529411764,5.428474036498779e-05,0.00017280422616750002,0.6509870341967682,0.5150548566677164,0.5129186602870813,0.535,0.7058823529411765,no_stable_structure,none,none,q10_minus_middle,9.350212204267837e-05,0.6941814600135389,0.6941814600135389,0.53,0.6470588235294118,,,,,,,,,0.9997608227696724,True,448,2240,no_stable_structure,No stable monotonic or tail structure passed the descriptive rules.,0.006941814600135389
short_term_reversal|reversal_21d|h42,short_term_reversal|reversal_21d,short_term_reversal,reversal_21d,42,"{""window"": 21}",4181,503.0,427.0,0.9899545563262377,0.8545454545454544,0.6666666666666666,4181,-0.008771651779194789,-0.005340048691284,0.01373457057237977,0.00920903030782938,1.5158439025560504,0.12955882787449707,0.5264556656197149,0.5404040404040404,0.6470588235294118,0.0018670356423176886,4.925578832626343e-05,0.49915928675618776,0.6176671737851167,0.5003624063783523,0.5353535353535354,0.5294117647058824,0.0020068020981645466,-1.4454126358032227e-05,0.6914611238113305,0.48927580353702216,0.4998791978738826,0.5404040404040404,0.5294117647058824,-0.0001397663807703664,-0.0006753355264663696,-0.057285659783649724,0.9543176434286137,0.5093017637110413,0.48484848484848486,0.47058823529411764,0.0010732842661488975,0.00029231607913970947,0.5587038231724072,0.5763638696948297,0.5064025126842232,0.5050505050505051,0.5294117647058824,no_stable_structure,none,none,q10_minus_middle,0.0020068020981645466,0.6914611238113305,0.6914611238113305,0.5404040404040404,0.5294117647058824,,,,,,,,,0.9899545563262377,True,448,2240,no_stable_structure,No stable monotonic or tail structure passed the descriptive rules.,0.006914611238113305
short_term_reversal|reversal_21d|h21,short_term_reversal|reversal_21d,short_term_reversal,reversal_21d,21,"{""window"": 21}",4181,503.0,428.0,0.9949772781631189,0.8909090909090909,0.6666666666666666,4181,-0.013070513287586153,-0.0038060283981444757,0.010920150635362584,0.002384935040026903,1.3214307541464372,0.18635777721973978,0.5069711538461539,0.5276381909547738,0.7058823529411765,0.0015664140273971637,-0.00013394607231020927,0.675951700718795,0.4990713110295276,0.4985576923076923,0.5477386934673367,0.5294117647058824,0.0010726511317093704,0.00019348878413438797,0.67537283313161,0.4994389210500644,0.503125,0.507537688442211,0.7058823529411765,0.0004937628814751896,7.06198625266552e-05,0.34977484359609673,0.726507679839768,0.5014423076923077,0.5025125628140703,0.5882352941176471,0.00028944412842975,-0.0007620115065947175,0.30257094015360775,0.762216863350579,0.48173076923076924,0.47738693467336685,0.47058823529411764,no_stable_structure,none,none,q10_minus_q1,0.0015664140273971637,0.675951700718795,0.675951700718795,0.5477386934673367,0.5294117647058824,,,,,,,,,0.9949772781631189,True,448,2240,no_stable_structure,No stable monotonic or tail structure passed the descriptive rules.,0.0067595170071879495
liquidity_change|liq_5d_60d|h63,liquidity_change|liq_5d_60d,liquidity_change,liq_5d_60d,63,"{""long_window"": 60, ""short_window"": 5}",4181,503.0,426.0,0.9849318344893566,-0.8060606060606059,0.4444444444444444,4181,0.09677566114183722,0.07921082972665243,-0.007351235980526447,-0.007652403321117163,-1.770079389452545,0.07671391645402759,0.5451675570665372,0.583756345177665,0.7058823529411765,-0.0013411266159823942,-0.00043050898239016533,-0.6166343131379642,0.5374759565672738,0.5046138902379796,0.5532994923857868,0.5294117647058824,-0.00012823379915010867,-0.0001850426197052002,-0.10276971095264481,0.9181457451059342,0.5019426906265178,0.47715736040609136,0.35294117647058826,-0.00121289282125652,-0.00018322467803955078,-0.6703005474570074,0.5026662182094246,0.5041282175813502,0.5482233502538071,0.47058823529411764,0.0005423295540728793,0.00022866390645503998,0.4884040107822489,0.6252637015269662,0.5048567265662943,0.5279187817258884,0.6470588235294118,no_stable_structure,none,none,middle_minus_q1,-0.00121289282125652,-0.6703005474570074,0.6703005474570074,0.5482233502538071,0.47058823529411764,,,,,,,,,0.9849318344893566,True,448,2240,no_stable_structure,No stable monotonic or tail structure passed the descriptive rules.,0.006703005474570074
risk_adjusted_trend|risk_trend_200d|h252,risk_adjusted_trend|risk_trend_200d,risk_adjusted_trend,risk_trend_200d,252,"{""window"": 200}",4181,503.0,419.0,0.9397273379574265,-0.4787878787878787,0.6666666666666666,4181,0.02166116023708297,0.02714498826526879,0.009033523296446378,0.01826300099492073,0.309041261210174,0.7572901401093182,0.5408500890811911,0.5425531914893617,0.5,0.005523377726056947,0.018929287791252136,0.17004349103071992,0.8649759337758832,0.5418681598371087,0.5159574468085106,0.5625,-0.0028804058027016386,-0.002007395029067993,-0.1793932975038247,0.8576288938386935,0.5090353779587682,0.5053191489361702,0.5,0.008403783610181162,0.022484049201011658,0.4113618747516297,0.6808072053416637,0.6098243827946043,0.6063829787234043,0.6875,-0.0056420948237159855,-0.009167104959487915,-0.6567385958623725,0.5113490128651019,0.568592517179944,0.5851063829787234,0.625,no_stable_structure,none,none,edges_minus_middle,-0.0056420948237159855,-0.6567385958623725,0.6567385958623725,0.5851063829787234,0.625,,,,,,,,,0.9397273379574265,True,448,2240,no_stable_structure,No stable monotonic or tail structure passed the descriptive rules.,0.006567385958623725
price_volume_confirmation|pvc_12m_1m_liq20_252|h21,price_volume_confirmation|pvc_12m_1m_liq20_252,price_volume_confirmation,pvc_12m_1m_liq20_252,21,"{""confirmation_strength"": 0.25, ""liquidity_clip"": 2, ""long_window"": 252, ""short_window"": 20, ""skip"": 21, ""window"": 252}",4181,503.0,427.0,0.9949772781631189,0.01818181818181818,0.5555555555555556,4181,0.8797346771629675,0.8904007296534434,0.006902513611403768,0.017471841536462307,0.6077618254246544,0.5433454514491189,0.5365384615384615,0.5477386934673367,0.5882352941176471,0.001543893057581814,0.003637965302914381,0.45508763962043525,0.6490461900130543,0.53125,0.5376884422110553,0.6470588235294118,0.0011645867497673652,0.0018150326795876026,0.6543117976095616,0.5129109466554297,0.528125,0.49748743718592964,0.5882352941176471,0.0003793063435575907,0.0033399881795048714,0.15912706042708183,0.8735687687126059,0.5391826923076923,0.5577889447236181,0.7058823529411765,0.0003926402346293729,-5.6704506278038025e-05,0.3156200950613298,0.752290883131227,0.4985576923076923,0.48743718592964824,0.35294117647058826,no_stable_structure,none,none,q10_minus_middle,0.0011645867497673652,0.6543117976095616,0.6543117976095616,0.49748743718592964,0.5882352941176471,,,,,,,,,0.9949772781631189,True,448,2240,no_stable_structure,No stable monotonic or tail structure passed the descriptive rules.,0.006543117976095616
trend|SMA250|h42,trend|SMA250,trend,SMA250,42,"{""window"": 250}",4181,503.0,425.0,0.9899545563262377,0.006060606060606061,0.6666666666666666,4181,0.7193011850489636,0.7344642801896374,-0.001248341117435173,0.016093498095870018,-0.08884396459115254,0.929205917125154,0.4621889345252476,0.4696969696969697,0.5882352941176471,0.002776064587693763,0.006978750228881836,0.45485761780441003,0.6492116753770569,0.5453007972940324,0.5555555555555556,0.6470588235294118,0.0019715822449651635,0.004408101551234722,0.6503278641412921,0.5154804620698149,0.556414592896835,0.5808080808080808,0.5882352941176471,0.0008044823028945336,0.004225030541419983,0.1748739786189901,0.8611786572390311,0.5440927760328582,0.5252525252525253,0.47058823529411764,0.0005835499572428135,9.104609489440918e-05,0.2409585996650577,0.8095872038814441,0.5013288233872916,0.5,0.5882352941176471,no_stable_structure,none,none,q10_minus_middle,0.0019715822449651635,0.6503278641412921,0.6503278641412921,0.5808080808080808,0.5882352941176471,,,,,,,,,0.9899545563262377,True,448,2240,no_stable_structure,No stable monotonic or tail structure passed the descriptive rules.,0.0065032786414129205
momentum|12m-2m|h1,momentum|12m-2m,momentum,12m-2m,1,"{""skip"": 42, ""window"": 252}",4181,503.0,429.0,0.9997608227696724,0.19999999999999998,0.5555555555555556,4181,0.9933443212326539,0.9941554691538269,0.012716750908334667,0.019849576987326145,3.6377050086424174,0.0002750782211584109,0.5370813397129187,0.64,0.8823529411764706,7.469004485059895e-05,0.0007085374090820551,0.3294808068198583,0.7417922987797785,0.5208133971291866,0.505,0.5882352941176471,8.540889477844931e-05,0.0003880622098222375,0.6493394741998613,0.5161189763385452,0.5282296650717704,0.49,0.5882352941176471,-1.0718859663360159e-05,0.0003543399798218161,-0.07275901024927887,0.9419978895451427,0.48277511961722486,0.495,0.47058823529411764,4.806388503037455e-05,0.0001065712422132492,0.5891836435941934,0.5557380881579623,0.5141148325358852,0.49,0.5882352941176471,no_stable_structure,none,none,q10_minus_middle,8.540889477844931e-05,0.6493394741998613,0.6493394741998613,0.49,0.5882352941176471,,,,,,,,,0.9997608227696724,True,448,2240,no_stable_structure,No stable monotonic or tail structure passed the descriptive rules.,0.006493394741998612
momentum|6m-0m|h21,momentum|6m-0m,momentum,6m-0m,21,"{""skip"": 0, ""window"": 126}",4181,503.0,428.0,0.9949772781631189,-0.35757575757575755,0.5555555555555556,4181,0.8050021119931591,0.8197829451036561,-0.004366879416800027,0.01325574703514576,-0.4175327084609188,0.6762888050820033,0.46971153846153846,0.4723618090452261,0.47058823529411764,0.0007340097780867766,0.004743032157421112,0.24508995618495744,0.8063867796076392,0.5459134615384615,0.5376884422110553,0.5882352941176471,0.0010517532789890538,0.002735033631324768,0.6432703642550384,0.5200486826448548,0.5514423076923077,0.5678391959798995,0.6470588235294118,-0.0003177434736594128,0.0018023643642663956,-0.14830077783023415,0.8821054015282938,0.47259615384615383,0.47738693467336685,0.5882352941176471,0.000684748396228175,-9.627779945731163e-05,0.5808758926166078,0.5613241010353089,0.4980769230769231,0.507537688442211,0.5882352941176471,no_stable_structure,none,none,q10_minus_middle,0.0010517532789890538,0.6432703642550384,0.6432703642550384,0.5678391959798995,0.6470588235294118,,,,,,,,,0.9949772781631189,True,448,2240,no_stable_structure,No stable monotonic or tail structure passed the descriptive rules.,0.006432703642550383
momentum|12m-1m|h63,momentum|12m-1m,momentum,12m-1m,63,"{""skip"": 21, ""window"": 252}",4181,503.0,425.0,0.9849318344893566,0.3696969696969697,0.6666666666666666,4181,0.6934244628240737,0.7110596046289844,0.0032873012894585815,0.01147876912727952,0.1821995350055803,0.8554261378980708,0.5235551238465275,0.5228426395939086,0.5294117647058824,0.005783897409809915,0.004802222363650799,0.6352156788093958,0.5252877588889502,0.523069451189898,0.5431472081218274,0.5882352941176471,0.002860362321922475,-0.0006171241402626038,0.5837352960623574,0.5593984164422607,0.4924720738222438,0.49238578680203043,0.4117647058823529,0.002923535097386116,0.005598869174718857,0.4180341130240995,0.6759221760825329,0.5378824672170957,0.5279187817258884,0.5882352941176471,-3.1586356338130734e-05,-0.0026920251548290253,-0.007963278148462118,0.9936462904641773,0.5240407965031568,0.5126903553299492,0.6470588235294118,no_stable_structure,none,none,q10_minus_q1,0.005783897409809915,0.6352156788093958,0.6352156788093958,0.5431472081218274,0.5882352941176471,,,,,,,,,0.9849318344893566,True,448,2240,no_stable_structure,No stable monotonic or tail structure passed the descriptive rules.,0.006352156788093958
high_proximity|high_6m|h252,high_proximity|high_6m,high_proximity,high_6m,252,"{""window"": 126}",4181,503.0,419.0,0.9397273379574265,-0.9757575757575757,0.7777777777777778,4181,0.12241100520242813,0.11267555239305406,0.007838954481483217,0.02125825174152851,0.29008676480704715,0.7717498608315789,0.5586663273097481,0.5531914893617021,0.625,-0.020740423597579386,0.01453307643532753,-0.5890649075606207,0.5558177330389065,0.46694101508916325,0.4574468085106383,0.4375,-0.00622612497391146,5.528843030333519e-05,-0.620614956535056,0.5348529964804088,0.49986282578875174,0.4627659574468085,0.5625,-0.012932715191654946,0.008191600441932678,-0.4832162349258809,0.6289422090818313,0.4744209722575719,0.4946808510638298,0.4375,0.004144087052726492,0.00046557188034057617,0.37805971508212327,0.7053862338949779,0.5034293552812071,0.5,0.5,no_stable_structure,none,none,q10_minus_middle,-0.00622612497391146,-0.620614956535056,0.620614956535056,0.4627659574468085,0.5625,,,,,,,,,0.9397273379574265,True,448,2240,no_stable_structure,No stable monotonic or tail structure passed the descriptive rules.,0.006206149565350561
risk_adjusted_trend|risk_trend_50d|h42,risk_adjusted_trend|risk_trend_50d,risk_adjusted_trend,risk_trend_50d,42,"{""window"": 50}",4181,503.0,427.0,0.9899545563262377,-0.8909090909090909,0.6666666666666666,4181,0.018403808469736715,0.018549706219263513,-0.01051537560145876,-0.006211566273123026,-0.8669239634410619,0.3859836726087177,0.5170330997825562,0.5505050505050505,0.5882352941176471,-0.001957889287243704,0.0022079572081565857,-0.4489302805375497,0.6534819515233485,0.48731577675767096,0.5151515151515151,0.6470588235294118,-0.0015332101542088845,-8.501391857862473e-05,-0.6158535163042277,0.5379912030174978,0.5018120318917613,0.5303030303030303,0.5294117647058824,-0.0004246790963016931,0.00042910315096378326,-0.15052380535893528,0.8803513707380647,0.49697994684706454,0.48484848484848486,0.5294117647058824,-0.0005542655549353917,-0.00040288642048835754,-0.3635895833829116,0.7161645064211852,0.5078521381976323,0.51010101010101,0.5882352941176471,no_stable_structure,none,none,q10_minus_middle,-0.0015332101542088845,-0.6158535163042277,0.6158535163042277,0.5303030303030303,0.5294117647058824,,,,,,,,,0.9899545563262377,True,448,2240,no_stable_structure,No stable monotonic or tail structure passed the descriptive rules.,0.006158535163042277
volatility_scaled_momentum|vsmom_9m_1m_vol60|h10,volatility_scaled_momentum|vsmom_9m_1m_vol60,volatility_scaled_momentum,vsmom_9m_1m_vol60,10,"{""skip"": 21, ""volatility_window"": 60, ""window"": 189}",4181,503.0,428.0,0.9976082276967233,0.49090909090909085,0.5555555555555556,4181,0.9255436603063752,0.9311244555385513,0.007797218720365955,0.018983250483870506,0.9475531920028075,0.34335696492421897,0.5394389834572045,0.55,0.6470588235294118,0.00028007826505501733,0.0018192175775766373,0.1813232394827545,0.8561138658935414,0.5267321985135459,0.535,0.47058823529411764,0.00039858283324100595,0.0012817587703466415,0.5302505058329275,0.5959382577483789,0.5365619755454327,0.585,0.5294117647058824,-0.00011850452821095992,0.0008551087230443954,-0.11934113271076355,0.9050050971454418,0.48213857588108366,0.46,0.5294117647058824,0.00025854368596271867,0.00013566762208938599,0.6109956250014305,0.5412024766784713,0.506113641812515,0.515,0.5294117647058824,no_stable_structure,none,none,edges_minus_middle,0.00025854368596271867,0.6109956250014305,0.6109956250014305,0.515,0.5294117647058824,,,,,,,,,0.9976082276967233,True,448,2240,no_stable_structure,No stable monotonic or tail structure passed the descriptive rules.,0.006109956250014304
momentum|12m-1m|h42,momentum|12m-1m,momentum,12m-1m,42,"{""skip"": 21, ""window"": 252}",4181,503.0,425.0,0.9899545563262377,0.4424242424242424,0.6666666666666666,4181,0.7889163855275072,0.8065251536638735,0.005742484683752317,0.011281163431704044,0.3767076366811348,0.7063908870147313,0.5211403720705484,0.5303030303030303,0.5882352941176471,0.003742663160700119,0.0034348294138908386,0.5913145759649147,0.5543096650202506,0.5192075380526697,0.494949494949495,0.6470588235294118,0.0017678233425342867,0.0010680709965527058,0.518669979283031,0.6039908999809136,0.5093017637110413,0.48484848484848486,0.5882352941176471,0.0019748397620395278,0.0063604936003685,0.4108180087237983,0.6812059870264303,0.5552065716356608,0.51010101010101,0.6470588235294118,-0.00010350816622695958,-0.0008255280554294586,-0.03818663832096792,0.9695388742017499,0.5126842232423291,0.5202020202020202,0.6470588235294118,no_stable_structure,none,none,q10_minus_q1,0.003742663160700119,0.5913145759649147,0.5913145759649147,0.494949494949495,0.6470588235294118,,,,,,,,,0.9899545563262377,True,448,2240,no_stable_structure,No stable monotonic or tail structure passed the descriptive rules.,0.005913145759649146
liquidity_change|liq_20d_126d|h21,liquidity_change|liq_20d_126d,liquidity_change,liq_20d_126d,21,"{""long_window"": 126, ""short_window"": 20}",4181,503.0,428.0,0.9949772781631189,-0.8787878787878788,0.4444444444444444,4181,0.22491231232477502,0.21801475410256688,-0.009323998849552814,-0.004286294337362051,-1.8995894716396695,0.05748701495273966,0.5201923076923077,0.542713567839196,0.8235294117647058,-0.0008717782247003924,0.0005066823214292526,-0.5450053671702939,0.5857498262495673,0.49254807692307695,0.49748743718592964,0.5882352941176471,-0.00024644653117320556,0.0002257176674902439,-0.2498428454702698,0.8027088843132375,0.49206730769230766,0.5376884422110553,0.47058823529411764,-0.0006253316856600577,0.0004841410554945469,-0.574997037185693,0.5652933007768026,0.49206730769230766,0.4824120603015075,0.6470588235294118,0.00018944261324717305,1.0025687515735626e-05,0.28617910525262746,0.7747409463918749,0.5004807692307692,0.5025125628140703,0.47058823529411764,no_stable_structure,none,none,middle_minus_q1,-0.0006253316856600577,-0.574997037185693,0.574997037185693,0.4824120603015075,0.6470588235294118,,,,,,,,,0.9949772781631189,True,448,2240,no_stable_structure,No stable monotonic or tail structure passed the descriptive rules.,0.00574997037185693
volatility_scaled_momentum|vsmom_9m_1m_vol60|h5,volatility_scaled_momentum|vsmom_9m_1m_vol60,volatility_scaled_momentum,vsmom_9m_1m_vol60,5,"{""skip"": 21, ""volatility_window"": 60, ""window"": 189}",4181,503.0,429.0,0.9988041138483617,0.5030303030303029,0.4444444444444444,4181,0.961315555651451,0.9644878876688506,0.011014527428640054,0.02160936687141657,1.8384787437392411,0.06599189124868707,0.5416666666666666,0.58,0.7058823529411765,0.00015675580021477006,0.001529730623587966,0.1986893337646818,0.8425057681013428,0.5332854406130269,0.56,0.47058823529411764,0.00020323726538875887,0.0008961060084402561,0.5054749336717744,0.6132252997970167,0.5301724137931034,0.565,0.5294117647058824,-4.648144278334435e-05,0.000639703415799886,-0.09383299629506195,0.92524182005728,0.4796455938697318,0.49,0.5882352941176471,0.0001248593714509538,0.00016213953495025635,0.570418540853758,0.5683938572008425,0.5093390804597702,0.51,0.47058823529411764,no_stable_structure,none,none,edges_minus_middle,0.0001248593714509538,0.570418540853758,0.570418540853758,0.51,0.47058823529411764,,,,,,,,,0.9988041138483617,True,448,2240,no_stable_structure,No stable monotonic or tail structure passed the descriptive rules.,0.00570418540853758
high_proximity|high_18m|h252,high_proximity|high_18m,high_proximity,high_18m,252,"{""window"": 378}",4181,503.0,418.0,0.9397273379574265,-0.9272727272727272,0.8888888888888888,4131,0.24110531442917071,0.24747016300167904,0.011358764353840636,0.026204073801636696,0.3559670791363105,0.7218652195250479,0.5558666327309748,0.5425531914893617,0.5625,-0.02322957550327546,0.015696629881858826,-0.5683586826544683,0.5697914397275698,0.46784863720560993,0.48404255319148937,0.5,-0.006225465322539337,-0.00048229098320007324,-0.5641491643031341,0.5726526211609413,0.5019846520243451,0.46808510638297873,0.5625,-0.015769217389399414,0.0020011737942695618,-0.4953095298931797,0.6203816449398346,0.495036905064902,0.5106382978723404,0.5,0.005389322687189836,-0.001504063606262207,0.4106218673593939,0.681349826636303,0.4911352209579254,0.4946808510638298,0.4375,no_stable_structure,none,none,q10_minus_q1,-0.02322957550327546,-0.5683586826544683,0.5683586826544683,0.48404255319148937,0.5,,,,,,,,,0.9397273379574265,True,448,2240,no_stable_structure,No stable monotonic or tail structure passed the descriptive rules.,0.005683586826544683
momentum|12m-1m|h21,momentum|12m-1m,momentum,12m-1m,21,"{""skip"": 21, ""window"": 252}",4181,503.0,427.0,0.9949772781631189,0.24848484848484845,0.5555555555555556,4181,0.8900787918172182,0.901158014272856,0.0070992873895263,0.018991307355463505,0.6253339913966955,0.5317518750984542,0.5372596153846154,0.5527638190954773,0.6470588235294118,0.0011098267458762095,0.004323364468291402,0.32246753710495446,0.747098526983508,0.5326923076923077,0.5326633165829145,0.5294117647058824,0.0010221140503430294,0.001599411480128765,0.567249360324633,0.570544776601434,0.5269230769230769,0.507537688442211,0.6470588235294118,8.771273314778227e-05,0.003354153595864773,0.035122242819043595,0.971982265147566,0.541826923076923,0.542713567839196,0.5882352941176471,0.0004672006775133643,-7.869210094213486e-06,0.35013233800305904,0.72623938283276,0.4997596153846154,0.4824120603015075,0.47058823529411764,no_stable_structure,none,none,q10_minus_middle,0.0010221140503430294,0.567249360324633,0.567249360324633,0.507537688442211,0.6470588235294118,,,,,,,,,0.9949772781631189,True,448,2240,no_stable_structure,No stable monotonic or tail structure passed the descriptive rules.,0.00567249360324633
momentum|12m-0m|h21,momentum|12m-0m,momentum,12m-0m,21,"{""skip"": 0, ""window"": 252}",4181,503.0,427.0,0.9949772781631189,0.07878787878787878,0.4444444444444444,4181,0.8977821140809992,0.9090642770416051,0.005591263652114811,0.024561438709497452,0.47567109529256774,0.6343087164790195,0.5461538461538461,0.542713567839196,0.7058823529411765,0.000842210791261795,0.005998051026836038,0.23090767150266278,0.8173865307800775,0.5454326923076923,0.5276381909547738,0.6470588235294118,0.0010239402064563855,0.0020279940217733383,0.5620688927162099,0.5740690815713972,0.53125,0.5025125628140703,0.5882352941176471,-0.0001817293982570006,0.0033438999671489,-0.06833010862593668,0.9455228569150267,0.46274038461538464,0.46733668341708545,0.47058823529411764,0.0006028348272033887,0.00027456134557724,0.4408159590442749,0.6593462389953588,0.5040865384615385,0.47738693467336685,0.5294117647058824,no_stable_structure,none,none,q10_minus_middle,0.0010239402064563855,0.5620688927162099,0.5620688927162099,0.5025125628140703,0.5882352941176471,,,,,,,,,0.9949772781631189,True,448,2240,no_stable_structure,No stable monotonic or tail structure passed the descriptive rules.,0.005620688927162098
momentum|12m-0m|h63,momentum|12m-0m,momentum,12m-0m,63,"{""skip"": 0, ""window"": 252}",4181,503.0,425.0,0.9849318344893566,0.28484848484848485,0.6666666666666666,4181,0.7123266371413954,0.7343229095423883,0.0015341580274685802,0.013237113133072853,0.08459595705774446,0.9325826133481004,0.5257406508013599,0.5177664974619289,0.5294117647058824,0.0052432279427494675,0.00670287199318409,0.5612063237288524,0.5746568925055853,0.5332685769791161,0.5380710659898477,0.5882352941176471,0.0024811410019581303,-0.0002979824785143137,0.5121768914430251,0.6085272144905072,0.49660029140359396,0.4873096446700508,0.4117647058823529,0.002762086958629624,0.004916004836559296,0.38756682582726826,0.6983366228011842,0.5320543953375425,0.5228426395939086,0.5882352941176471,-0.00014047290699673167,-0.0026452543679624796,-0.03590445050000525,0.9713585471713814,0.5291403593977659,0.5431472081218274,0.5882352941176471,no_stable_structure,none,none,q10_minus_q1,0.0052432279427494675,0.5612063237288524,0.5612063237288524,0.5380710659898477,0.5882352941176471,,,,,,,,,0.9849318344893566,True,448,2240,no_stable_structure,No stable monotonic or tail structure passed the descriptive rules.,0.0056120632372885235
high_proximity|high_6m|h126,high_proximity|high_6m,high_proximity,high_6m,126,"{""window"": 126}",4181,503.0,424.0,0.9698636689787132,-0.9393939393939393,0.6666666666666666,4181,0.14675053693540596,0.1499211368744663,0.004134653064874621,0.015649963170289993,0.20875059867148665,0.8346429381586021,0.531442663378545,0.5257731958762887,0.6470588235294118,-0.0060734344961966,0.0038621018175035715,-0.36243052469049086,0.7170303323927261,0.487791932059448,0.5051546391752577,0.47058823529411764,-0.0023646334765121567,0.0009115859866142273,-0.5186246783146109,0.6040224962653213,0.49309978768577495,0.4690721649484536,0.5294117647058824,-0.004089456496406553,0.00230465829372406,-0.30411626344706033,0.7610393168624201,0.4863131935881628,0.4845360824742268,0.5294117647058824,0.0006720837433782906,-0.0005105044692754745,0.10919045213736754,0.913051433120078,0.49522292993630573,0.4793814432989691,0.6470588235294118,no_stable_structure,none,none,q10_minus_middle,-0.0023646334765121567,-0.5186246783146109,0.5186246783146109,0.4690721649484536,0.5294117647058824,,,,,,,,,0.9698636689787132,True,448,2240,no_stable_structure,No stable monotonic or tail structure passed the descriptive rules.,0.005186246783146109
momentum|12m-0m|h42,momentum|12m-0m,momentum,12m-0m,42,"{""skip"": 0, ""window"": 252}",4181,503.0,425.0,0.9899545563262377,0.18787878787878787,0.6666666666666666,4181,0.8024955152127882,0.8212059283785147,0.003123931288161817,0.010459817945957184,0.19968727517857274,0.8417251662798004,0.5216235805750181,0.5151515151515151,0.5294117647058824,0.003080394012537587,0.004482142627239227,0.4668405524236889,0.6406139599665841,0.5300797294032374,0.4898989898989899,0.5882352941176471,0.0016888611118337775,0.002064306288957596,0.4952518866482187,0.6204223287498032,0.5254892486107755,0.494949494949495,0.5294117647058824,0.0013915328487542806,0.006422572769224644,0.2804614392171689,0.7791235057960253,0.5554481758878956,0.5555555555555556,0.5882352941176471,0.000148664117603099,-0.0007006879895925522,0.05525672324845448,0.9559339393037223,0.49335588306354194,0.4797979797979798,0.47058823529411764,no_stable_structure,none,none,q10_minus_middle,0.0016888611118337775,0.4952518866482187,0.4952518866482187,0.494949494949495,0.5294117647058824,,,,,,,,,0.9899545563262377,True,448,2240,no_stable_structure,No stable monotonic or tail structure passed the descriptive rules.,0.004952518866482187
risk_adjusted_trend|risk_trend_50d|h252,risk_adjusted_trend|risk_trend_50d,risk_adjusted_trend,risk_trend_50d,252,"{""window"": 50}",4181,503.0,419.0,0.9397273379574265,-0.1515151515151515,0.5555555555555556,4181,0.010474786867179724,0.01720513601476389,0.0076701143931746625,0.01604217104613781,0.5101689226977608,0.6099331223949084,0.546703995927717,0.5425531914893617,0.75,0.00358299978829889,0.013163045048713684,0.18689489285808836,0.8517430435562069,0.5423771952150674,0.5425531914893617,0.5625,-9.949885395972532e-05,0.000975295901298523,-0.010869161465684387,0.9913278346310084,0.49427335199796385,0.4734042553191489,0.5,0.0036824985667471754,0.013419246301054955,0.3209751375684927,0.7482292321808006,0.5535759735301603,0.5797872340425532,0.6875,-0.0018909986920941115,-0.0021726489067077637,-0.4752909121439773,0.6345796356886073,0.5141257317383559,0.5159574468085106,0.5,no_stable_structure,none,none,edges_minus_middle,-0.0018909986920941115,-0.4752909121439773,0.4752909121439773,0.5159574468085106,0.5,,,,,,,,,0.9397273379574265,True,448,2240,no_stable_structure,No stable monotonic or tail structure passed the descriptive rules.,0.004752909121439773
risk_adjusted_trend|risk_trend_200d|h21,risk_adjusted_trend|risk_trend_200d,risk_adjusted_trend,risk_trend_200d,21,"{""window"": 200}",4181,503.0,428.0,0.9949772781631189,-0.01818181818181818,0.4444444444444444,4181,0.9449919578744025,0.9477328372057756,0.00286673467284369,0.024349945597350597,0.2535620315925257,0.7998339325136474,0.5435096153846154,0.5226130653266332,0.7058823529411765,0.0004499293837607883,0.0035798405297100544,0.14153850907249732,0.887444540396308,0.5334134615384616,0.5175879396984925,0.5294117647058824,-0.000200422325598573,0.0016617472283542156,-0.12790899734446115,0.8982209906863443,0.4706730769230769,0.46733668341708545,0.47058823529411764,0.0006503517241631365,0.002674452494829893,0.31499102090851433,0.7527684713884959,0.5427884615384615,0.542713567839196,0.5294117647058824,-0.0004253869996598671,-0.0006332863122224808,-0.46614670357742216,0.6411104952847341,0.5185096153846154,0.5175879396984925,0.5882352941176471,no_stable_structure,none,none,edges_minus_middle,-0.0004253869996598671,-0.46614670357742216,0.46614670357742216,0.5175879396984925,0.5882352941176471,,,,,,,,,0.9949772781631189,True,448,2240,no_stable_structure,No stable monotonic or tail structure passed the descriptive rules.,0.004661467035774222
trend|SMA200|h21,trend|SMA200,trend,SMA200,21,"{""window"": 200}",4181,503.0,428.0,0.9949772781631189,-0.6,0.5555555555555556,4181,0.8193064968361305,0.8310163689204656,-0.0034243989192243762,0.016059791669249535,-0.31082185576525484,0.7559360535910765,0.46826923076923077,0.4824120603015075,0.47058823529411764,-1.9666800317981352e-05,0.005254196003079414,-0.005911237735803444,0.9952835421430366,0.4519230769230769,0.47738693467336685,0.5294117647058824,0.00052459623571989,0.002319847233593464,0.315393115238364,0.7524631935420556,0.5355769230769231,0.5226130653266332,0.5882352941176471,-0.000544263056424545,0.0016314350068569183,-0.23037329267557108,0.8178017124243764,0.47451923076923075,0.49748743718592964,0.5294117647058824,0.0005344296729442879,-0.0003019851865246892,0.45058241875530647,0.6522905402980261,0.4930288461538462,0.5025125628140703,0.5882352941176471,no_stable_structure,none,none,edges_minus_middle,0.0005344296729442879,0.45058241875530647,0.45058241875530647,0.5025125628140703,0.5882352941176471,,,,,,,,,0.9949772781631189,True,448,2240,no_stable_structure,No stable monotonic or tail structure passed the descriptive rules.,0.0045058241875530645
volatility_scaled_momentum|vsmom_9m_1m_vol60|h1,volatility_scaled_momentum|vsmom_9m_1m_vol60,volatility_scaled_momentum,vsmom_9m_1m_vol60,1,"{""skip"": 21, ""volatility_window"": 60, ""window"": 189}",4181,503.0,429.0,0.9997608227696724,0.6242424242424242,0.6666666666666666,4181,0.991650409300564,0.9925809186298252,0.013361957545814991,0.020276088267564774,3.943373027089737,8.034353766693292e-05,0.5392344497607655,0.64,0.9411764705882353,5.025739974284357e-05,0.0005784602544736117,0.2449019589547042,0.8065323448469677,0.5215311004784688,0.535,0.4117647058823529,4.7245318920000786e-05,0.00029060523957014084,0.4404653766194491,0.6596000836252554,0.5253588516746411,0.53,0.5294117647058824,3.012085051340403e-06,0.0001769134250935167,0.02453455705478761,0.9804262194611026,0.5110047846889952,0.495,0.5882352941176471,2.211661723263575e-05,6.2354374676942825e-06,0.42094540905941713,0.6737949456195607,0.5007177033492823,0.49,0.47058823529411764,no_stable_structure,none,none,q10_minus_middle,4.7245318920000786e-05,0.4404653766194491,0.4404653766194491,0.53,0.5294117647058824,,,,,,,,,0.9997608227696724,True,448,2240,no_stable_structure,No stable monotonic or tail structure passed the descriptive rules.,0.004404653766194491
risk_adjusted_trend|risk_trend_250d|h21,risk_adjusted_trend|risk_trend_250d,risk_adjusted_trend,risk_trend_250d,21,"{""window"": 250}",4181,503.0,427.0,0.9949772781631189,0.5151515151515151,0.6666666666666666,4181,0.9639889181402367,0.967330999911535,0.00837466413031638,0.02993556298315525,0.7164425321596971,0.4737181403891372,0.5540865384615384,0.5577889447236181,0.8235294117647058,0.0011926948887006662,0.004839533474296331,0.35199638554528545,0.7248409731517824,0.5449519230769231,0.5125628140703518,0.6470588235294118,0.00023421904264138833,0.001573348417878151,0.14839056896939853,0.8820345425468551,0.5305288461538461,0.5527638190954773,0.5294117647058824,0.0009584758332598889,0.0027521015144884586,0.4297335881995886,0.667389447479571,0.5408653846153846,0.5175879396984925,0.5882352941176471,-0.00036212840271988313,-0.000601842999458313,-0.38987447607355713,0.6966293685410315,0.5194711538461538,0.5175879396984925,0.5294117647058824,no_stable_structure,none,none,middle_minus_q1,0.0009584758332598889,0.4297335881995886,0.4297335881995886,0.5175879396984925,0.5882352941176471,,,,,,,,,0.9949772781631189,True,448,2240,no_stable_structure,No stable monotonic or tail structure passed the descriptive rules.,0.004297335881995886
trend|SMA250|h21,trend|SMA250,trend,SMA250,21,"{""window"": 250}",4181,503.0,427.0,0.9949772781631189,-0.11515151515151514,0.5555555555555556,4181,0.8541231771034878,0.8636500528196154,0.0002113382084976715,0.02244060579687357,0.01855846921230185,0.9851933338922901,0.5478365384615385,0.5376884422110553,0.6470588235294118,0.0005676841831630625,0.0061792111955583096,0.16518195412380893,0.8688007686713947,0.5485576923076924,0.542713567839196,0.47058823529411764,0.0006908635999934631,0.00295452494174242,0.4111870177454928,0.6809354069183875,0.553125,0.542713567839196,0.5882352941176471,-0.00012317941808970108,0.002656860277056694,-0.04967335547229136,0.960382689492545,0.4668269230769231,0.4824120603015075,0.5294117647058824,0.00040702144411065654,-1.12876296043396e-05,0.3286925872593624,0.7423880578128035,0.49927884615384616,0.5025125628140703,0.5294117647058824,no_stable_structure,none,none,q10_minus_middle,0.0006908635999934631,0.4111870177454928,0.4111870177454928,0.542713567839196,0.5882352941176471,,,,,,,,,0.9949772781631189,True,448,2240,no_stable_structure,No stable monotonic or tail structure passed the descriptive rules.,0.0041118701774549285
volatility_scaled_momentum|vsmom_9m_1m_vol60|h21,volatility_scaled_momentum|vsmom_9m_1m_vol60,volatility_scaled_momentum,vsmom_9m_1m_vol60,21,"{""skip"": 21, ""volatility_window"": 60, ""window"": 189}",4181,503.0,428.0,0.9949772781631189,0.35757575757575755,0.6666666666666666,4181,0.8510707319074247,0.8606605160540929,0.006243689199601039,0.024750140495598316,0.558857783093487,0.5762587832842605,0.5514423076923077,0.542713567839196,0.6470588235294118,0.0011612943615825946,0.004447947256267071,0.3678562549811285,0.712980420026666,0.5447115384615384,0.5577889447236181,0.6470588235294118,0.00036557905877998564,0.002996533177793026,0.24674786076657487,0.8051033639713514,0.5512019230769231,0.5477386934673367,0.6470588235294118,0.0007957153011725146,0.003017334034666419,0.38411723952122817,0.7008915545252586,0.5449519230769231,0.5879396984924623,0.47058823529411764,-0.00021506810875367732,-0.0001656860113143921,-0.24806557816410404,0.8040836679827803,0.5064903846153846,0.5276381909547738,0.5294117647058824,no_stable_structure,none,none,middle_minus_q1,0.0007957153011725146,0.38411723952122817,0.38411723952122817,0.5879396984924623,0.47058823529411764,,,,,,,,,0.9949772781631189,True,448,2240,no_stable_structure,No stable monotonic or tail structure passed the descriptive rules.,0.0038411723952122816
volatility_scaled_momentum|vsmom_6m_1m_vol60|h10,volatility_scaled_momentum|vsmom_6m_1m_vol60,volatility_scaled_momentum,vsmom_6m_1m_vol60,10,"{""skip"": 21, ""volatility_window"": 60, ""window"": 126}",4181,503.0,428.0,0.9976082276967233,-0.7212121212121211,0.5555555555555556,4181,0.8870519270587011,0.8945358912202016,-0.0011389684889104713,0.0026164473965764046,-0.14724862963606425,0.8829357779956334,0.4936466075281707,0.47,0.47058823529411764,-0.00012507772813507588,0.0009888969361782074,-0.09041464792516407,0.9279577170067477,0.48765284104531287,0.51,0.35294117647058826,-0.00019595171847117,0.0008921888656914234,-0.2667594693722785,0.7896543624530784,0.478542315991369,0.44,0.5294117647058824,7.087396366746787e-05,0.0005810819566249847,0.08338575958687268,0.9335448112790824,0.5152241668664589,0.555,0.5882352941176471,-0.00013341282816064321,-0.0002807688433676958,-0.34156004320682154,0.732682011439486,0.5094701510429154,0.53,0.5882352941176471,no_stable_structure,none,none,edges_minus_middle,-0.00013341282816064321,-0.34156004320682154,0.34156004320682154,0.53,0.5882352941176471,,,,,,,,,0.9976082276967233,True,448,2240,no_stable_structure,No stable monotonic or tail structure passed the descriptive rules.,0.0034156004320682154
risk_adjusted_trend|risk_trend_250d|h5,risk_adjusted_trend|risk_trend_250d,risk_adjusted_trend,risk_trend_250d,5,"{""window"": 250}",4181,503.0,428.0,0.9988041138483617,0.18787878787878787,0.5555555555555556,4181,0.9973800399389896,0.9976324829832629,0.011901791567518093,0.022520863451063633,1.9013338208729764,0.05725830180762804,0.5387931034482759,0.59,0.7647058823529411,0.0002253580455910468,0.001674405299127102,0.2605116748375885,0.7944691109157644,0.5284961685823755,0.52,0.47058823529411764,0.00014029640804166002,0.0007891044951975346,0.33308245929118674,0.7390720395905224,0.5311302681992337,0.52,0.5294117647058824,8.506166559388242e-05,0.0007443302311003208,0.1534568128821073,0.8780380451791049,0.5220306513409961,0.495,0.6470588235294118,2.7617368484950726e-05,3.9403297705575824e-05,0.1174923200874882,0.9064699295761551,0.5019157088122606,0.49,0.5882352941176471,no_stable_structure,none,none,q10_minus_middle,0.00014029640804166002,0.33308245929118674,0.33308245929118674,0.52,0.5294117647058824,,,,,,,,,0.9988041138483617,True,448,2240,no_stable_structure,No stable monotonic or tail structure passed the descriptive rules.,0.003330824592911867
volatility_scaled_momentum|vsmom_12m_1m_vol60|h252,volatility_scaled_momentum|vsmom_12m_1m_vol60,volatility_scaled_momentum,vsmom_12m_1m_vol60,252,"{""skip"": 21, ""volatility_window"": 60, ""window"": 252}",4181,503.0,419.0,0.9397273379574265,-0.5515151515151515,0.6666666666666666,4181,0.01891008235921757,0.03526257764125785,0.00969298918575273,0.03077240101993084,0.320058689503367,0.7489238407444787,0.5754644947823874,0.5638297872340425,0.5,0.00026882047162643215,0.024383828043937683,0.008234204163491238,0.9934301298693874,0.5688470348689234,0.5638297872340425,0.625,-0.0024156456830519988,0.0029613226652145386,-0.16714470080116234,0.8672561945483808,0.48536523288368544,0.48404255319148937,0.5,0.0026844660593891272,0.026611682027578354,0.12763276965009115,0.8984395967797645,0.6108424535505218,0.5957446808510638,0.5625,-0.0025500559186874363,-0.0044125765562057495,-0.33150980566059757,0.7402594355012749,0.5352506999236447,0.5159574468085106,0.5625,no_stable_structure,none,none,edges_minus_middle,-0.0025500559186874363,-0.33150980566059757,0.33150980566059757,0.5159574468085106,0.5625,,,,,,,,,0.9397273379574265,True,448,2240,no_stable_structure,No stable monotonic or tail structure passed the descriptive rules.,0.003315098056605976
risk_adjusted_trend|risk_trend_250d|h1,risk_adjusted_trend|risk_trend_250d,risk_adjusted_trend,risk_trend_250d,1,"{""window"": 250}",4181,503.0,429.0,0.9997608227696724,0.2121212121212121,0.5555555555555556,4181,0.9998013132870819,0.9998420023421485,0.013713845688681957,0.018833528272807598,3.9078327704627265,9.312772646084529e-05,0.5394736842105263,0.63,0.8823529411764706,5.158918060321399e-05,0.0005354834720492363,0.23042576824686317,0.8177609396555435,0.5253588516746411,0.51,0.47058823529411764,3.486493139275133e-05,0.0003552241250872612,0.3099225882818263,0.7566198250130864,0.5284688995215311,0.535,0.5882352941176471,1.672425432974288e-05,0.0002913065254688263,0.12241350365355416,0.9025715445713538,0.5203349282296651,0.515,0.5882352941176471,9.070341586362031e-06,2.3217937268782407e-05,0.1621512907990281,0.8711867163808775,0.50311004784689,0.475,0.5294117647058824,no_stable_structure,none,none,q10_minus_middle,3.486493139275133e-05,0.3099225882818263,0.3099225882818263,0.535,0.5882352941176471,,,,,,,,,0.9997608227696724,True,448,2240,no_stable_structure,No stable monotonic or tail structure passed the descriptive rules.,0.0030992258828182627
risk_adjusted_trend|risk_trend_250d|h10,risk_adjusted_trend|risk_trend_250d,risk_adjusted_trend,risk_trend_250d,10,"{""window"": 250}",4181,503.0,428.0,0.9976082276967233,0.33333333333333326,0.6666666666666666,4181,0.9908203719629841,0.9916614984145842,0.009059667878008071,0.01568625122308731,1.0545369534467792,0.2916371513368645,0.5317669623591464,0.57,0.7058823529411765,0.00046493519494651426,0.0016612131148576736,0.27974892004420315,0.779670143359529,0.5236154399424598,0.53,0.5882352941176471,0.00016846502034621703,0.0012633432634174824,0.2116610342092037,0.8323714894928769,0.530568209062575,0.52,0.5882352941176471,0.00029647014343980074,0.0012596691958606243,0.27676920668914723,0.7819573273427065,0.5236154399424598,0.54,0.6470588235294118,-6.400256491264181e-05,-4.58485446870327e-05,-0.14314271072900753,0.8861774739544719,0.5013186286262287,0.48,0.47058823529411764,no_stable_structure,none,none,q10_minus_q1,0.00046493519494651426,0.27974892004420315,0.27974892004420315,0.53,0.5882352941176471,,,,,,,,,0.9976082276967233,True,448,2240,no_stable_structure,No stable monotonic or tail structure passed the descriptive rules.,0.0027974892004420317
volatility_scaled_momentum|vsmom_6m_1m_vol60|h5,volatility_scaled_momentum|vsmom_6m_1m_vol60,volatility_scaled_momentum,vsmom_6m_1m_vol60,5,"{""skip"": 21, ""volatility_window"": 60, ""window"": 126}",4181,503.0,429.0,0.9988041138483617,-0.33333333333333326,0.4444444444444444,4181,0.9413865585453224,0.9456861910603369,0.004934665965711195,0.012490734923630953,0.862302142173162,0.38852127424777694,0.5263409961685823,0.54,0.6470588235294118,5.715281680736256e-05,0.0014388181152753532,0.07696634011569402,0.9386503222070052,0.5261015325670498,0.495,0.5294117647058824,-2.0359189716755736e-05,0.000829170981887728,-0.051185100429165666,0.9591780244165562,0.467911877394636,0.43,0.47058823529411764,7.7512004950797e-05,0.0006927496287971735,0.16993638118496499,0.8650601691759648,0.5208333333333334,0.515,0.5882352941176471,-4.8935595015610274e-05,-4.534528125077486e-05,-0.22997733130340653,0.8181093846351438,0.5035919540229885,0.525,0.5294117647058824,no_stable_structure,none,none,edges_minus_middle,-4.8935595015610274e-05,-0.22997733130340653,0.22997733130340653,0.525,0.5294117647058824,,,,,,,,,0.9988041138483617,True,448,2240,no_stable_structure,No stable monotonic or tail structure passed the descriptive rules.,0.0022997733130340654
risk_adjusted_trend|risk_trend_200d|h10,risk_adjusted_trend|risk_trend_200d,risk_adjusted_trend,risk_trend_200d,10,"{""window"": 200}",4181,503.0,428.0,0.9976082276967233,-0.28484848484848485,0.4444444444444444,4181,0.9859115653629097,0.9866976027375014,0.004813406483149835,0.01486986130475998,0.5731624696976363,0.5665346930169313,0.5296092064253177,0.555,0.5882352941176471,-8.372903624519365e-05,0.0008541364222764969,-0.053274483215892066,0.9575132107663276,0.4864540877487413,0.475,0.5294117647058824,-0.00013907726919843414,0.0008506495505571365,-0.17716131462199947,0.8593816814170094,0.4754255574202829,0.46,0.5882352941176471,5.534821266917549e-05,0.0009029936045408249,0.05556650863511509,0.9556871455021794,0.5204986813713738,0.53,0.47058823529411764,-9.721273708911276e-05,-0.00013103708624839783,-0.22498799110776083,0.8219886164917174,0.5046751378566291,0.49,0.6470588235294118,no_stable_structure,none,none,edges_minus_middle,-9.721273708911276e-05,-0.22498799110776083,0.22498799110776083,0.49,0.6470588235294118,,,,,,,,,0.9976082276967233,True,448,2240,no_stable_structure,No stable monotonic or tail structure passed the descriptive rules.,0.002249879911077608
liquidity_change|liq_20d_252d|h21,liquidity_change|liq_20d_252d,liquidity_change,liq_20d_252d,21,"{""long_window"": 252, ""short_window"": 20}",4181,503.0,427.0,0.9949772781631189,-0.29696969696969694,0.6666666666666666,4181,0.3795376245084103,0.3757300561366492,-0.004678071762316449,0.002746526151895523,-0.845113407759783,0.3980475230441479,0.48701923076923076,0.5326633165829145,0.7058823529411765,0.00011503820558293508,0.0019069630652666092,0.06702326629802498,0.9465631810160803,0.5307692307692308,0.5226130653266332,0.5294117647058824,0.00020788392420609643,0.0007633734494447708,0.1873634407766907,0.8513756850037311,0.5177884615384616,0.5226130653266332,0.47058823529411764,-9.284571159731477e-05,0.0013595010386779904,-0.07659317092438077,0.93894719180814,0.47115384615384615,0.48743718592964824,0.5882352941176471,0.0001503648203512197,-0.0006966004148125648,0.19193720298175942,0.8477913954209152,0.4778846153846154,0.4623115577889447,0.47058823529411764,no_stable_structure,none,none,edges_minus_middle,0.0001503648203512197,0.19193720298175942,0.19193720298175942,0.4623115577889447,0.47058823529411764,,,,,,,,,0.9949772781631189,True,448,2240,no_stable_structure,No stable monotonic or tail structure passed the descriptive rules.,0.0019193720298175943
risk_adjusted_trend|risk_trend_200d|h5,risk_adjusted_trend|risk_trend_200d,risk_adjusted_trend,risk_trend_200d,5,"{""window"": 200}",4181,503.0,429.0,0.9988041138483617,-0.2606060606060606,0.4444444444444444,4181,0.9960198505670462,0.9962638937923077,0.008508180236751314,0.018833419308066368,1.3842341920442371,0.16628675693898898,0.5440613026819924,0.58,0.5882352941176471,-0.00012137371223090173,0.0015192480059340596,-0.14588459286115543,0.8840124945748139,0.4760536398467433,0.455,0.5294117647058824,-6.407366400635092e-05,0.0009254324249923229,-0.15382434464779504,0.8777482380353268,0.4671934865900383,0.49,0.5882352941176471,-5.73000630900849e-05,0.0005002268590033054,-0.10943099987972585,0.9128606470381788,0.48299808429118773,0.49,0.47058823529411764,-3.38679928554693e-06,-9.340792894363403e-05,-0.015027915739046768,0.9880099093559844,0.507183908045977,0.485,0.5294117647058824,no_stable_structure,none,none,q10_minus_middle,-6.407366400635092e-05,-0.15382434464779504,0.15382434464779504,0.49,0.5882352941176471,,,,,,,,,0.9988041138483617,True,448,2240,no_stable_structure,No stable monotonic or tail structure passed the descriptive rules.,0.0015382434464779504
volatility_scaled_momentum|vsmom_6m_1m_vol60|h1,volatility_scaled_momentum|vsmom_6m_1m_vol60,volatility_scaled_momentum,vsmom_6m_1m_vol60,1,"{""skip"": 21, ""volatility_window"": 60, ""window"": 126}",4181,503.0,429.0,0.9997608227696724,-0.18787878787878787,0.5555555555555556,4181,0.9874174006197576,0.9886434508448159,0.010183453038241547,0.016300171613693237,3.13435295059229,0.0017223355415641318,0.5339712918660288,0.635,0.8823529411764706,1.9830757782417997e-05,0.0005091407801955938,0.10249668758621043,0.9183624419273586,0.5244019138755981,0.505,0.5294117647058824,9.666890559094717e-06,0.0002810741716530174,0.09127272450147142,0.92727589020136,0.5299043062200957,0.51,0.5294117647058824,1.0163853694915963e-05,0.00012071698438376188,0.08785250446721882,0.929993906519391,0.5066985645933014,0.49,0.5882352941176471,-2.484786488242786e-07,8.551753126084805e-06,-0.004580536264351305,0.9963452736146403,0.49808612440191385,0.515,0.5294117647058824,no_stable_structure,none,none,q10_minus_q1,1.9830757782417997e-05,0.10249668758621043,0.10249668758621043,0.505,0.5294117647058824,,,,,,,,,0.9997608227696724,True,448,2240,no_stable_structure,No stable monotonic or tail structure passed the descriptive rules.,0.0010249668758621044
risk_adjusted_trend|risk_trend_250d|h252,risk_adjusted_trend|risk_trend_250d,risk_adjusted_trend,risk_trend_250d,252,"{""window"": 250}",4181,503.0,419.0,0.9397273379574265,-0.5272727272727272,0.6666666666666666,4181,0.025630793946431196,0.02253713639988019,0.00877680999916012,0.016519984230399132,0.27666070193158343,0.7820406497147002,0.5400865360142529,0.5319148936170213,0.5,0.0033682881986978825,0.019181158393621445,0.09612649955407049,0.9234201051577591,0.552048867396284,0.5372340425531915,0.5625,0.0016593656114040174,0.0066879913210868835,0.09829055756496781,0.9217015758474146,0.5250699923644694,0.5212765957446809,0.5625,0.0017089227192648101,0.024797499179840088,0.07749991525514702,0.9382258586890511,0.610333418172563,0.601063829787234,0.5625,-2.4778507678343096e-05,-0.0053713880479335785,-0.0027936894677490394,0.9977709612055027,0.5398320183252736,0.5425531914893617,0.5,no_stable_structure,none,none,q10_minus_middle,0.0016593656114040174,0.09829055756496781,0.09829055756496781,0.5212765957446809,0.5625,,,,,,,,,0.9397273379574265,True,448,2240,no_stable_structure,No stable monotonic or tail structure passed the descriptive rules.,0.0009829055756496782
risk_adjusted_trend|risk_trend_200d|h1,risk_adjusted_trend|risk_trend_200d,risk_adjusted_trend,risk_trend_200d,1,"{""window"": 200}",4181,503.0,429.0,0.9997608227696724,-0.12727272727272726,0.5555555555555556,4181,0.9997204334992105,0.9997647512346515,0.012137360900703099,0.017684096470475197,3.5024079507479393,0.0004610730686053166,0.5342105263157895,0.64,0.8823529411764706,-1.1603798935956848e-05,0.0005207597860135138,-0.053372353023692934,0.9574352328972144,0.4784688995215311,0.51,0.5294117647058824,-3.4103670703223797e-06,0.00027632247656583786,-0.030308676071567373,0.9758208772483316,0.4727272727272727,0.475,0.5294117647058824,-8.19342742695219e-06,0.0002374793984927237,-0.06272232811840234,0.9499876171308846,0.4861244019138756,0.54,0.5882352941176471,2.39152739238903e-06,3.4802069421857595e-06,0.04333493768224643,0.9654345411278762,0.5004784688995215,0.49,0.47058823529411764,no_stable_structure,none,none,middle_minus_q1,-8.19342742695219e-06,-0.06272232811840234,0.06272232811840234,0.54,0.5882352941176471,,,,,,,,,0.9997608227696724,True,448,2240,no_stable_structure,No stable monotonic or tail structure passed the descriptive rules.,0.0006272232811840233
