factor_key,horizon_days,quantile,average_count,average_factor_score,average_return,median_daily_return
momentum|3m-0m,1,1,41.55417364266922,-1.8437334,0.00080501597,0.0005738613
momentum|3m-0m,1,2,42.013872279359006,-0.9354024,0.000666981,0.0005966594
momentum|3m-0m,1,3,41.95742645300167,-0.5777,0.0006133342,0.0005749862
momentum|3m-0m,1,4,42.02583114087539,-0.31226262,0.00056350825,0.0005110779
momentum|3m-0m,1,5,42.17005501076297,-0.079677805,0.0005348721,0.0005302565
momentum|3m-0m,1,6,41.809375747428845,0.1380362,0.00057674036,0.0005692456
momentum|3m-0m,1,7,41.976799808658214,0.35902846,0.00051182933,0.0005773187
momentum|3m-0m,1,8,42.0069361396795,0.60442793,0.0005478584,0.00055778585
momentum|3m-0m,1,9,41.965319301602484,0.9220409,0.00051728333,0.0005115903
momentum|3m-0m,1,10,42.44008610380292,1.6898279,0.00052620727,0.00041267308
momentum|3m-0m,5,1,41.50657737383401,-1.8437834,0.0037665665,0.0032940167
momentum|3m-0m,5,2,41.96603683329347,-0.93545264,0.0032641783,0.002996456
momentum|3m-0m,5,3,41.90815594355417,-0.5777104,0.002917759,0.0027360946
momentum|3m-0m,5,4,41.977995694809856,-0.31223196,0.0029544146,0.0027279432
momentum|3m-0m,5,5,42.121023678545804,-0.07962379,0.0027680343,0.0027451336
momentum|3m-0m,5,6,41.76082276967233,0.1381132,0.0024888697,0.0025448704
momentum|3m-0m,5,7,41.92896436259268,0.35907146,0.0026451377,0.0027515285
momentum|3m-0m,5,8,41.95910069361397,0.60443574,0.0026114818,0.0026800348
momentum|3m-0m,5,9,41.91580961492466,0.9220462,0.002760456,0.00265188
momentum|3m-0m,5,10,42.38914135374312,1.6896459,0.002735316,0.0022170215
momentum|3m-0m,10,1,41.447500597943076,-1.8438619,0.0068880767,0.0061613596
momentum|3m-0m,10,2,41.906242525711555,-0.9354666,0.0063496246,0.005889625
momentum|3m-0m,10,3,41.84836163597225,-0.5776861,0.0058186986,0.005520841
momentum|3m-0m,10,4,41.9170055010763,-0.3121895,0.0057541924,0.005351641
momentum|3m-0m,10,5,42.05907677589094,-0.079605885,0.0054117027,0.0052322363
momentum|3m-0m,10,6,41.70126763932074,0.13814434,0.0050699357,0.0051221405
momentum|3m-0m,10,7,41.868930877780436,0.35912412,0.005320962,0.005429116
momentum|3m-0m,10,8,41.8988280315714,0.60448796,0.0054441937,0.005385275
momentum|3m-0m,10,9,41.853384357809134,0.9220514,0.0054029087,0.0050020716
momentum|3m-0m,10,10,42.32647691939727,1.6894629,0.00550537,0.004406272
momentum|3m-0m,21,1,41.31930160248744,-1.8440671,0.013973081,0.012627473
momentum|3m-0m,21,2,41.774455871801,-0.9355378,0.012431603,0.011921725
momentum|3m-0m,21,3,41.716814159292035,-0.5777097,0.01196503,0.011340442
momentum|3m-0m,21,4,41.78210954317149,-0.31217277,0.012132445,0.011586916
momentum|3m-0m,21,5,41.92465917244678,-0.07952515,0.011498166,0.011096516
momentum|3m-0m,21,6,41.57067687156183,0.13828692,0.011018996,0.010808162
momentum|3m-0m,21,7,41.73714422386989,0.35927504,0.011315022,0.0111906985
momentum|3m-0m,21,8,41.767041377660846,0.60466814,0.011723614,0.01150794
momentum|3m-0m,21,9,41.71848839990433,0.92222375,0.011227967,0.010612435
momentum|3m-0m,21,10,42.18703659411624,1.6889651,0.012317989,0.009887245
momentum|3m-0m,42,1,41.07318823248027,-1.8453466,0.026549295,0.023387937
momentum|3m-0m,42,2,41.52188471657498,-0.93591803,0.025289265,0.023225104
momentum|3m-0m,42,3,41.46352547237503,-0.5778823,0.024541939,0.022982012
momentum|3m-0m,42,4,41.528820856254484,-0.3120634,0.024698444,0.024098609
momentum|3m-0m,42,5,41.66754364984453,-0.07912858,0.023087945,0.022537103
momentum|3m-0m,42,6,41.31954077971777,0.13889045,0.021958932,0.021515287
momentum|3m-0m,42,7,41.4831380052619,0.35999689,0.021981785,0.02171893
momentum|3m-0m,42,8,41.51183927290122,0.60554224,0.02203802,0.021568814
momentum|3m-0m,42,9,41.46352547237503,0.9230324,0.02134643,0.01951142
momentum|3m-0m,42,10,41.92298493183449,1.6871446,0.025636733,0.020182533
momentum|3m-0m,63,1,40.826596508012436,-1.8470184,0.037755296,0.03205146
momentum|3m-0m,63,2,41.27074862473093,-0.9363421,0.036681604,0.033474974
momentum|3m-0m,63,3,41.21238938053097,-0.5779687,0.036245655,0.033650123
momentum|3m-0m,63,4,41.277445587180104,-0.3118073,0.036180954,0.03508493
momentum|3m-0m,63,5,41.415450849079164,-0.07855521,0.034198638,0.03263008
momentum|3m-0m,63,6,41.06816551064339,0.13973437,0.03299885,0.031953003
momentum|3m-0m,63,7,41.22626165988998,0.3609929,0.032511175,0.031011809
momentum|3m-0m,63,8,41.25711552260225,0.6064941,0.032728754,0.030452995
momentum|3m-0m,63,9,41.206409949772784,0.92365396,0.032540236,0.028950224
momentum|3m-0m,63,10,41.65534561109782,1.6850423,0.03802706,0.029846665
momentum|3m-0m,126,1,40.081559435541735,-1.8488989,0.070127845,0.056479204
momentum|3m-0m,126,2,40.51542693135613,-0.9362657,0.07019419,0.063583754
momentum|3m-0m,126,3,40.461851231762736,-0.5776688,0.06943304,0.06346672
momentum|3m-0m,126,4,40.5324085147094,-0.31143114,0.07028,0.06533093
momentum|3m-0m,126,5,40.65032288926094,-0.07800169,0.06805921,0.06402346
momentum|3m-0m,126,6,40.30782109543171,0.14041899,0.067331366,0.063304186
momentum|3m-0m,126,7,40.47261420712748,0.36177415,0.06744436,0.06266771
momentum|3m-0m,126,8,40.48672566371681,0.60754794,0.067666054,0.06179425
momentum|3m-0m,126,9,40.430279837359485,0.9246423,0.0665419,0.05926145
momentum|3m-0m,126,10,40.88375986606075,1.6817095,0.07753171,0.059595145
momentum|3m-0m,252,1,38.56397990911265,-1.8518573,0.1487101,0.11928946
momentum|3m-0m,252,2,39.01028462090409,-0.93729556,0.14678311,0.1288901
momentum|3m-0m,252,3,38.94905524994021,-0.577479,0.14314173,0.12772408
momentum|3m-0m,252,4,39.01961253288687,-0.31063145,0.1431105,0.12911355
momentum|3m-0m,252,5,39.12341545084908,-0.07670533,0.138141,0.12597467
momentum|3m-0m,252,6,38.80961492465917,0.14209291,0.1378936,0.12762606
momentum|3m-0m,252,7,38.97775651757953,0.3635061,0.13832237,0.12663402
momentum|3m-0m,252,8,38.999521645539346,0.6093569,0.14121896,0.12730692
momentum|3m-0m,252,9,38.94020569241808,0.92581075,0.14059548,0.1244166
momentum|3m-0m,252,10,39.35254723750299,1.6775827,0.15654983,0.11699881
momentum|3m-1m,1,1,41.55273857928725,-1.8365602,0.000674257,0.00047258555
momentum|3m-1m,1,2,42.00621860798852,-0.93122226,0.0006944394,0.00059833284
momentum|3m-1m,1,3,41.95981822530495,-0.5746226,0.0005908081,0.0005698871
momentum|3m-1m,1,4,42.016981583353264,-0.31113386,0.0005869284,0.0005403705
momentum|3m-1m,1,5,42.17220760583592,-0.08194421,0.0005260446,0.00053392973
momentum|3m-1m,1,6,41.80172207605836,0.13388371,0.0005200388,0.00056425476
momentum|3m-1m,1,7,41.97440803635494,0.3524235,0.00057031057,0.00057002495
momentum|3m-1m,1,8,42.002630949533604,0.59737414,0.0005179595,0.0005776534
momentum|3m-1m,1,9,41.96436259268118,0.9175752,0.00052517373,0.00052883395
momentum|3m-1m,1,10,42.43673762257833,1.6987504,0.0006542013,0.00053771905
momentum|3m-1m,5,1,41.50609901937336,-1.8365315,0.0033206984,0.0028451884
momentum|3m-1m,5,2,41.95790480746233,-0.931149,0.0033577357,0.003061366
momentum|3m-1m,5,3,41.91102607031811,-0.57462704,0.0030521364,0.0028942947
momentum|3m-1m,5,4,41.96914613728773,-0.3111742,0.0028089783,0.0028040675
momentum|3m-1m,5,5,42.122458741927765,-0.081965454,0.002640435,0.002566582
momentum|3m-1m,5,6,41.7536474527625,0.13387278,0.0025498252,0.0025466585
momentum|3m-1m,5,7,41.926333413059076,0.35241106,0.002788715,0.0027950513
momentum|3m-1m,5,8,41.95407797177709,0.59737235,0.002692619,0.0028281272
momentum|3m-1m,5,9,41.915570437694335,0.9175654,0.0025258102,0.0024195372
momentum|3m-1m,5,10,42.385792872518536,1.6986974,0.0031625188,0.0026059174
momentum|3m-1m,10,1,41.4477397751734,-1.8366213,0.006409055,0.005533404
momentum|3m-1m,10,2,41.897632145419756,-0.9310856,0.006572675,0.0061535942
momentum|3m-1m,10,3,41.85003587658455,-0.57462615,0.005943268,0.0055769375
momentum|3m-1m,10,4,41.907916766323844,-0.31118184,0.0057547563,0.0056316997
momentum|3m-1m,10,5,42.06242525711552,-0.08199415,0.005295199,0.005407645
momentum|3m-1m,10,6,41.693135613489595,0.13387996,0.0051228856,0.0049697515
momentum|3m-1m,10,7,41.86629992824683,0.35246143,0.0053882045,0.005175413
momentum|3m-1m,10,8,41.892609423582876,0.59746253,0.005212771,0.0050437213
momentum|3m-1m,10,9,41.855297775651756,0.91768086,0.005066692,0.0047680545
momentum|3m-1m,10,10,42.3224109064817,1.6984615,0.00619561,0.005182979
momentum|3m-1m,21,1,41.31882324802679,-1.8372022,0.0132287,0.012172827
momentum|3m-1m,21,2,41.76536713704855,-0.93127084,0.012567757,0.012184972
momentum|3m-1m,21,3,41.71848839990433,-0.57472014,0.012506899,0.011713499
momentum|3m-1m,21,4,41.77373834011002,-0.31119403,0.012110407,0.011569326
momentum|3m-1m,21,5,41.929442717053334,-0.081866,0.011294079,0.011154131
momentum|3m-1m,21,6,41.56302320019134,0.13413447,0.0108344825,0.01061505
momentum|3m-1m,21,7,41.73307821095432,0.35282916,0.011376666,0.011053733
momentum|3m-1m,21,8,41.75890935182971,0.5979721,0.01155479,0.011189175
momentum|3m-1m,21,9,41.72207605835924,0.9182226,0.011405975,0.010474516
momentum|3m-1m,21,10,42.183209758431,1.6974288,0.012722112,0.010332256
momentum|3m-1m,42,1,41.07247070078928,-1.8395202,0.02539663,0.022061322
momentum|3m-1m,42,2,41.51112174121024,-0.9318432,0.024977358,0.023341166
momentum|3m-1m,42,3,41.46448218129634,-0.5746996,0.024321688,0.022580994
momentum|3m-1m,42,4,41.52092800765367,-0.31071985,0.023528757,0.022659265
momentum|3m-1m,42,5,41.67567567567568,-0.08108844,0.022525955,0.02213844
momentum|3m-1m,42,6,41.311887108347285,0.13513939,0.022474697,0.021900171
momentum|3m-1m,42,7,41.47668022004305,0.35398963,0.02312668,0.022314493
momentum|3m-1m,42,8,41.50227218368811,0.5990948,0.022582296,0.021634648
momentum|3m-1m,42,9,41.46878737144224,0.9189688,0.022537928,0.020725911
momentum|3m-1m,42,10,41.92083233676154,1.6947412,0.025639554,0.020714696
momentum|3m-1m,63,1,40.82324802678785,-1.8408446,0.03697254,0.031279977
momentum|3m-1m,63,2,41.25855058598422,-0.93201125,0.03642642,0.03359402
momentum|3m-1m,63,3,41.21478115283425,-0.57464707,0.035371467,0.033062764
momentum|3m-1m,63,4,41.26716096627601,-0.31043157,0.03473202,0.033233177
momentum|3m-1m,63,5,41.41951686199474,-0.08060589,0.03377913,0.03282364
momentum|3m-1m,63,6,41.0605118392729,0.13578746,0.03330216,0.03183566
momentum|3m-1m,63,7,41.22028222913179,0.3547921,0.034267813,0.032023832
momentum|3m-1m,63,8,41.24778761061947,0.5998272,0.033476908,0.030804625
momentum|3m-1m,63,9,41.212867734991626,0.9191309,0.033086028,0.029809054
momentum|3m-1m,63,10,41.6603683329347,1.6930146,0.03843083,0.030404931
momentum|3m-1m,126,1,40.07318823248027,-1.841984,0.06967167,0.0571002
momentum|3m-1m,126,2,40.50227218368811,-0.93171626,0.06909574,0.061749175
momentum|3m-1m,126,3,40.46137287730208,-0.5744039,0.06853864,0.06312486
momentum|3m-1m,126,4,40.514470222434824,-0.3102058,0.06877007,0.06425494
momentum|3m-1m,126,5,40.65869409232241,-0.08030362,0.066992596,0.06282831
momentum|3m-1m,126,6,40.303276728055486,0.13602903,0.0671394,0.06272247
momentum|3m-1m,126,7,40.464003826835686,0.35510677,0.06849814,0.0629392
momentum|3m-1m,126,8,40.483616359722554,0.60022867,0.06938193,0.06380543
momentum|3m-1m,126,9,40.4477397751734,0.9197976,0.06740794,0.05980227
momentum|3m-1m,126,10,40.883281511600096,1.6910715,0.07902427,0.06103198
momentum|3m-1m,252,1,38.5591963645061,-1.8442956,0.14953454,0.118794754
momentum|3m-1m,252,2,38.99282468309017,-0.93382776,0.14604482,0.12485393
momentum|3m-1m,252,3,38.95455632623774,-0.57493395,0.14245841,0.12773097
momentum|3m-1m,252,4,39.00310930399426,-0.309574,0.14007095,0.12775986
momentum|3m-1m,252,5,39.13704855297776,-0.07900157,0.1377291,0.12648138
momentum|3m-1m,252,6,38.80602726620426,0.137812,0.13753636,0.12493252
momentum|3m-1m,252,7,38.9646017699115,0.3571704,0.13970263,0.12688799
momentum|3m-1m,252,8,38.99091126524755,0.6022794,0.14372243,0.12895858
momentum|3m-1m,252,9,38.95623056685004,0.9209729,0.14272,0.12612271
momentum|3m-1m,252,10,39.35159052858168,1.6876459,0.15479264,0.11824263
momentum|6m-0m,1,1,41.521167184884,-1.8511566,0.0006940234,0.00043324401
momentum|6m-0m,1,2,41.983975125568044,-0.9340634,0.0006165526,0.00052105566
momentum|6m-0m,1,3,41.9170055010763,-0.57066864,0.0005841217,0.00052539085
momentum|6m-0m,1,4,41.99904329107869,-0.30192366,0.00055063446,0.0005487815
momentum|6m-0m,1,5,42.08538627122698,-0.07491039,0.00055262126,0.00055662525
momentum|6m-0m,1,6,41.79095910069361,0.13891265,0.0005754823,0.0006228963
momentum|6m-0m,1,7,41.9170055010763,0.35613278,0.0005688479,0.00054131384
momentum|6m-0m,1,8,42.0,0.598362,0.000568771,0.00061684864
momentum|6m-0m,1,9,41.90098062664434,0.9147984,0.0005520878,0.00054950884
momentum|6m-0m,1,10,42.41210236785458,1.689561,0.0005925214,0.00045362057
momentum|6m-0m,5,1,41.474288447739774,-1.8513631,0.0032967778,0.002933601
momentum|6m-0m,5,2,41.9351829705812,-0.9341452,0.0030845648,0.0028778776
momentum|6m-0m,5,3,41.868930877780436,-0.57069606,0.0028407201,0.002740186
momentum|6m-0m,5,4,41.9507294905525,-0.3019084,0.0027736102,0.0026533343
momentum|6m-0m,5,5,42.03779000239177,-0.07484454,0.0027512948,0.0027203716
momentum|6m-0m,5,6,41.7424061229371,0.13901675,0.0028566737,0.0028788056
momentum|6m-0m,5,7,41.868930877780436,0.3562714,0.0028825237,0.0027238876
momentum|6m-0m,5,8,41.95168619947381,0.59851027,0.002733354,0.0027821688
momentum|6m-0m,5,9,41.85194929442717,0.9149372,0.0026533622,0.0025620104
momentum|6m-0m,5,10,42.36020090887347,1.6892372,0.0029931506,0.0024458386
momentum|6m-0m,10,1,41.4156900263095,-1.8515998,0.0062483726,0.0056640627
momentum|6m-0m,10,2,41.875388662999285,-0.93422365,0.006129265,0.0060419803
momentum|6m-0m,10,3,41.8081798612772,-0.570747,0.005821699,0.005374949
momentum|6m-0m,10,4,41.890456828509926,-0.30192298,0.0054762466,0.0051652356
momentum|6m-0m,10,5,41.977995694809856,-0.074778356,0.0055750404,0.005495093
momentum|6m-0m,10,6,41.68141592920354,0.13915803,0.0056668455,0.0055789887
momentum|6m-0m,10,7,41.80913657019852,0.35647064,0.0055815317,0.005473691
momentum|6m-0m,10,8,41.890456828509926,0.59871185,0.0052623665,0.004977738
momentum|6m-0m,10,9,41.790719923463286,0.91506886,0.005155377,0.004845669
momentum|6m-0m,10,10,42.296101411145656,1.6888528,0.0059613134,0.0048735254
momentum|6m-0m,21,1,41.28677349916288,-1.8518077,0.0122424,0.011685531
momentum|6m-0m,21,2,41.744797895240374,-0.93422097,0.012721748,0.012199561
momentum|6m-0m,21,3,41.676632384596985,-0.57076097,0.012019581,0.011446104
momentum|6m-0m,21,4,41.75819182013872,-0.30202276,0.0118299695,0.011066855
momentum|6m-0m,21,5,41.84596986366898,-0.074871324,0.011894368,0.011432027
momentum|6m-0m,21,6,41.55010762975365,0.13922022,0.012194881,0.011819292
momentum|6m-0m,21,7,41.67615403013633,0.35668722,0.011779407,0.011294745
momentum|6m-0m,21,8,41.75675675675676,0.59905046,0.011149657,0.010822457
momentum|6m-0m,21,9,41.656541497249464,0.91534185,0.01059156,0.009412014
momentum|6m-0m,21,10,42.15426931356135,1.6883097,0.012976409,0.010185071
momentum|6m-0m,42,1,41.04089930638603,-1.8526038,0.02314145,0.019668078
momentum|6m-0m,42,2,41.49294427170533,-0.9344946,0.024122972,0.022924935
momentum|6m-0m,42,3,41.423822052140636,-0.57089007,0.024125692,0.022753067
momentum|6m-0m,42,4,41.502989715379094,-0.30217236,0.023924818,0.022461109
momentum|6m-0m,42,5,41.59411624013394,-0.07493563,0.023941187,0.022844575
momentum|6m-0m,42,6,41.300406601291556,0.13942285,0.02393929,0.023364037
momentum|6m-0m,42,7,41.423822052140636,0.35725775,0.023712587,0.022954553
momentum|6m-0m,42,8,41.50155465199713,0.599947,0.022189047,0.020247875
momentum|6m-0m,42,9,41.39918679741689,0.91643345,0.02125126,0.018597828
momentum|6m-0m,42,10,41.88567328390337,1.6868314,0.02640977,0.021128878
momentum|6m-0m,63,1,40.794307581918204,-1.853944,0.034178756,0.02697271
momentum|6m-0m,63,2,41.240133939248985,-0.93453646,0.034424894,0.031216925
momentum|6m-0m,63,3,41.17149007414494,-0.5709529,0.03572535,0.033325803
momentum|6m-0m,63,4,41.25041856015307,-0.30216232,0.03537401,0.033776645
momentum|6m-0m,63,5,41.3422626165989,-0.07469638,0.035098296,0.03267706
momentum|6m-0m,63,6,41.05142310452045,0.13985233,0.035192303,0.033691574
momentum|6m-0m,63,7,41.17077254245396,0.35795027,0.03456674,0.032945957
momentum|6m-0m,63,8,41.24324324324324,0.60086125,0.032958757,0.03003185
momentum|6m-0m,63,9,41.1435063381966,0.91714525,0.031728644,0.0275441
momentum|6m-0m,63,10,41.61827314039704,1.6853385,0.04004857,0.032241806
momentum|6m-0m,126,1,40.05118392729012,-1.8570844,0.06800503,0.05296172
momentum|6m-0m,126,2,40.46854819421191,-0.9353913,0.06731738,0.061150588
momentum|6m-0m,126,3,40.418081798612775,-0.57131124,0.06891539,0.06292086
momentum|6m-0m,126,4,40.49748863908156,-0.3020926,0.06781144,0.0627149
momentum|6m-0m,126,5,40.57641712508969,-0.07411589,0.06734134,0.06179927
momentum|6m-0m,126,6,40.29634058837598,0.14089184,0.06810822,0.06324989
momentum|6m-0m,126,7,40.4140157856972,0.35958162,0.06807009,0.06254113
momentum|6m-0m,126,8,40.49294427170533,0.60278326,0.06749325,0.060237575
momentum|6m-0m,126,9,40.387227935900505,0.9192517,0.067305684,0.061614994
momentum|6m-0m,126,10,40.84381726859603,1.6822792,0.08340594,0.065845825
momentum|6m-0m,252,1,38.51997129873236,-1.8621019,0.14840823,0.11495198
momentum|6m-0m,252,2,38.96914613728773,-0.93713003,0.1471251,0.12811884
momentum|6m-0m,252,3,38.915570437694335,-0.5714768,0.14572722,0.1301938
momentum|6m-0m,252,4,38.995455632623774,-0.30123916,0.13945769,0.12653443
momentum|6m-0m,252,5,39.06457785218847,-0.07216207,0.14019752,0.12757011
momentum|6m-0m,252,6,38.803635493900984,0.14365593,0.1411192,0.12844959
momentum|6m-0m,252,7,38.91724467830662,0.36289352,0.14008065,0.12669261
momentum|6m-0m,252,8,38.97847404927051,0.6061421,0.13766131,0.123907566
momentum|6m-0m,252,9,38.88639081559435,0.92157954,0.13712068,0.122706465
momentum|6m-0m,252,10,39.326955273857926,1.6759477,0.15662211,0.12055141
momentum|6m-1m,1,1,41.518536235350396,-1.8447614,0.0006313973,0.00040921126
momentum|6m-1m,1,2,41.982300884955755,-0.9359816,0.0006185251,0.00054250186
momentum|6m-1m,1,3,41.909830184166466,-0.57246387,0.0005914768,0.000524737
momentum|6m-1m,1,4,42.00071753169098,-0.30466568,0.00059924065,0.0005635785
momentum|6m-1m,1,5,42.077254245395835,-0.07667592,0.00053822773,0.00053176266
momentum|6m-1m,1,6,41.78808897392968,0.1374811,0.0005315599,0.0005539974
momentum|6m-1m,1,7,41.91724467830662,0.35477513,0.00056976406,0.00056054
momentum|6m-1m,1,8,41.994020569241805,0.59864306,0.0005546811,0.0005867577
momentum|6m-1m,1,9,41.89667543649845,0.9154746,0.00056178815,0.0005969709
momentum|6m-1m,1,10,42.410428127242284,1.6932342,0.00065763545,0.0005641428
momentum|6m-1m,5,1,41.47165749820617,-1.8449669,0.0032093297,0.0028390838
momentum|6m-1m,5,2,41.93422626165989,-0.93603474,0.0030620743,0.0028027187
momentum|6m-1m,5,3,41.86127720640995,-0.57247865,0.0029756112,0.0028692556
momentum|6m-1m,5,4,41.95288208562545,-0.30465934,0.0029150413,0.0027820282
momentum|6m-1m,5,5,42.02965797656063,-0.07662856,0.0026649865,0.0027657181
momentum|6m-1m,5,6,41.73953599617317,0.13758177,0.0027907188,0.0027945915
momentum|6m-1m,5,7,41.86845252331978,0.35490853,0.0027284166,0.0025715698
momentum|6m-1m,5,8,41.94570676871562,0.5987711,0.002727623,0.002757072
momentum|6m-1m,5,9,41.84764410428127,0.9156174,0.0026207184,0.002490871
momentum|6m-1m,5,10,42.358526668261185,1.692951,0.0031749266,0.0025873051
momentum|6m-1m,10,1,41.41353743123655,-1.8452704,0.0064609833,0.006048271
momentum|6m-1m,10,2,41.87371442238699,-0.93611836,0.0061276113,0.0059560174
momentum|6m-1m,10,3,41.80028701267639,-0.57249546,0.0059226803,0.005736232
momentum|6m-1m,10,4,41.89308777804353,-0.30463868,0.0058585485,0.0055611264
momentum|6m-1m,10,5,41.969624491748384,-0.076561265,0.005348726,0.005330809
momentum|6m-1m,10,6,41.679502511360916,0.13769905,0.005519214,0.0052549224
momentum|6m-1m,10,7,41.80889739296819,0.35509536,0.0053531593,0.005079938
momentum|6m-1m,10,8,41.88352068883042,0.59899956,0.0053003146,0.0052367784
momentum|6m-1m,10,9,41.78617555608706,0.915842,0.0050335806,0.0047181803
momentum|6m-1m,10,10,42.294666347763695,1.6925061,0.0059657916,0.004625767
momentum|6m-1m,21,1,41.2843817268596,-1.8458279,0.012692271,0.012019714
momentum|6m-1m,21,2,41.742645300167425,-0.936214,0.012712528,0.012059789
momentum|6m-1m,21,3,41.66826118153552,-0.5725629,0.012498659,0.011933285
momentum|6m-1m,21,4,41.76106194690266,-0.30469853,0.012382491,0.011781374
momentum|6m-1m,21,5,41.838077015068166,-0.07655763,0.011701654,0.011322376
momentum|6m-1m,21,6,41.55010762975365,0.13786383,0.011615703,0.0114450455
momentum|6m-1m,21,7,41.67471896675436,0.3554424,0.01116102,0.010872762
momentum|6m-1m,21,8,41.74958143984693,0.5995162,0.011292634,0.010911163
momentum|6m-1m,21,9,41.65032288926094,0.91646653,0.010721743,0.009661219
momentum|6m-1m,21,10,42.15450849079168,1.6915265,0.012638086,0.009630184
momentum|6m-1m,42,1,41.03826835685243,-1.8473018,0.023059854,0.019802613
momentum|6m-1m,42,2,41.4917483855537,-0.9362006,0.02427486,0.022631845
momentum|6m-1m,42,3,41.414494140157856,-0.5724877,0.024338601,0.02304154
momentum|6m-1m,42,4,41.508490791676635,-0.3046343,0.024592623,0.023136888
momentum|6m-1m,42,5,41.58526668261182,-0.07636605,0.023931175,0.02304569
momentum|6m-1m,42,6,41.30112413298254,0.1383509,0.023232514,0.022739375
momentum|6m-1m,42,7,41.41999521645539,0.35621634,0.022834316,0.021930898
momentum|6m-1m,42,8,41.49103085386271,0.6004863,0.022480505,0.020524252
momentum|6m-1m,42,9,41.395120784501316,0.9170852,0.021810904,0.01901104
momentum|6m-1m,42,10,41.88734752451567,1.6896641,0.026181137,0.021645283
momentum|6m-1m,63,1,40.79191580961493,-1.8485531,0.03485724,0.028395835
momentum|6m-1m,63,2,41.235828749103085,-0.9362182,0.03407094,0.031123698
momentum|6m-1m,63,3,41.163118871083476,-0.5724857,0.03500439,0.032415684
momentum|6m-1m,63,4,41.25209280076537,-0.30457363,0.035887465,0.033995114
momentum|6m-1m,63,5,41.33197799569481,-0.07611493,0.035413764,0.034432594
momentum|6m-1m,63,6,41.05261899067209,0.1388577,0.034346823,0.032485247
momentum|6m-1m,63,7,41.166228175077734,0.35682085,0.03379733,0.031699
momentum|6m-1m,63,8,41.23463286295145,0.6012522,0.03359217,0.029790225
momentum|6m-1m,63,9,41.140397034202344,0.9177403,0.032820206,0.028298832
momentum|6m-1m,63,10,41.624970102846206,1.6881287,0.03949032,0.032472283
momentum|6m-1m,126,1,40.042812724228654,-1.851357,0.06763351,0.052841723
momentum|6m-1m,126,2,40.46806983975126,-0.9371106,0.067146935,0.0611386
momentum|6m-1m,126,3,40.41018895001196,-0.57305723,0.068685,0.062979154
momentum|6m-1m,126,4,40.49294427170533,-0.3046792,0.06893322,0.0635405
momentum|6m-1m,126,5,40.565893326955276,-0.0758395,0.06693417,0.06183824
momentum|6m-1m,126,6,40.29275292992107,0.13960053,0.067102686,0.061676748
momentum|6m-1m,126,7,40.411624013393926,0.35828376,0.067386046,0.06201184
momentum|6m-1m,126,8,40.48959579048075,0.60327864,0.06805945,0.06192612
momentum|6m-1m,126,9,40.38651040420952,0.91984725,0.06850875,0.06164246
momentum|6m-1m,126,10,40.85505859842143,1.6857032,0.08340038,0.067212515
momentum|6m-1m,252,1,38.50944750059794,-1.8561685,0.14877224,0.11490119
momentum|6m-1m,252,2,38.97392968189428,-0.9389872,0.14573154,0.12709662
momentum|6m-1m,252,3,38.915092083233674,-0.5728674,0.1454071,0.1287974
momentum|6m-1m,252,4,38.98923702463525,-0.3033093,0.14094836,0.12674253
momentum|6m-1m,252,5,39.049031332217176,-0.07361985,0.13887638,0.12608577
momentum|6m-1m,252,6,38.796460176991154,0.14219995,0.13996504,0.12670472
momentum|6m-1m,252,7,38.911265247548435,0.36124292,0.14037837,0.1277407
momentum|6m-1m,252,8,38.9844534800287,0.6062441,0.13864017,0.12536958
momentum|6m-1m,252,9,38.88662999282468,0.92154235,0.1395775,0.12386322
momentum|6m-1m,252,10,39.331260464003826,1.6797069,0.15521196,0.12110962
momentum|6m-2m,1,1,41.51614446304712,-1.8393847,0.0006540178,0.00037828708
momentum|6m-2m,1,2,41.98110499880411,-0.9349311,0.0005332472,0.0004640177
momentum|6m-2m,1,3,41.89811049988041,-0.57536745,0.0006453425,0.0005903627
momentum|6m-2m,1,4,42.00239177230328,-0.3087976,0.00058526173,0.00057886617
momentum|6m-2m,1,5,42.07294905524994,-0.080461025,0.00060158194,0.00058153976
momentum|6m-2m,1,6,41.78378378378378,0.1349629,0.0005848715,0.00057245966
momentum|6m-2m,1,7,41.915092083233674,0.35479388,0.0005155983,0.0005592246
momentum|6m-2m,1,8,41.98541018895001,0.60085046,0.00055585406,0.00056136295
momentum|6m-2m,1,9,41.89428366419517,0.9185754,0.0005469991,0.0005670583
momentum|6m-2m,1,10,42.40516622817508,1.6947528,0.0006296627,0.00051237486
momentum|6m-2m,5,1,41.46926572590289,-1.839698,0.0031948,0.0026152632
momentum|6m-2m,5,2,41.93326955273858,-0.9350064,0.002984834,0.0028602558
momentum|6m-2m,5,3,41.8505142310452,-0.57540274,0.0029547655,0.0027766656
momentum|6m-2m,5,4,41.95383879454676,-0.30877855,0.0029278714,0.0029122406
momentum|6m-2m,5,5,42.02439607749342,-0.080383286,0.002842392,0.0027148903
momentum|6m-2m,5,6,41.73570916048792,0.13510299,0.0029818,0.0028279286
momentum|6m-2m,5,7,41.86653910547716,0.35497937,0.0026323665,0.0026677952
momentum|6m-2m,5,8,41.934943793350875,0.6010604,0.0025956,0.0025334249
momentum|6m-2m,5,9,41.8462090408993,0.91874593,0.0026852554,0.002665819
momentum|6m-2m,5,10,42.35446065534561,1.6943365,0.0030680846,0.002603945
momentum|6m-2m,10,1,41.41066730447261,-1.8401139,0.0062520765,0.0055671725
momentum|6m-2m,10,2,41.873236067926335,-0.9350968,0.0059882537,0.0056618378
momentum|6m-2m,10,3,41.790719923463286,-0.575429,0.0059786374,0.0056651677
momentum|6m-2m,10,4,41.89404448696484,-0.3087453,0.0058217277,0.005674859
momentum|6m-2m,10,5,41.9646017699115,-0.08024957,0.005693661,0.0054499456
momentum|6m-2m,10,6,41.67471896675436,0.13531362,0.0057076085,0.005453961
momentum|6m-2m,10,7,41.80626644343459,0.35522854,0.0052377824,0.00513989
momentum|6m-2m,10,8,41.87204018177469,0.6013295,0.004937322,0.004688323
momentum|6m-2m,10,9,41.78521884716575,0.918921,0.005217607,0.0051792413
momentum|6m-2m,10,10,42.291078689308776,1.6937633,0.0060418164,0.0047249496
momentum|6m-2m,21,1,41.28151160009567,-1.8409015,0.011858175,0.010992083
momentum|6m-2m,21,2,41.741927768476444,-0.93506914,0.01238645,0.011597218
momentum|6m-2m,21,3,41.659411624013394,-0.5753625,0.0123664485,0.011768405
momentum|6m-2m,21,4,41.762736187514946,-0.30869758,0.0125101125,0.011907744
momentum|6m-2m,21,5,41.83353264769194,-0.08008734,0.012019385,0.011424752
momentum|6m-2m,21,6,41.54412819899546,0.13561957,0.011681486,0.0110794725
momentum|6m-2m,21,7,41.671609662760105,0.3556375,0.011069559,0.0107279215
momentum|6m-2m,21,8,41.73690504663956,0.6018009,0.01103975,0.010754494
momentum|6m-2m,21,9,41.65032288926094,0.91921806,0.01131298,0.010386557
momentum|6m-2m,21,10,42.15139918679742,1.6926955,0.013147657,0.010284182
momentum|6m-2m,42,1,41.03563740731882,-1.8420483,0.022020262,0.018781329
momentum|6m-2m,42,2,41.48935661325042,-0.9351345,0.023503497,0.022088964
momentum|6m-2m,42,3,41.40564458263573,-0.57529277,0.023666525,0.022340922
momentum|6m-2m,42,4,41.50944750059794,-0.30852702,0.024601374,0.02342521
momentum|6m-2m,42,5,41.57785218847166,-0.079854906,0.02426618,0.023008373
momentum|6m-2m,42,6,41.29347046161205,0.1360347,0.02350331,0.022501368
momentum|6m-2m,42,7,41.41521167184884,0.35625508,0.02300034,0.021527836
momentum|6m-2m,42,8,41.479311169576654,0.6025858,0.022820283,0.021077339
momentum|6m-2m,42,9,41.3958383161923,0.91979045,0.022479871,0.019814529
momentum|6m-2m,42,10,41.89069600574025,1.6909181,0.026837617,0.02202115
momentum|6m-2m,63,1,40.78617555608706,-1.8427559,0.033653762,0.027628109
momentum|6m-2m,63,2,41.23630710356374,-0.9351562,0.03299896,0.030195236
momentum|6m-2m,63,3,41.15283425017938,-0.57525116,0.033915695,0.031381488
momentum|6m-2m,63,4,41.25639799091127,-0.30836964,0.035406753,0.033846505
momentum|6m-2m,63,5,41.32480267878498,-0.07970574,0.035062555,0.033221006
momentum|6m-2m,63,6,41.043530255919634,0.13621058,0.034930523,0.032830305
momentum|6m-2m,63,7,41.16096627601053,0.3565585,0.034980457,0.032140106
momentum|6m-2m,63,8,41.222913178665394,0.603128,0.03439953,0.031342626
momentum|6m-2m,63,9,41.139440325281036,0.920149,0.033652514,0.029988408
momentum|6m-2m,63,10,41.63023200191342,1.6898644,0.040241808,0.03311143
momentum|6m-2m,126,1,40.03085386271227,-1.845613,0.06592249,0.052235857
momentum|6m-2m,126,2,40.467830662520925,-0.9359585,0.06689738,0.06047863
momentum|6m-2m,126,3,40.39966515187754,-0.57551396,0.066927545,0.06092235
momentum|6m-2m,126,4,40.49533604400861,-0.30830237,0.068203606,0.06340537
momentum|6m-2m,126,5,40.55584788328151,-0.079262644,0.06816343,0.06289399
momentum|6m-2m,126,6,40.288208562544845,0.13706256,0.06823472,0.062345296
momentum|6m-2m,126,7,40.40923224109065,0.35782695,0.06860076,0.06342362
momentum|6m-2m,126,8,40.472135852666824,0.60472786,0.06832065,0.062457215
momentum|6m-2m,126,9,40.388902176512794,0.9219104,0.069680944,0.06306596
momentum|6m-2m,126,10,40.86940923224109,1.6874967,0.08281214,0.06744129
momentum|6m-2m,252,1,38.50370724707008,-1.8499507,0.14602095,0.11449049
momentum|6m-2m,252,2,38.975843099736906,-0.9376099,0.14436816,0.12476904
momentum|6m-2m,252,3,38.906960057402536,-0.57513344,0.14186445,0.12539372
momentum|6m-2m,252,4,38.986845252331975,-0.30687577,0.14193553,0.12791497
momentum|6m-2m,252,5,39.02989715379096,-0.07707667,0.141575,0.12926364
momentum|6m-2m,252,6,38.79095910069361,0.13979816,0.14119816,0.127648
momentum|6m-2m,252,7,38.91246113370007,0.36053532,0.1402604,0.12678693
momentum|6m-2m,252,8,38.96699354221478,0.6072244,0.14120772,0.12595461
momentum|6m-2m,252,9,38.89428366419517,0.92311007,0.14294405,0.126285
momentum|6m-2m,252,10,39.34082755321693,1.6817453,0.15212563,0.120758854
momentum|9m-0m,1,1,41.49509686677828,-1.856625,0.0006727874,0.00042187737
momentum|9m-0m,1,2,41.958143984692654,-0.9278217,0.00056627515,0.0005398579
momentum|9m-0m,1,3,41.84286055967472,-0.5629507,0.0005730152,0.0004778803
momentum|9m-0m,1,4,41.95910069361397,-0.29658917,0.0006099613,0.00060427975
momentum|9m-0m,1,5,42.05692418081799,-0.07119199,0.0005634639,0.00053361244
momentum|9m-0m,1,6,41.74360200908873,0.13877177,0.0005274131,0.0005359216
momentum|9m-0m,1,7,41.88375986606075,0.35330853,0.00056126004,0.00061315385
momentum|9m-0m,1,8,41.9170055010763,0.5906139,0.0006134468,0.0006063121
momentum|9m-0m,1,9,41.88280315713944,0.90538955,0.0005195453,0.00053326023
momentum|9m-0m,1,10,42.3716814159292,1.6928011,0.0006395795,0.00053656945
momentum|9m-0m,5,1,41.44821812963406,-1.8566931,0.0033348969,0.0028019128
momentum|9m-0m,5,2,41.91030853862712,-0.9279092,0.0027212272,0.002715081
momentum|9m-0m,5,3,41.79311169576656,-0.5630203,0.002860529,0.0026346163
momentum|9m-0m,5,4,41.91054771585745,-0.29659817,0.0028542283,0.0027459343
momentum|9m-0m,5,5,42.00908873475245,-0.071151406,0.0028528932,0.002727103
momentum|9m-0m,5,6,41.6957665630232,0.13884185,0.0026457228,0.0026352992
momentum|9m-0m,5,7,41.835924419995216,0.35340625,0.00282099,0.0028095848
momentum|9m-0m,5,8,41.86940923224109,0.59072924,0.0028519465,0.002823341
momentum|9m-0m,5,9,41.83257593877063,0.90547854,0.00275327,0.0026182123
momentum|9m-0m,5,10,42.320497488639084,1.6926223,0.0031404865,0.002593683
momentum|9m-0m,10,1,41.38961970820378,-1.8567166,0.006263051,0.005355681
momentum|9m-0m,10,2,41.85003587658455,-0.92799634,0.0054241754,0.0055888253
momentum|9m-0m,10,3,41.732121502033,-0.5630949,0.00561442,0.005365272
momentum|9m-0m,10,4,41.85003587658455,-0.29662558,0.0054036337,0.0051457034
momentum|9m-0m,10,5,41.94953360440086,-0.07114591,0.005754085,0.005442721
momentum|9m-0m,10,6,41.63549390098063,0.13888256,0.0053464808,0.0051803864
momentum|9m-0m,10,7,41.776369289643625,0.35348836,0.0055254255,0.005231418
momentum|9m-0m,10,8,41.80961492465917,0.5908311,0.0055695595,0.005369188
momentum|9m-0m,10,9,41.76895479550347,0.90561205,0.005628636,0.005235149
momentum|9m-0m,10,10,42.257354699832575,1.6924917,0.0062928936,0.0051510823
momentum|9m-0m,21,1,41.260942358287494,-1.8568165,0.012252202,0.011300848
momentum|9m-0m,21,2,41.71585745037073,-0.9281717,0.011423249,0.011471722
momentum|9m-0m,21,3,41.6015307342741,-0.5632298,0.012214186,0.011679679
momentum|9m-0m,21,4,41.71801004544368,-0.2966656,0.011419266,0.010949069
momentum|9m-0m,21,5,41.81702941879933,-0.07111359,0.012139635,0.011747358
momentum|9m-0m,21,6,41.50681655106434,0.13897511,0.011640233,0.011494313
momentum|9m-0m,21,7,41.644104281272426,0.35365343,0.011436442,0.010783346
momentum|9m-0m,21,8,41.67567567567568,0.59097093,0.011608116,0.01134839
momentum|9m-0m,21,9,41.6326237742167,0.9058987,0.011711306,0.01100485
momentum|9m-0m,21,10,42.117914374551546,1.6922784,0.0134496,0.010467382
momentum|9m-0m,42,1,41.01506816551064,-1.857668,0.023149194,0.019575909
momentum|9m-0m,42,2,41.46137287730208,-0.9286347,0.022523418,0.022230811
momentum|9m-0m,42,3,41.34608945228414,-0.5634742,0.023927491,0.023067161
momentum|9m-0m,42,4,41.46639559913896,-0.29680812,0.023026913,0.021941854
momentum|9m-0m,42,5,41.5661325041856,-0.07100985,0.023733418,0.022331564
momentum|9m-0m,42,6,41.25998564936618,0.13933773,0.023281652,0.02233906
momentum|9m-0m,42,7,41.38961970820378,0.35420617,0.02294741,0.021458665
momentum|9m-0m,42,8,41.41903850753408,0.59170526,0.022652777,0.021435693
momentum|9m-0m,42,9,41.373594833771826,0.9069043,0.023353416,0.021690924
momentum|9m-0m,42,10,41.853862712269795,1.6912373,0.027987447,0.022887593
momentum|9m-0m,63,1,40.768476441042814,-1.8596083,0.033470772,0.02746545
momentum|9m-0m,63,2,41.20975843099737,-0.92905843,0.03286747,0.031256508
momentum|9m-0m,63,3,41.08969146137288,-0.56366456,0.03514787,0.033544313
momentum|9m-0m,63,4,41.21549868452524,-0.296719,0.0337545,0.032387126
momentum|9m-0m,63,5,41.31140875388663,-0.07068905,0.035295665,0.03309981
momentum|9m-0m,63,6,41.0112413298254,0.13992663,0.034375515,0.032095116
momentum|9m-0m,63,7,41.13513513513514,0.3551516,0.03384718,0.03148061
momentum|9m-0m,63,8,41.16742406122937,0.59271985,0.033942964,0.031397246
momentum|9m-0m,63,9,41.108586462568766,0.9080606,0.03480243,0.030938575
momentum|9m-0m,63,10,41.600574025352785,1.6896485,0.041614566,0.033571966
momentum|9m-0m,126,1,40.0155465199713,-1.8637515,0.06600221,0.049656622
momentum|9m-0m,126,2,40.43889021765128,-0.9307004,0.068427995,0.06381536
momentum|9m-0m,126,3,40.336283185840706,-0.56450987,0.07060738,0.0661763
momentum|9m-0m,126,4,40.45491509208323,-0.29668626,0.06799017,0.06310904
momentum|9m-0m,126,5,40.55991389619708,-0.070055924,0.06965625,0.06439626
momentum|9m-0m,126,6,40.262377421669456,0.1411137,0.06751926,0.062454868
momentum|9m-0m,126,7,40.380770150681656,0.35716155,0.06780871,0.062354457
momentum|9m-0m,126,8,40.4156900263095,0.5953859,0.06699663,0.061103877
momentum|9m-0m,126,9,40.344893566132505,0.9114202,0.06997103,0.061904974
momentum|9m-0m,126,10,40.83544606553456,1.6864399,0.078937314,0.06177433
momentum|9m-0m,252,1,38.478832815116,-1.8668,0.15085548,0.11068636
momentum|9m-0m,252,2,38.94833771824922,-0.93184084,0.14939766,0.1340876
momentum|9m-0m,252,3,38.842382205214065,-0.5645129,0.1454441,0.13024966
momentum|9m-0m,252,4,38.957665630232,-0.29569152,0.13936825,0.12497292
momentum|9m-0m,252,5,39.0466395599139,-0.06823937,0.13940717,0.12538823
momentum|9m-0m,252,6,38.757713465678066,0.14335246,0.13803606,0.12474382
momentum|9m-0m,252,7,38.88399904329108,0.35950372,0.13840878,0.12620191
momentum|9m-0m,252,8,38.90337239894762,0.59778196,0.13747519,0.12403783
momentum|9m-0m,252,9,38.84716574982062,0.9130534,0.14285563,0.12741226
momentum|9m-0m,252,10,39.319062425257115,1.6810533,0.15221289,0.11914254
momentum|9m-1m,1,1,41.49318344893566,-1.848564,0.0006290601,0.00038486905
momentum|9m-1m,1,2,41.954317149007416,-0.9293201,0.000534064,0.0004586125
momentum|9m-1m,1,3,41.84070796460177,-0.5669714,0.0006248149,0.00054198626
momentum|9m-1m,1,4,41.94905524994021,-0.3012876,0.00051832804,0.00054896076
momentum|9m-1m,1,5,42.055728294666345,-0.073640086,0.0005735278,0.00050880277
momentum|9m-1m,1,6,41.744797895240374,0.13828872,0.00058591197,0.0005905238
momentum|9m-1m,1,7,41.87873714422387,0.35246444,0.00056609226,0.00055298995
momentum|9m-1m,1,8,41.91174360200909,0.5915298,0.000527339,0.0005932512
momentum|9m-1m,1,9,41.882085625448454,0.9067815,0.00059459085,0.00060399284
momentum|9m-1m,1,10,42.368572111934945,1.6964493,0.0006938373,0.00059058674
momentum|9m-1m,5,1,41.44654388902177,-1.8485903,0.0031137352,0.0026526707
momentum|9m-1m,5,2,41.906242525711555,-0.92936337,0.0027099405,0.0025171896
momentum|9m-1m,5,3,41.79191580961493,-0.56702304,0.002971152,0.0027651447
momentum|9m-1m,5,4,41.90050227218369,-0.3013349,0.002726035,0.0027241989
momentum|9m-1m,5,5,42.00717531690983,-0.07363484,0.002731325,0.0026314377
momentum|9m-1m,5,6,41.69720162640517,0.13833135,0.002920041,0.0028178343
momentum|9m-1m,5,7,41.83066252092801,0.3525362,0.0026797727,0.0026281897
momentum|9m-1m,5,8,41.86366897871323,0.5916278,0.0026297045,0.00257595
momentum|9m-1m,5,9,41.831619229849316,0.9068998,0.0029742762,0.0027527832
momentum|9m-1m,5,10,42.31810571633581,1.6963007,0.0033865606,0.002846941
momentum|9m-1m,10,1,41.387945467591486,-1.8486696,0.006065729,0.005201342
momentum|9m-1m,10,2,41.845252331977996,-0.9294556,0.0054244315,0.005449657
momentum|9m-1m,10,3,41.73140397034202,-0.56707835,0.0056749377,0.0055183843
momentum|9m-1m,10,4,41.840229610141115,-0.3013728,0.005487083,0.0052385125
momentum|9m-1m,10,5,41.94785936378857,-0.07363226,0.005471457,0.0051917047
momentum|9m-1m,10,6,41.63668978713226,0.1383691,0.005620386,0.0053943056
momentum|9m-1m,10,7,41.770629036115764,0.35261753,0.0054672225,0.0052997284
momentum|9m-1m,10,8,41.80243960774934,0.59176636,0.00524512,0.0050660307
momentum|9m-1m,10,9,41.76895479550347,0.90710294,0.005765667,0.0054694703
momentum|9m-1m,10,10,42.255919636450606,1.6961174,0.006597834,0.0053903614
momentum|9m-1m,21,1,41.2592681176752,-1.8490678,0.012136995,0.010547156
momentum|9m-1m,21,2,41.71203061468548,-0.929707,0.011622918,0.011416967
momentum|9m-1m,21,3,41.59794307581918,-0.5672077,0.011888066,0.0116044115
momentum|9m-1m,21,4,41.7086821334609,-0.30142328,0.011658728,0.011337577
momentum|9m-1m,21,5,41.815833532647694,-0.0735797,0.011942972,0.01144517
momentum|9m-1m,21,6,41.50705572829467,0.13853212,0.011907894,0.0116410805
momentum|9m-1m,21,7,41.63668978713226,0.35291004,0.011587329,0.011242201
momentum|9m-1m,21,8,41.66993542214781,0.5921378,0.011208313,0.010472782
momentum|9m-1m,21,9,41.63501554651997,0.907637,0.011721976,0.011054116
momentum|9m-1m,21,10,42.11624013393925,1.6955833,0.013624934,0.010696136
momentum|9m-1m,42,1,41.012676393207364,-1.8504095,0.022896403,0.01893106
momentum|9m-1m,42,2,41.46089452284143,-0.9300173,0.022603074,0.021741103
momentum|9m-1m,42,3,41.34250179382923,-0.5674097,0.023530586,0.02206852
momentum|9m-1m,42,4,41.456110978234875,-0.3014244,0.022642557,0.021753639
momentum|9m-1m,42,5,41.56326237742167,-0.073315024,0.023588583,0.022628378
momentum|9m-1m,42,6,41.258789763214544,0.13908526,0.023913583,0.022842966
momentum|9m-1m,42,7,41.379574264530014,0.35369557,0.023380889,0.02202145
momentum|9m-1m,42,8,41.41736426692179,0.5929663,0.022294983,0.020485863
momentum|9m-1m,42,9,41.37526907438412,0.9085121,0.023059124,0.021368125
momentum|9m-1m,42,10,41.853862712269795,1.694148,0.02868537,0.024265192
momentum|9m-1m,63,1,40.76656302320019,-1.8522812,0.03366475,0.02731742
momentum|9m-1m,63,2,41.20306146854819,-0.9304199,0.033213604,0.03097771
momentum|9m-1m,63,3,41.084668739536,-0.5676284,0.03454701,0.03313142
momentum|9m-1m,63,4,41.2083233676154,-0.3013781,0.033381183,0.032433555
momentum|9m-1m,63,5,41.3085386271227,-0.072961524,0.03445946,0.032407403
momentum|9m-1m,63,6,41.00717531690983,0.13966647,0.034994848,0.032737646
momentum|9m-1m,63,7,41.12724228653432,0.354543,0.033943426,0.031409945
momentum|9m-1m,63,8,41.16359722554413,0.59396577,0.033490125,0.030025844
momentum|9m-1m,63,9,41.11863190624253,0.9097382,0.035175562,0.03183627
momentum|9m-1m,63,10,41.60009567089213,1.6925616,0.04226601,0.03516429
momentum|9m-1m,126,1,40.010523798134415,-1.8561193,0.06566653,0.049828414
momentum|9m-1m,126,2,40.431954077971774,-0.93227077,0.069218665,0.06415901
momentum|9m-1m,126,3,40.331260464003826,-0.56846297,0.07060685,0.06592278
momentum|9m-1m,126,4,40.4451088256398,-0.30138,0.067264944,0.06273888
momentum|9m-1m,126,5,40.5548911743602,-0.07229809,0.06765672,0.062706865
momentum|9m-1m,126,6,40.257354699832575,0.14093712,0.06848795,0.06341115
momentum|9m-1m,126,7,40.37311647931117,0.35643032,0.06800415,0.0627974
momentum|9m-1m,126,8,40.412580722315234,0.5965535,0.06697097,0.06046522
momentum|9m-1m,126,9,40.358526668261185,0.9128245,0.06994908,0.06289701
momentum|9m-1m,126,10,40.83855536952882,1.6896434,0.08013312,0.063140795
momentum|9m-1m,252,1,38.473331738818466,-1.8584092,0.15105669,0.110837035
momentum|9m-1m,252,2,38.94522841425496,-0.9331471,0.1509917,0.1327574
momentum|9m-1m,252,3,38.839512078450134,-0.56826913,0.14530705,0.13054045
momentum|9m-1m,252,4,38.94355417364267,-0.30042693,0.13782658,0.122729704
momentum|9m-1m,252,5,39.038507534082754,-0.070751645,0.13786721,0.12311451
momentum|9m-1m,252,6,38.76249701028462,0.14265329,0.13999718,0.1268217
momentum|9m-1m,252,7,38.87801961253289,0.35829163,0.13975006,0.12554981
momentum|9m-1m,252,8,38.89811049988041,0.5986719,0.1398439,0.12736855
momentum|9m-1m,252,9,38.85936378856733,0.9142284,0.13984254,0.12550372
momentum|9m-1m,252,10,39.316909830184166,1.6849611,0.15100412,0.120376974
momentum|9m-2m,1,1,41.49222674001435,-1.8412731,0.00065522885,0.00039972508
momentum|9m-2m,1,2,41.95025113609184,-0.93096066,0.0005593139,0.0004973443
momentum|9m-2m,1,3,41.83831619229849,-0.5712451,0.00054214394,0.0005170208
momentum|9m-2m,1,4,41.941640755800044,-0.30574694,0.00055624696,0.00054429896
momentum|9m-2m,1,5,42.05812006696962,-0.07742609,0.00061700726,0.0005997759
momentum|9m-2m,1,6,41.74312365462808,0.13542067,0.00057737646,0.0005621947
momentum|9m-2m,1,7,41.871801004544366,0.35160264,0.0006065874,0.0006121252
momentum|9m-2m,1,8,41.90767758909352,0.593142,0.00048332865,0.00052567536
momentum|9m-2m,1,9,41.88184644821813,0.9120825,0.0005511604,0.0005968593
momentum|9m-2m,1,10,42.36594116240134,1.7000659,0.00069881126,0.0005864158
momentum|9m-2m,5,1,41.445348002870126,-1.8414423,0.0032920523,0.0025825927
momentum|9m-2m,5,2,41.902654867256636,-0.93098396,0.0027868275,0.0026422336
momentum|9m-2m,5,3,41.78952403731165,-0.5712909,0.0026607164,0.0025903287
momentum|9m-2m,5,4,41.89380530973451,-0.30576298,0.0027785324,0.0027315142
momentum|9m-2m,5,5,42.00932791198278,-0.07739312,0.0029179275,0.0027841649
momentum|9m-2m,5,6,41.69361396795025,0.13549738,0.0027557681,0.002762078
momentum|9m-2m,5,7,41.82396555847883,0.35171735,0.0029067867,0.0028369562
momentum|9m-2m,5,8,41.858885434106675,0.5933012,0.0026072105,0.0024843896
momentum|9m-2m,5,9,41.83353264769194,0.9122268,0.0026643092,0.0027691973
momentum|9m-2m,5,10,42.314757235111216,1.6998186,0.003460892,0.0029475894
momentum|9m-2m,10,1,41.386749581439844,-1.8416927,0.0063820314,0.005313729
momentum|9m-2m,10,2,41.84262138244439,-0.9310498,0.005343212,0.005243015
momentum|9m-2m,10,3,41.72877302080842,-0.5713261,0.0051625953,0.00511225
momentum|9m-2m,10,4,41.833771824922266,-0.30575785,0.0056749852,0.005466614
momentum|9m-2m,10,5,41.94905524994021,-0.07733646,0.0057441825,0.005386758
momentum|9m-2m,10,6,41.63310212867735,0.13562202,0.005288149,0.0050628334
momentum|9m-2m,10,7,41.76393207366659,0.3518865,0.0057222582,0.0056050452
momentum|9m-2m,10,8,41.79765606314279,0.593493,0.005381977,0.0050322446
momentum|9m-2m,10,9,41.77230327672805,0.9123694,0.0053657773,0.0052130334
momentum|9m-2m,10,10,42.251614446304714,1.6995196,0.006750153,0.0055711474
momentum|9m-2m,21,1,41.25783305429323,-1.8423396,0.012211153,0.010397207
momentum|9m-2m,21,2,41.708203779000236,-0.9311278,0.011235167,0.010529929
momentum|9m-2m,21,3,41.59602965797656,-0.57139546,0.011410488,0.010999553
momentum|9m-2m,21,4,41.70150681655107,-0.30573627,0.012108146,0.01173084
momentum|9m-2m,21,5,41.816551064338675,-0.07719634,0.01177426,0.0113438
momentum|9m-2m,21,6,41.502989715379094,0.13587794,0.011300081,0.0111378785
momentum|9m-2m,21,7,41.63047117914375,0.35224637,0.012017503,0.011498796
momentum|9m-2m,21,8,41.66586940923224,0.593881,0.011231093,0.010518173
momentum|9m-2m,21,9,41.63597225544128,0.9126878,0.011719898,0.011128002
momentum|9m-2m,21,10,42.114565893326954,1.6988587,0.014283301,0.011565984
momentum|9m-2m,42,1,41.01148050705573,-1.8435075,0.022932319,0.018770833
momentum|9m-2m,42,2,41.45324085147094,-0.9314071,0.022875283,0.021459358
momentum|9m-2m,42,3,41.34106673044726,-0.5716441,0.022762142,0.022018915
momentum|9m-2m,42,4,41.44702224348242,-0.30572617,0.023026008,0.022324655
momentum|9m-2m,42,5,41.56206649127003,-0.07695371,0.023254165,0.022404104
momentum|9m-2m,42,6,41.253288686917,0.13636579,0.022969466,0.021780696
momentum|9m-2m,42,7,41.37670413776608,0.35293168,0.02323874,0.02190765
momentum|9m-2m,42,8,41.41234154508491,0.59467876,0.022932634,0.021344554
momentum|9m-2m,42,9,41.38172685960296,0.9135213,0.023462093,0.02150525
momentum|9m-2m,42,10,41.85410188950012,1.697491,0.029146392,0.024487687
momentum|9m-2m,63,1,40.765606314278884,-1.8449519,0.033526238,0.027427996
momentum|9m-2m,63,2,41.193494379335085,-0.93190044,0.034051105,0.031988237
momentum|9m-2m,63,3,41.08514709399665,-0.57180065,0.03313098,0.031560387
momentum|9m-2m,63,4,41.195646974408035,-0.3056327,0.033666782,0.032786522
momentum|9m-2m,63,5,41.30925615881368,-0.07669676,0.033716623,0.032348856
momentum|9m-2m,63,6,40.99784740492705,0.13680092,0.03352167,0.03120578
momentum|9m-2m,63,7,41.12628557761301,0.35356247,0.03421008,0.03126951
momentum|9m-2m,63,8,41.16096627601053,0.59556514,0.034962665,0.03195081
momentum|9m-2m,63,9,41.13059076775891,0.9144996,0.035172805,0.032310832
momentum|9m-2m,63,10,41.596747189667546,1.6963036,0.043208554,0.03606741
momentum|9m-2m,126,1,40.003348481224585,-1.8489519,0.065461874,0.05011263
momentum|9m-2m,126,2,40.42406122937096,-0.9336365,0.07091273,0.06574951
momentum|9m-2m,126,3,40.332695527385795,-0.57250154,0.06969239,0.06453832
momentum|9m-2m,126,4,40.42884477397752,-0.30560845,0.067461975,0.062338527
momentum|9m-2m,126,5,40.555369528820854,-0.075912915,0.06645345,0.061739698
momentum|9m-2m,126,6,40.24826596508012,0.1381679,0.06696696,0.06214023
momentum|9m-2m,126,7,40.37000717531691,0.35562053,0.06799089,0.062870115
momentum|9m-2m,126,8,40.41234154508491,0.5981716,0.068816036,0.06268582
momentum|9m-2m,126,9,40.37192059315953,0.91745317,0.069606274,0.06298003
momentum|9m-2m,126,10,40.839512078450134,1.693036,0.080634415,0.06437066
momentum|9m-2m,252,1,38.46687395359962,-1.8506988,0.1503521,0.11245144
momentum|9m-2m,252,2,38.93637885673284,-0.934092,0.15006338,0.1304218
momentum|9m-2m,252,3,38.840947141832096,-0.57245475,0.14463782,0.12559891
momentum|9m-2m,252,4,38.93231284381727,-0.3049532,0.14076902,0.124977976
momentum|9m-2m,252,5,39.03826835685243,-0.074692085,0.13777044,0.12382992
momentum|9m-2m,252,6,38.75460416168381,0.13957274,0.13831955,0.12446328
momentum|9m-2m,252,7,38.87443195407797,0.35724708,0.1405165,0.12710896
momentum|9m-2m,252,8,38.89930638603205,0.6001757,0.14069861,0.128491
momentum|9m-2m,252,9,38.868213346089455,0.91888136,0.1396292,0.1256018
momentum|9m-2m,252,10,39.31667065295384,1.6887099,0.1507778,0.12180438
momentum|12m-0m,1,1,41.46256876345372,-1.8483791,0.0006629069,0.00038946033
momentum|12m-0m,1,2,41.912939488160724,-0.9251828,0.00052048726,0.00044051636
momentum|12m-0m,1,3,41.79693853145181,-0.5583539,0.0005828577,0.0005233866
momentum|12m-0m,1,4,41.907916766323844,-0.29840314,0.0005603003,0.0005502247
momentum|12m-0m,1,5,42.01674240612294,-0.074538685,0.00058554317,0.0005257395
momentum|12m-0m,1,6,41.723271944510884,0.13648504,0.000630004,0.0005899672
momentum|12m-0m,1,7,41.83329347046161,0.34756163,0.00058058253,0.00059409346
momentum|12m-0m,1,8,41.871801004544366,0.5849349,0.0005191924,0.0005556293
momentum|12m-0m,1,9,41.83712030614686,0.89888,0.00055994163,0.00056278374
momentum|12m-0m,1,10,42.35087299689069,1.7021587,0.00064740353,0.0005299572
momentum|12m-0m,5,1,41.4156900263095,-1.8486923,0.0032376866,0.0025420897
momentum|12m-0m,5,2,41.86510404209519,-0.92529774,0.002694908,0.00255554
momentum|12m-0m,5,3,41.74814637646496,-0.558391,0.0028183681,0.0027808922
momentum|12m-0m,5,4,41.859124611337,-0.29837266,0.002756837,0.002595961
momentum|12m-0m,5,5,41.9689069600574,-0.07445447,0.0029663104,0.0028407963
momentum|12m-0m,5,6,41.67639320736666,0.13661358,0.0030428907,0.0029277594
momentum|12m-0m,5,7,41.78521884716575,0.34769014,0.0028587913,0.0028050335
momentum|12m-0m,5,8,41.82253049509686,0.5850968,0.0025687565,0.0025161852
momentum|12m-0m,5,9,41.78904568285099,0.89907044,0.00260827,0.0025319916
momentum|12m-0m,5,10,42.30016742406123,1.7019042,0.0032881792,0.0028508692
momentum|12m-0m,10,1,41.357091604879216,-1.849029,0.006117505,0.005068831
momentum|12m-0m,10,2,41.80530973451327,-0.9254102,0.0054264567,0.0053171753
momentum|12m-0m,10,3,41.68715618273141,-0.55847424,0.005548049,0.0055391337
momentum|12m-0m,10,4,41.79837359483377,-0.2983779,0.005328985,0.005114994
momentum|12m-0m,10,5,41.909112652475486,-0.07438522,0.005891397,0.0054403874
momentum|12m-0m,10,6,41.61755560870605,0.13675478,0.006021802,0.005776153
momentum|12m-0m,10,7,41.72494618512317,0.3478562,0.0058247433,0.0055359853
momentum|12m-0m,10,8,41.76106194690266,0.5852902,0.005041172,0.0049412046
momentum|12m-0m,10,9,41.727577134656784,0.89929354,0.005154716,0.004891305
momentum|12m-0m,10,10,42.23845969863669,1.7016479,0.006484819,0.0055687726
momentum|12m-0m,21,1,41.2281750777326,-1.8495631,0.012349859,0.011199369
momentum|12m-0m,21,2,41.672327194451086,-0.9256914,0.011254673,0.010982729
momentum|12m-0m,21,3,41.5522602248266,-0.5586786,0.011956304,0.011676126
momentum|12m-0m,21,4,41.6689787132265,-0.29841036,0.011465397,0.011004219
momentum|12m-0m,21,5,41.77756517579527,-0.07425644,0.012229556,0.011511217
momentum|12m-0m,21,6,41.48600813202583,0.13696022,0.012541221,0.012325694
momentum|12m-0m,21,7,41.59483377182492,0.34813207,0.012436347,0.011824687
momentum|12m-0m,21,8,41.62305668500359,0.5856769,0.011059683,0.010547281
momentum|12m-0m,21,9,41.59483377182492,0.899783,0.010862428,0.009930887
momentum|12m-0m,21,10,42.10260703181057,1.701221,0.013192071,0.010703261
momentum|12m-0m,42,1,40.97943075819182,-1.8507968,0.022769796,0.019692387
momentum|12m-0m,42,2,41.41856015307343,-0.92638785,0.02289074,0.022472952
momentum|12m-0m,42,3,41.29586223391533,-0.5590952,0.023897357,0.022645107
momentum|12m-0m,42,4,41.41999521645539,-0.29848045,0.023386037,0.021875858
momentum|12m-0m,42,5,41.525711552260226,-0.074069545,0.024376,0.022787627
momentum|12m-0m,42,6,41.235111217412104,0.1374575,0.02465606,0.02360662
momentum|12m-0m,42,7,41.34728533843578,0.34891444,0.024227228,0.023191685
momentum|12m-0m,42,8,41.3647452762497,0.5866542,0.022141516,0.020025004
momentum|12m-0m,42,9,41.340588375986606,0.9008954,0.02249105,0.020320265
momentum|12m-0m,42,10,41.84166467352308,1.700068,0.025850192,0.02090671
momentum|12m-0m,63,1,40.72662042573547,-1.8524058,0.03288943,0.026439197
momentum|12m-0m,63,2,41.164075580004784,-0.92709666,0.03427503,0.032587934
momentum|12m-0m,63,3,41.039703420234396,-0.55941725,0.035526074,0.0331582
momentum|12m-0m,63,4,41.17244678306625,-0.2984312,0.03493443,0.032045975
momentum|12m-0m,63,5,41.27433628318584,-0.07372916,0.03591928,0.03373856
momentum|12m-0m,63,6,40.98541018895001,0.13808498,0.036093023,0.033689603
momentum|12m-0m,63,7,41.097345132743364,0.3498198,0.03565934,0.033365175
momentum|12m-0m,63,8,41.10643386749582,0.58778155,0.032677937,0.029524269
momentum|12m-0m,63,9,41.084668739536,0.9019232,0.03321426,0.029962823
momentum|12m-0m,63,10,41.58502750538149,1.698592,0.038132656,0.02952735
momentum|12m-0m,126,1,39.958622339153315,-1.8563148,0.066287026,0.049466852
momentum|12m-0m,126,2,40.40205692418082,-0.9288115,0.07080628,0.064225234
momentum|12m-0m,126,3,40.28916527146615,-0.55991954,0.07198491,0.06820898
momentum|12m-0m,126,4,40.41353743123655,-0.29800078,0.069407955,0.06426983
momentum|12m-0m,126,5,40.520210475962685,-0.07284083,0.069015265,0.06475171
momentum|12m-0m,126,6,40.24252571155226,0.13969438,0.06805797,0.06403508
momentum|12m-0m,126,7,40.337957426453,0.35196418,0.067848675,0.06347569
momentum|12m-0m,126,8,40.351351351351354,0.5904797,0.06499663,0.058722142
momentum|12m-0m,126,9,40.323367615403015,0.9045281,0.06850998,0.06028256
momentum|12m-0m,126,10,40.82013872279359,1.6945975,0.077046804,0.059705205
momentum|12m-0m,252,1,38.421669457067686,-1.8596907,0.15349278,0.11316467
momentum|12m-0m,252,2,38.90719923463286,-0.93032056,0.15004131,0.13328548
momentum|12m-0m,252,3,38.79478593637886,-0.55931926,0.14782023,0.13257477
momentum|12m-0m,252,4,38.91652714661564,-0.296404,0.14396855,0.12745625
momentum|12m-0m,252,5,39.00574025352786,-0.07135656,0.14142515,0.12776326
momentum|12m-0m,252,6,38.747668022004305,0.14144652,0.13762045,0.1261801
momentum|12m-0m,252,7,38.84333891413537,0.35412705,0.13529187,0.12368039
momentum|12m-0m,252,8,38.83496771107391,0.5927276,0.13145562,0.11820989
momentum|12m-0m,252,9,38.82324802678785,0.90602976,0.14082344,0.12500453
momentum|12m-0m,252,10,39.31140875388663,1.689849,0.15116817,0.12075699
momentum|12m-1m,1,1,41.45945945945946,-1.8419569,0.0005752887,0.00032417147
momentum|12m-1m,1,2,41.90743841186319,-0.9244506,0.0005093489,0.00042741979
momentum|12m-1m,1,3,41.79885194929443,-0.56110805,0.000607722,0.00053571386
momentum|12m-1m,1,4,41.900741449414014,-0.3017876,0.0005773831,0.0005150111
momentum|12m-1m,1,5,42.01219803874671,-0.077766,0.00056596164,0.0005490372
momentum|12m-1m,1,6,41.72590289404449,0.13337469,0.0006132281,0.0005950259
momentum|12m-1m,1,7,41.82492226740014,0.34585398,0.0005245767,0.00053840404
momentum|12m-1m,1,8,41.87419277684764,0.58525807,0.0005759714,0.0005783621
momentum|12m-1m,1,9,41.83042334369768,0.900446,0.0005997197,0.0006095397
momentum|12m-1m,1,10,42.351351351351354,1.707135,0.00069955253,0.0006151028
momentum|12m-1m,5,1,41.41281989954556,-1.8422209,0.0030245592,0.0025032621
momentum|12m-1m,5,2,41.85936378856733,-0.9245553,0.0026046464,0.0024824194
momentum|12m-1m,5,3,41.75005979430758,-0.5611335,0.0028697152,0.0027805197
momentum|12m-1m,5,4,41.8521884716575,-0.30177265,0.002746609,0.00260395
momentum|12m-1m,5,5,41.96436259268118,-0.077711776,0.002968782,0.0028669497
momentum|12m-1m,5,6,41.67902415690026,0.1334658,0.0028956567,0.0026898955
momentum|12m-1m,5,7,41.777086821334606,0.34598807,0.002757251,0.0027707862
momentum|12m-1m,5,8,41.824443912939486,0.5854172,0.0027449573,0.0026780583
momentum|12m-1m,5,9,41.781392011480506,0.90062684,0.0028130908,0.0026693498
momentum|12m-1m,5,10,42.301841664673525,1.7069113,0.0034235234,0.0030954522
momentum|12m-1m,10,1,41.354221478115285,-1.8425459,0.0058701835,0.005030688
momentum|12m-1m,10,2,41.79980865821574,-0.92469054,0.0052994466,0.0051226895
momentum|12m-1m,10,3,41.68835206888304,-0.5612121,0.0056726052,0.005566329
momentum|12m-1m,10,4,41.79191580961493,-0.3017885,0.005503983,0.0053772423
momentum|12m-1m,10,5,41.90385075340828,-0.077663235,0.005821014,0.005464705
momentum|12m-1m,10,6,41.619947381009325,0.1335781,0.00571096,0.005539559
momentum|12m-1m,10,7,41.71705333652236,0.34615952,0.0055269077,0.0053678476
momentum|12m-1m,10,8,41.76225783305429,0.58564955,0.005293193,0.0050046192
momentum|12m-1m,10,9,41.72088017220761,0.90088075,0.005613328,0.005186321
momentum|12m-1m,10,10,42.24061229370964,1.706649,0.006537909,0.0056194155
momentum|12m-1m,21,1,41.22482659650801,-1.8432429,0.011938943,0.010500429
momentum|12m-1m,21,2,41.66706529538388,-0.925089,0.011285642,0.011031275
momentum|12m-1m,21,3,41.55345611097823,-0.5614368,0.01180621,0.011668093
momentum|12m-1m,21,4,41.66084668739536,-0.3018432,0.012155946,0.011457175
momentum|12m-1m,21,5,41.771346567806745,-0.07757308,0.012110727,0.011554263
momentum|12m-1m,21,6,41.48816072709878,0.1338293,0.012245534,0.012065369
momentum|12m-1m,21,7,41.58670174599378,0.34657407,0.011594415,0.011048917
momentum|12m-1m,21,8,41.62784022961014,0.5861827,0.011339868,0.01071399
momentum|12m-1m,21,9,41.58670174599378,0.90157104,0.0118424855,0.010639702
momentum|12m-1m,21,10,42.1054771585745,1.7060214,0.013048769,0.010850692
momentum|12m-1m,42,1,40.975125568045925,-1.8447986,0.022139827,0.018678516
momentum|12m-1m,42,2,41.41353743123655,-0.9258992,0.022227269,0.021372346
momentum|12m-1m,42,3,41.29442717053337,-0.56174153,0.023683986,0.023008142
momentum|12m-1m,42,4,41.41281989954556,-0.30179203,0.024616525,0.02267994
momentum|12m-1m,42,5,41.520688830423346,-0.07726996,0.024312465,0.023175018
momentum|12m-1m,42,6,41.23774216694571,0.13443124,0.02435723,0.023248024
momentum|12m-1m,42,7,41.33915331260464,0.34748998,0.02317245,0.021939833
momentum|12m-1m,42,8,41.372398947620184,0.58729666,0.022608401,0.021156091
momentum|12m-1m,42,9,41.327672805548914,0.9027258,0.023681818,0.020735474
momentum|12m-1m,42,10,41.84764410428127,1.704519,0.02588249,0.021477632
momentum|12m-1m,63,1,40.718966754364985,-1.8463055,0.0324234,0.026296875
momentum|12m-1m,63,2,41.16240133939249,-0.9266383,0.034104,0.032603577
momentum|12m-1m,63,3,41.0353982300885,-0.56207573,0.035311423,0.033214144
momentum|12m-1m,63,4,41.163118871083476,-0.30171674,0.03618981,0.0330785
momentum|12m-1m,63,5,41.269552738579286,-0.07704081,0.03531839,0.032932542
momentum|12m-1m,63,6,40.98780196125329,0.13499427,0.035623763,0.033102047
momentum|12m-1m,63,7,41.08921310691222,0.3483687,0.03425578,0.031631187
momentum|12m-1m,63,8,41.11934943793351,0.5884363,0.032872874,0.029771527
momentum|12m-1m,63,9,41.069361396795024,0.9039017,0.035020635,0.031116636
momentum|12m-1m,63,10,41.59315953121263,1.7030114,0.0382073,0.030423062
momentum|12m-1m,126,1,39.950968667782824,-1.8502094,0.06530281,0.048931316
momentum|12m-1m,126,2,40.39368572111935,-0.9284363,0.07148466,0.06530466
momentum|12m-1m,126,3,40.290361157617795,-0.5624583,0.07141314,0.06769248
momentum|12m-1m,126,4,40.40612293709639,-0.3013224,0.07065847,0.064567275
momentum|12m-1m,126,5,40.51542693135613,-0.07607679,0.06886408,0.06427328
momentum|12m-1m,126,6,40.237981344176035,0.1366414,0.06676186,0.06285913
momentum|12m-1m,126,7,40.32791198277924,0.35059047,0.066189416,0.060945876
momentum|12m-1m,126,8,40.36378856732839,0.5910266,0.06554385,0.059602816
momentum|12m-1m,126,9,40.31140875388663,0.9062423,0.07022724,0.062496323
momentum|12m-1m,126,10,40.83329347046161,1.6992252,0.07740425,0.06114633
momentum|12m-1m,252,1,38.41425496292753,-1.8531004,0.15432645,0.111357905
momentum|12m-1m,252,2,38.90217651279598,-0.9296522,0.15282594,0.13547549
momentum|12m-1m,252,3,38.79239416407558,-0.56203395,0.1443038,0.1314504
momentum|12m-1m,252,4,38.91102607031811,-0.3000838,0.14449713,0.1268556
momentum|12m-1m,252,5,39.00502272183688,-0.07454747,0.13989423,0.12650914
momentum|12m-1m,252,6,38.74168859124612,0.13838401,0.13565162,0.124310076
momentum|12m-1m,252,7,38.830901698158335,0.3525378,0.13582182,0.12248774
momentum|12m-1m,252,8,38.85075340827553,0.592933,0.13395695,0.12146917
momentum|12m-1m,252,9,38.81033245635015,0.9075474,0.14139405,0.12610304
momentum|12m-1m,252,10,39.321215020330065,1.6949718,0.15049821,0.12157085
momentum|12m-2m,1,1,41.45706768715618,-1.8382368,0.0005996378,0.0003586314
momentum|12m-2m,1,2,41.901458981105,-0.9250682,0.00051329134,0.0004248918
momentum|12m-2m,1,3,41.79765606314279,-0.56454176,0.00058423495,0.0005648174
momentum|12m-2m,1,4,41.89667543649845,-0.30348468,0.0006217102,0.0005563064
momentum|12m-2m,1,5,42.0112413298254,-0.07822658,0.0005776197,0.00058763905
momentum|12m-2m,1,6,41.72279359005023,0.13109374,0.0006088794,0.0005956582
momentum|12m-2m,1,7,41.819421191102606,0.34507746,0.0005474665,0.0005593862
momentum|12m-2m,1,8,41.87347524515666,0.5856957,0.000530062,0.000550347
momentum|12m-2m,1,9,41.82492226740014,0.90250695,0.00059501355,0.0006120245
momentum|12m-2m,1,10,42.3535039464243,1.7098812,0.00067432784,0.0005682524
momentum|12m-2m,5,1,41.41018895001196,-1.8385807,0.002831152,0.0023178565
momentum|12m-2m,5,2,41.853862712269795,-0.9251554,0.0027651335,0.0024995578
momentum|12m-2m,5,3,41.74814637646496,-0.5645872,0.0029231529,0.0028178014
momentum|12m-2m,5,4,41.84836163597225,-0.30347615,0.003044477,0.00288548
momentum|12m-2m,5,5,41.96340588375987,-0.07817497,0.002938593,0.0028975448
momentum|12m-2m,5,6,41.67567567567568,0.13121453,0.0028440265,0.0026500735
momentum|12m-2m,5,7,41.769911504424776,0.34525648,0.0026430525,0.0026352748
momentum|12m-2m,5,8,41.82563979909113,0.58589303,0.0026764015,0.0026018268
momentum|12m-2m,5,9,41.775651757952645,0.9027142,0.002862368,0.0027935684
momentum|12m-2m,5,10,42.3042334369768,1.7096007,0.003320108,0.0029807067
momentum|12m-2m,10,1,41.35159052858168,-1.8390355,0.0054843235,0.0045459596
momentum|12m-2m,10,2,41.79406840468788,-0.9252891,0.0054600383,0.005140089
momentum|12m-2m,10,3,41.68643865104042,-0.56464475,0.00562763,0.005535336
momentum|12m-2m,10,4,41.78761061946903,-0.30344716,0.0061438433,0.0057368902
momentum|12m-2m,10,5,41.90337239894762,-0.07809187,0.005739217,0.005531852
momentum|12m-2m,10,6,41.61612054532409,0.13138476,0.005717269,0.005332358
momentum|12m-2m,10,7,41.70939966515188,0.34548512,0.0052839518,0.005180069
momentum|12m-2m,10,8,41.76608466873954,0.5861405,0.0053361873,0.0052339807
momentum|12m-2m,10,9,41.71346567806745,0.9029796,0.005610976,0.0053138
momentum|12m-2m,10,10,42.24324324324324,1.7092255,0.006446993,0.0056809806
momentum|12m-2m,21,1,41.222195646974406,-1.8399355,0.010945112,0.009077325
momentum|12m-2m,21,2,41.66108586462569,-0.92566097,0.011601234,0.011052486
momentum|12m-2m,21,3,41.54962927529299,-0.5647577,0.011718651,0.011328705
momentum|12m-2m,21,4,41.657976560631425,-0.30341405,0.012840196,0.012079535
momentum|12m-2m,21,5,41.771346567806745,-0.07790837,0.012090951,0.011574628
momentum|12m-2m,21,6,41.48505142310452,0.13168196,0.012139712,0.011448124
momentum|12m-2m,21,7,41.57785218847166,0.3459663,0.011620691,0.011165698
momentum|12m-2m,21,8,41.63405883759866,0.58668226,0.01112854,0.010540451
momentum|12m-2m,21,9,41.57713465678067,0.9036267,0.011845292,0.011134072
momentum|12m-2m,21,10,42.10906481702942,1.7084475,0.013410477,0.011598877
momentum|12m-2m,42,1,40.97105955513035,-1.8413993,0.020982612,0.017078977
momentum|12m-2m,42,2,41.40205692418082,-0.9264407,0.023611438,0.022512304
momentum|12m-2m,42,3,41.29634058837598,-0.56508356,0.023614846,0.022868745
momentum|12m-2m,42,4,41.4070796460177,-0.30335826,0.024657318,0.022978915
momentum|12m-2m,42,5,41.520210475962685,-0.07766325,0.023618927,0.022081083
momentum|12m-2m,42,6,41.234393685721116,0.13217986,0.023644991,0.022376673
momentum|12m-2m,42,7,41.329825400621864,0.34681594,0.023915108,0.022903038
momentum|12m-2m,42,8,41.380291796221,0.5877677,0.022010904,0.020583075
momentum|12m-2m,42,9,41.32217172925137,0.9048766,0.024294337,0.022337157
momentum|12m-2m,42,10,41.85075340827553,1.7070343,0.026307514,0.021907182
momentum|12m-2m,63,1,40.7156182731404,-1.8427349,0.031793386,0.025713306
momentum|12m-2m,63,2,41.14422386988759,-0.9270441,0.035594746,0.034728494
momentum|12m-2m,63,3,41.042334369768,-0.56530374,0.034866218,0.032651186
momentum|12m-2m,63,4,41.15809614924659,-0.30333567,0.035750862,0.032746088
momentum|12m-2m,63,5,41.26907438411863,-0.07751886,0.03426634,0.031213509
momentum|12m-2m,63,6,40.9844534800287,0.13257533,0.03439941,0.032225043
momentum|12m-2m,63,7,41.07916766323846,0.34751663,0.034866214,0.031975552
momentum|12m-2m,63,8,41.125089691461376,0.58871675,0.03367369,0.030785946
momentum|12m-2m,63,9,41.070078928486005,0.9058553,0.03551114,0.032734558
momentum|12m-2m,63,10,41.59315953121263,1.7059929,0.03856958,0.030689405
momentum|12m-2m,126,1,39.94738100932791,-1.8467175,0.065343454,0.047848597
momentum|12m-2m,126,2,40.380052618990675,-0.9283593,0.07294107,0.066933386
momentum|12m-2m,126,3,40.291796220999764,-0.5657619,0.07174315,0.06667571
momentum|12m-2m,126,4,40.39990432910787,-0.30283877,0.07027469,0.065038584
momentum|12m-2m,126,5,40.51710117196843,-0.07617341,0.066231005,0.06220112
momentum|12m-2m,126,6,40.23104520449653,0.13452125,0.06598719,0.06173412
momentum|12m-2m,126,7,40.312604640038266,0.34989494,0.06696518,0.062256623
momentum|12m-2m,126,8,40.367137048552976,0.5910802,0.06679025,0.061708927
momentum|12m-2m,126,9,40.31762736187515,0.9077264,0.07046925,0.06292735
momentum|12m-2m,126,10,40.8392729012198,1.7017542,0.07697859,0.06168026
momentum|12m-2m,252,1,38.40994977278163,-1.8487713,0.15593494,0.11173092
momentum|12m-2m,252,2,38.888304233436976,-0.9292179,0.15260276,0.13549253
momentum|12m-2m,252,3,38.79741688591246,-0.56558627,0.14579268,0.13131574
momentum|12m-2m,252,4,38.90337239894762,-0.30203304,0.14139855,0.12582916
momentum|12m-2m,252,5,39.00956708921311,-0.07505496,0.13694006,0.12338644
momentum|12m-2m,252,6,38.73738340110022,0.13596795,0.13626309,0.12407593
momentum|12m-2m,252,7,38.8124850514231,0.3515364,0.1384139,0.12563762
momentum|12m-2m,252,8,38.8521884716575,0.59294504,0.13616827,0.122744724
momentum|12m-2m,252,9,38.82013872279359,0.90898556,0.1399372,0.1261734
momentum|12m-2m,252,10,39.32288926094236,1.6980131,0.14979897,0.12092721
momentum|18m-0m,1,1,41.3776608466874,-1.8555348,0.000654329,0.0004378073
momentum|18m-0m,1,2,41.81822530495097,-0.9143787,0.0006027142,0.0005387304
momentum|18m-0m,1,3,41.76871561827314,-0.5485717,0.00063951686,0.00058377633
momentum|18m-0m,1,4,41.78808897392968,-0.28687274,0.00050144206,0.00046865037
momentum|18m-0m,1,5,41.956469744080366,-0.06767647,0.0006009401,0.0005926298
momentum|18m-0m,1,6,41.67471896675436,0.13715081,0.00055353076,0.0005334538
momentum|18m-0m,1,7,41.68045922028223,0.34204465,0.00058468396,0.00056883704
momentum|18m-0m,1,8,41.874910308538624,0.5709081,0.0005561046,0.00055702706
momentum|18m-0m,1,9,41.71083472853385,0.8827335,0.0005044202,0.0005418718
momentum|18m-0m,1,10,42.29849318344893,1.7039951,0.00064724486,0.0005526739
momentum|18m-0m,5,1,41.329825400621864,-1.8557713,0.0032125374,0.0026972357
momentum|18m-0m,5,2,41.76943314996412,-0.91454434,0.0029894926,0.0028289445
momentum|18m-0m,5,3,41.72016264051662,-0.5486493,0.002993844,0.002873071
momentum|18m-0m,5,4,41.74001435063382,-0.28685057,0.0026075284,0.002631388
momentum|18m-0m,5,5,41.90863429801483,-0.06760893,0.0029653895,0.0028065466
momentum|18m-0m,5,6,41.62784022961014,0.13726111,0.0027253348,0.002605478
momentum|18m-0m,5,7,41.6326237742167,0.34219542,0.0028435332,0.002731363
momentum|18m-0m,5,8,41.82611815355178,0.5710817,0.002655577,0.0026922144
momentum|18m-0m,5,9,41.662281750777325,0.88287437,0.0025515629,0.0023637046
momentum|18m-0m,5,10,42.248744319540776,1.7038035,0.0032698468,0.00312705
momentum|18m-0m,10,1,41.269552738579286,-1.8560508,0.0061024083,0.005303908
momentum|18m-0m,10,2,41.708921310691224,-0.91473335,0.005910893,0.005713133
momentum|18m-0m,10,3,41.65917244678307,-0.54873544,0.005692453,0.005563603
momentum|18m-0m,10,4,41.68045922028223,-0.286831,0.0052287634,0.005216821
momentum|18m-0m,10,5,41.848839990432914,-0.06753639,0.005862099,0.0055860165
momentum|18m-0m,10,6,41.569002630949534,0.13740166,0.005580111,0.0053454023
momentum|18m-0m,10,7,41.57282946663478,0.34237805,0.00541382,0.0050182673
momentum|18m-0m,10,8,41.76536713704855,0.57129186,0.0053820917,0.0051811435
momentum|18m-0m,10,9,41.60105237981344,0.8830411,0.0051256223,0.00479074
momentum|18m-0m,10,10,42.18655823965558,1.7035602,0.0064580557,0.0057889624
momentum|18m-0m,21,1,41.135374312365464,-1.856552,0.012761138,0.011313473
momentum|18m-0m,21,2,41.577373834011,-0.91505355,0.012235108,0.012186284
momentum|18m-0m,21,3,41.52595072949055,-0.5489371,0.011923123,0.011708551
momentum|18m-0m,21,4,41.5505859842143,-0.28684244,0.011277437,0.011014466
momentum|18m-0m,21,5,41.71729251375269,-0.06741837,0.011858298,0.01141906
momentum|18m-0m,21,6,41.437455154269315,0.13762659,0.01185863,0.01140863
momentum|18m-0m,21,7,41.441760344415215,0.34267932,0.011435666,0.011124818
momentum|18m-0m,21,8,41.63334130590768,0.57171124,0.011169235,0.010924195
momentum|18m-0m,21,9,41.467113130829944,0.8833982,0.011305814,0.010532159
momentum|18m-0m,21,10,42.04974886390816,1.7031606,0.013296684,0.011222126
momentum|18m-0m,42,1,40.87921549868452,-1.8575835,0.024896145,0.020997481
momentum|18m-0m,42,2,41.32599856493662,-0.9158154,0.024251994,0.024706375
momentum|18m-0m,42,3,41.27218368811289,-0.54936594,0.023813298,0.023491792
momentum|18m-0m,42,4,41.30279837359483,-0.28685537,0.022346906,0.021210747
momentum|18m-0m,42,5,41.46519971298732,-0.06714021,0.023587717,0.022611082
momentum|18m-0m,42,6,41.18655823965558,0.13810106,0.022806976,0.021949628
momentum|18m-0m,42,7,41.19086342980148,0.34335166,0.022677587,0.021786649
momentum|18m-0m,42,8,41.382205214063625,0.5726733,0.022344386,0.02051884
momentum|18m-0m,42,9,41.212150203300645,0.8844277,0.022537768,0.020025535
momentum|18m-0m,42,10,41.7873714422387,1.7020777,0.02686696,0.02279228
momentum|18m-0m,63,1,40.62281750777326,-1.8588016,0.035600785,0.028367598
momentum|18m-0m,63,2,41.07510165032289,-0.916324,0.035718054,0.035384998
momentum|18m-0m,63,3,41.021047596268836,-0.5496009,0.03509003,0.034552075
momentum|18m-0m,63,4,41.05524994020569,-0.28679717,0.03281068,0.030926047
momentum|18m-0m,63,5,41.21047596268835,-0.066870965,0.034187935,0.032090735
momentum|18m-0m,63,6,40.93542214781153,0.1385991,0.033775873,0.03167419
momentum|18m-0m,63,7,40.938770629036114,0.34408015,0.033772785,0.03171956
momentum|18m-0m,63,8,41.12915570437694,0.57352734,0.033144776,0.029729402
momentum|18m-0m,63,9,40.95049031332217,0.88532066,0.034086645,0.029352296
momentum|18m-0m,63,10,41.53336522363071,1.7008574,0.04034844,0.033752237
momentum|18m-0m,126,1,39.854580243960775,-1.8613563,0.06992788,0.053368006
momentum|18m-0m,126,2,40.31738818464482,-0.91679615,0.072083145,0.067620166
momentum|18m-0m,126,3,40.27266204257355,-0.5491193,0.06966104,0.067600675
momentum|18m-0m,126,4,40.30112413298254,-0.28580686,0.06551735,0.060737107
momentum|18m-0m,126,5,40.44726142071275,-0.06616024,0.067839615,0.060606807
momentum|18m-0m,126,6,40.1815355178187,0.13937263,0.06520991,0.05975978
momentum|18m-0m,126,7,40.19397273379574,0.34522095,0.0662171,0.061042596
momentum|18m-0m,126,8,40.37215977038986,0.57469225,0.06626341,0.06125192
momentum|18m-0m,126,9,40.187754125807224,0.8867445,0.06865541,0.061206304
momentum|18m-0m,126,10,40.77756517579527,1.6975487,0.08111018,0.0679003
momentum|18m-0m,252,1,38.31858407079646,-1.8643734,0.16163464,0.12598553
momentum|18m-0m,252,2,38.83257593877063,-0.91648734,0.15655787,0.14223583
momentum|18m-0m,252,3,38.76297536474527,-0.5480751,0.14936991,0.1379836
momentum|18m-0m,252,4,38.80961492465917,-0.28476176,0.1400863,0.1262603
momentum|18m-0m,252,5,38.9325520210476,-0.06514185,0.1395258,0.12339468
momentum|18m-0m,252,6,38.68332934704616,0.14036688,0.13587862,0.1240927
momentum|18m-0m,252,7,38.69217890456829,0.34670982,0.13548101,0.123762116
momentum|18m-0m,252,8,38.8521884716575,0.5763593,0.12919612,0.1144883
momentum|18m-0m,252,9,38.696005740253526,0.8877358,0.13366851,0.109729595
momentum|18m-0m,252,10,39.270987801961255,1.6933979,0.1504223,0.11994136
momentum|18m-1m,1,1,41.374312365462806,-1.8502253,0.0006031723,0.00038201516
momentum|18m-1m,1,2,41.817986127720644,-0.91384184,0.00061222096,0.00052337983
momentum|18m-1m,1,3,41.76369289643626,-0.550123,0.00058656425,0.00055713713
momentum|18m-1m,1,4,41.782827074862475,-0.2876928,0.0005309512,0.00049131364
momentum|18m-1m,1,5,41.950968667782824,-0.07011986,0.000564836,0.0005894572
momentum|18m-1m,1,6,41.67711073905764,0.13536565,0.000569568,0.0005598824
momentum|18m-1m,1,7,41.6732839033724,0.34029305,0.00057805,0.00053919054
momentum|18m-1m,1,8,41.873236067926335,0.5706191,0.0005359349,0.00060004095
momentum|18m-1m,1,9,41.706768715618274,0.88303053,0.0005631505,0.00055933016
momentum|18m-1m,1,10,42.29586223391533,1.7064437,0.0006974952,0.0006272926
momentum|18m-1m,5,1,41.325520210475965,-1.8504376,0.0029319164,0.0024288956
momentum|18m-1m,5,2,41.7701506816551,-0.91398025,0.0031015233,0.0028919822
momentum|18m-1m,5,3,41.71490074144941,-0.5501992,0.0028716733,0.0027939777
momentum|18m-1m,5,4,41.73499162879694,-0.28769132,0.0027110397,0.0026192165
momentum|18m-1m,5,5,41.90313322171729,-0.07007593,0.002767736,0.002676931
momentum|18m-1m,5,6,41.63023200191342,0.13546109,0.0027306518,0.0026693235
momentum|18m-1m,5,7,41.62520928007654,0.3404316,0.0028147188,0.002666067
momentum|18m-1m,5,8,41.82468309016981,0.5707967,0.00262708,0.002682645
momentum|18m-1m,5,9,41.65821573786175,0.88316286,0.0028118887,0.0026344636
momentum|18m-1m,5,10,42.24611337000717,1.7062773,0.0034344124,0.0032950738
momentum|18m-1m,10,1,41.264530016742405,-1.850696,0.0057531316,0.0048376694
momentum|18m-1m,10,2,41.710356374073186,-0.91415596,0.0061461376,0.0060376935
momentum|18m-1m,10,3,41.65391054771586,-0.55030346,0.0055103307,0.005500971
momentum|18m-1m,10,4,41.67567567567568,-0.28768715,0.0053371903,0.0052254605
momentum|18m-1m,10,5,41.843099736905046,-0.070002265,0.0055272533,0.0054410635
momentum|18m-1m,10,6,41.57139440325281,0.13557677,0.0055160834,0.0051056747
momentum|18m-1m,10,7,41.565893326955276,0.3405903,0.0055314475,0.005274799
momentum|18m-1m,10,8,41.76369289643626,0.5710201,0.0051979003,0.005114916
momentum|18m-1m,10,9,41.59698636689787,0.8833653,0.005516405,0.0051628593
momentum|18m-1m,10,10,42.18392729012198,1.7060534,0.0067106085,0.005948227
momentum|18m-1m,21,1,41.13035159052858,-1.8512617,0.012119126,0.010537511
momentum|18m-1m,21,2,41.57880889739297,-0.9145532,0.012641206,0.012671157
momentum|18m-1m,21,3,41.520688830423346,-0.55051,0.01164999,0.011622864
momentum|18m-1m,21,4,41.54580243960775,-0.28770745,0.011183994,0.010694073
momentum|18m-1m,21,5,41.71155226022483,-0.06987004,0.012220794,0.011906897
momentum|18m-1m,21,6,41.43984692657259,0.13581528,0.0111261755,0.010659742
momentum|18m-1m,21,7,41.43673762257833,0.3409403,0.011793341,0.011199532
momentum|18m-1m,21,8,41.62975364745276,0.5715426,0.011100241,0.0106130345
momentum|18m-1m,21,9,41.462807940684044,0.88392407,0.011415217,0.010549349
momentum|18m-1m,21,10,42.04711791437455,1.7055,0.01384712,0.011986659
momentum|18m-1m,42,1,40.873953599617316,-1.852454,0.023939956,0.019835507
momentum|18m-1m,42,2,41.327672805548914,-0.9151334,0.024551751,0.02390587
momentum|18m-1m,42,3,41.268117675197324,-0.55082726,0.023819147,0.023486046
momentum|18m-1m,42,4,41.29657976560632,-0.28767186,0.022207173,0.021084936
momentum|18m-1m,42,5,41.45969863668979,-0.069524385,0.023918254,0.022886897
momentum|18m-1m,42,6,41.18942836641952,0.1363215,0.021692831,0.020966785
momentum|18m-1m,42,7,41.18655823965558,0.3416949,0.022945294,0.021628266
momentum|18m-1m,42,8,41.37718249222674,0.57244486,0.022721307,0.021346593
momentum|18m-1m,42,9,41.20114805070557,0.88478523,0.022972452,0.020656295
momentum|18m-1m,42,10,41.79191580961493,1.7042835,0.02736176,0.023672275
momentum|18m-1m,63,1,40.617794785936375,-1.8535453,0.034761373,0.027777648
momentum|18m-1m,63,2,41.0734274097106,-0.91558486,0.036241204,0.035760924
momentum|18m-1m,63,3,41.01530734274097,-0.5510391,0.035199136,0.034844186
momentum|18m-1m,63,4,41.049031332217176,-0.28762215,0.032851137,0.031514276
momentum|18m-1m,63,5,41.203539823008846,-0.06930628,0.035006598,0.0324136
momentum|18m-1m,63,6,40.93972733795743,0.13673556,0.0315711,0.02920049
momentum|18m-1m,63,7,40.938770629036114,0.3423956,0.033993855,0.031692274
momentum|18m-1m,63,8,41.121023678545804,0.57331455,0.03356475,0.030716732
momentum|18m-1m,63,9,40.94451088256398,0.8857222,0.03459259,0.030433321
momentum|18m-1m,63,10,41.53623535039464,1.7030706,0.040758654,0.034589127
momentum|18m-1m,126,1,39.849557522123895,-1.8559383,0.06931325,0.05302961
momentum|18m-1m,126,2,40.31810571633581,-0.91609764,0.0720026,0.06953563
momentum|18m-1m,126,3,40.26333413059077,-0.5505423,0.069270566,0.06591764
momentum|18m-1m,126,4,40.29227457546042,-0.28663272,0.066476665,0.06139351
momentum|18m-1m,126,5,40.437455154269315,-0.06842104,0.069275424,0.06220196
momentum|18m-1m,126,6,40.18536235350395,0.13767244,0.063251115,0.057179186
momentum|18m-1m,126,7,40.19540779717771,0.34353635,0.06591252,0.061413635
momentum|18m-1m,126,8,40.35972255441282,0.5744006,0.06633362,0.061019637
momentum|18m-1m,126,9,40.19253767041378,0.88672346,0.06863037,0.06199644
momentum|18m-1m,126,10,40.780674479789525,1.6998391,0.0820179,0.0694924
momentum|18m-1m,252,1,38.31045204496532,-1.8589879,0.16209532,0.12696168
momentum|18m-1m,252,2,38.82850992585506,-0.9157593,0.156754,0.14414898
momentum|18m-1m,252,3,38.76464960535757,-0.54945105,0.1499135,0.1373981
momentum|18m-1m,252,4,38.79550346806984,-0.2858807,0.13907036,0.12473575
momentum|18m-1m,252,5,38.932791198277926,-0.067576215,0.14221378,0.1273075
momentum|18m-1m,252,6,38.69624491748385,0.1385269,0.13594218,0.121901795
momentum|18m-1m,252,7,38.68906960057402,0.34469008,0.13519484,0.124145
momentum|18m-1m,252,8,38.83544606553456,0.57602274,0.12860487,0.11429622
momentum|18m-1m,252,9,38.69265725902894,0.8879185,0.13237126,0.10986765
momentum|18m-1m,252,10,39.27505381487683,1.6963313,0.14964396,0.1210367
momentum|18m-2m,1,1,41.374312365462806,-1.8442861,0.00055195205,0.00032190708
momentum|18m-2m,1,2,41.8141592920354,-0.91608936,0.0006508265,0.00053207326
momentum|18m-2m,1,3,41.758430997369054,-0.552749,0.0005819504,0.0005148798
momentum|18m-2m,1,4,41.78163118871083,-0.29017317,0.0005428687,0.0005452166
momentum|18m-2m,1,5,41.94475005979431,-0.07208368,0.00054882147,0.000567621
momentum|18m-2m,1,6,41.67471896675436,0.13346985,0.0005619638,0.0005726157
momentum|18m-2m,1,7,41.669457067687155,0.3391354,0.0005790027,0.00055307377
momentum|18m-2m,1,8,41.87060511839273,0.57106805,0.00055047806,0.00056825305
momentum|18m-2m,1,9,41.702463525472375,0.8856693,0.00057713327,0.00060104526
momentum|18m-2m,1,10,42.2929921071514,1.7097563,0.000696442,0.0006084945
momentum|18m-2m,5,1,41.325520210475965,-1.8445138,0.0028897808,0.0022957851
momentum|18m-2m,5,2,41.766323845969865,-0.9162281,0.0030624769,0.0029303904
momentum|18m-2m,5,3,41.70939966515188,-0.5528028,0.002859754,0.0025707565
momentum|18m-2m,5,4,41.734034919875626,-0.2901761,0.0027513672,0.0027580347
momentum|18m-2m,5,5,41.896914613728775,-0.072043434,0.002713486,0.0026866083
momentum|18m-2m,5,6,41.62784022961014,0.13355015,0.0026282817,0.0026041784
momentum|18m-2m,5,7,41.62162162162162,0.33928975,0.0029150762,0.0026904074
momentum|18m-2m,5,8,41.82133460894523,0.5712741,0.002676825,0.0026731596
momentum|18m-2m,5,9,41.65462807940684,0.8858508,0.0029512616,0.0028215565
momentum|18m-2m,5,10,42.24324324324324,1.7095386,0.0033592186,0.0031759464
momentum|18m-2m,10,1,41.264530016742405,-1.8448144,0.005723824,0.0046641883
momentum|18m-2m,10,2,41.70652953838795,-0.9163878,0.005839699,0.0057406095
momentum|18m-2m,10,3,41.648648648648646,-0.55286777,0.005719998,0.0053980765
momentum|18m-2m,10,4,41.67424061229371,-0.29016542,0.005430626,0.005457179
momentum|18m-2m,10,5,41.83712030614686,-0.07195893,0.005336949,0.005300398
momentum|18m-2m,10,6,41.569002630949534,0.13367553,0.0053136493,0.004903664
momentum|18m-2m,10,7,41.56206649127003,0.33947125,0.005707382,0.0053554354
momentum|18m-2m,10,8,41.76154030136331,0.5715114,0.0052999994,0.005035
momentum|18m-2m,10,9,41.59220282229132,0.8860753,0.0058921245,0.005597061
momentum|18m-2m,10,10,42.18105716335805,1.7092545,0.006485637,0.005855972
momentum|18m-2m,21,1,41.13011241329826,-1.8454632,0.011995266,0.010274823
momentum|18m-2m,21,2,41.575221238938056,-0.91667235,0.012134077,0.012007942
momentum|18m-2m,21,3,41.515187754125805,-0.5530003,0.0119716665,0.011745732
momentum|18m-2m,21,4,41.54460655345611,-0.29013956,0.011238383,0.010932409
momentum|18m-2m,21,5,41.70557282946663,-0.07179866,0.011471585,0.011499245
momentum|18m-2m,21,6,41.437455154269315,0.13392675,0.0112448875,0.010367929
momentum|18m-2m,21,7,41.43291078689309,0.33983898,0.0118570095,0.011191671
momentum|18m-2m,21,8,41.627122697919155,0.571983,0.011499148,0.010844483
momentum|18m-2m,21,9,41.457785218847164,0.8865262,0.012037259,0.0114363395
momentum|18m-2m,21,10,42.0449653193016,1.7087039,0.01364852,0.011980664
momentum|18m-2m,42,1,40.87371442238699,-1.8465005,0.024078904,0.020156171
momentum|18m-2m,42,2,41.323367615403015,-0.9171715,0.024358742,0.023676965
momentum|18m-2m,42,3,41.25711552260225,-0.5532793,0.023893144,0.02322609
momentum|18m-2m,42,4,41.29657976560632,-0.29015896,0.02263701,0.021913974
momentum|18m-2m,42,5,41.453958383161925,-0.071553536,0.022391906,0.022156633
momentum|18m-2m,42,6,41.18703659411624,0.13437484,0.021683805,0.020223603
momentum|18m-2m,42,7,41.186319062425255,0.3405469,0.023397204,0.02185032
momentum|18m-2m,42,8,41.37526907438412,0.57289493,0.022948585,0.021546757
momentum|18m-2m,42,9,41.1944510882564,0.88741845,0.02362445,0.021650212
momentum|18m-2m,42,10,41.79191580961493,1.7074895,0.027131693,0.023266453
momentum|18m-2m,63,1,40.61755560870605,-1.8473389,0.03566863,0.029263753
momentum|18m-2m,63,2,41.0674479789524,-0.9176513,0.03577376,0.035688415
momentum|18m-2m,63,3,41.00574025352786,-0.55337536,0.03470649,0.03418536
momentum|18m-2m,63,4,41.047835446065534,-0.28996888,0.033613313,0.03202473
momentum|18m-2m,63,5,41.19827792394164,-0.071392424,0.032785743,0.03088604
momentum|18m-2m,63,6,40.935661325041856,0.13469973,0.031943403,0.029504314
momentum|18m-2m,63,7,40.93637885673284,0.34098542,0.033789117,0.031337403
momentum|18m-2m,63,8,41.123893805309734,0.5734733,0.0339502,0.030705279
momentum|18m-2m,63,9,40.93757474288448,0.8881962,0.035536196,0.03235354
momentum|18m-2m,63,10,41.53647452762497,1.7065963,0.04079477,0.034596913
momentum|18m-2m,126,1,39.84931834489357,-1.8498834,0.07119558,0.055349257
momentum|18m-2m,126,2,40.30997369050466,-0.918251,0.071319215,0.06891951
momentum|18m-2m,126,3,40.253049509686676,-0.5528376,0.06756419,0.063114166
momentum|18m-2m,126,4,40.28629514470222,-0.28903848,0.068023235,0.0634288
momentum|18m-2m,126,5,40.44008610380292,-0.070301004,0.06630564,0.059700113
momentum|18m-2m,126,6,40.17794785936379,0.13590816,0.06455748,0.058382746
momentum|18m-2m,126,7,40.19086342980148,0.34240082,0.06682354,0.06233523
momentum|18m-2m,126,8,40.36498445348003,0.57484186,0.0663694,0.060643945
momentum|18m-2m,126,9,40.18727577134657,0.8888768,0.06930889,0.063574456
momentum|18m-2m,126,10,40.7830662520928,1.7030082,0.08107019,0.070111915
momentum|18m-2m,252,1,38.30638603204975,-1.8526235,0.16549768,0.1298653
momentum|18m-2m,252,2,38.82396555847883,-0.9178478,0.1521756,0.14239103
momentum|18m-2m,252,3,38.755560870605116,-0.5516775,0.14891014,0.1349694
momentum|18m-2m,252,4,38.78928486008132,-0.2882955,0.14360744,0.12888984
momentum|18m-2m,252,5,38.93805309734513,-0.0698163,0.13885866,0.1251721
momentum|18m-2m,252,6,38.69265725902894,0.13624959,0.13696143,0.12251744
momentum|18m-2m,252,7,38.681655106433865,0.343137,0.13533658,0.121449865
momentum|18m-2m,252,8,38.84716574982062,0.5763769,0.13214901,0.115438424
momentum|18m-2m,252,9,38.68069839751256,0.89029294,0.13137801,0.1121837
momentum|18m-2m,252,10,39.27433628318584,1.700125,0.14699543,0.11870914
momentum|24m-0m,1,1,41.262377421669456,-1.8536934,0.0007303398,0.00038691054
momentum|24m-0m,1,2,41.774216694570676,-0.90885895,0.00063045614,0.0005555451
momentum|24m-0m,1,3,41.67926333413059,-0.5421246,0.0005727688,0.0005273162
momentum|24m-0m,1,4,41.700310930399425,-0.28898394,0.0005530634,0.0005483524
momentum|24m-0m,1,5,41.844534800287015,-0.071466476,0.000582981,0.00055108865
momentum|24m-0m,1,6,41.59531212628558,0.13462323,0.00054049504,0.0005359044
momentum|24m-0m,1,7,41.60320497488639,0.33995542,0.00054090767,0.00057404645
momentum|24m-0m,1,8,41.776369289643625,0.56654793,0.0005196731,0.00056610914
momentum|24m-0m,1,9,41.67687156182731,0.874702,0.000541904,0.0005403025
momentum|24m-0m,1,10,42.17746950490314,1.7129163,0.00063291675,0.0005465932
momentum|24m-0m,5,1,41.21382444391294,-1.8539821,0.0035012637,0.0027448877
momentum|24m-0m,5,2,41.726142071274815,-0.908912,0.0031076607,0.0029456771
momentum|24m-0m,5,3,41.631427888065055,-0.5421088,0.0028258027,0.0026592384
momentum|24m-0m,5,4,41.6534321932552,-0.28890476,0.0026628114,0.0025521202
momentum|24m-0m,5,5,41.79598182253049,-0.071349755,0.0029650456,0.0027966555
momentum|24m-0m,5,6,41.5462807940684,0.13475317,0.0025940468,0.002539942
momentum|24m-0m,5,7,41.55608706051184,0.34008113,0.0026895248,0.0028433371
momentum|24m-0m,5,8,41.72805548911744,0.5666741,0.0025583745,0.002623667
momentum|24m-0m,5,9,41.6283185840708,0.8747726,0.0027895581,0.0027081792
momentum|24m-0m,5,10,42.128198995455634,1.7126038,0.0031304974,0.0029092443
momentum|24m-0m,10,1,41.15283425017938,-1.8543143,0.0066818795,0.005426928
momentum|24m-0m,10,2,41.6663477636929,-0.9089799,0.006017135,0.005888917
momentum|24m-0m,10,3,41.571872757713464,-0.54208124,0.005634775,0.00543128
momentum|24m-0m,10,4,41.5945945945946,-0.2888161,0.005439392,0.0051704007
momentum|24m-0m,10,5,41.73499162879694,-0.07121005,0.0057047433,0.005310895
momentum|24m-0m,10,6,41.48529060033485,0.13490728,0.0050502126,0.004838309
momentum|24m-0m,10,7,41.49677110739058,0.3402354,0.0053180293,0.005340668
momentum|24m-0m,10,8,41.66802200430519,0.5668315,0.005174238,0.005155024
momentum|24m-0m,10,9,41.56661085864626,0.8748238,0.0055949655,0.005363651
momentum|24m-0m,10,10,42.06792633341306,1.7122111,0.006160146,0.005413798
momentum|24m-0m,21,1,41.01865582396556,-1.854799,0.013872228,0.011721681
momentum|24m-0m,21,2,41.53480028701268,-0.90909094,0.012749745,0.012412041
momentum|24m-0m,21,3,41.44295623056685,-0.5420478,0.012244939,0.012159092
momentum|24m-0m,21,4,41.46304711791437,-0.28862247,0.011766642,0.011028988
momentum|24m-0m,21,5,41.60081320258311,-0.070968434,0.011511612,0.010858193
momentum|24m-0m,21,6,41.35230806027266,0.13512671,0.010626747,0.010212781
momentum|24m-0m,21,7,41.36402774455872,0.34044406,0.01113898,0.011239169
momentum|24m-0m,21,8,41.53910547715857,0.5670807,0.010860069,0.01077251
momentum|24m-0m,21,9,41.43362831858407,0.87486106,0.011792865,0.010897911
momentum|24m-0m,21,10,41.9325520210476,1.711639,0.0125500895,0.010662217
momentum|24m-0m,42,1,40.762736187514946,-1.8557196,0.027156107,0.022359505
momentum|24m-0m,42,2,41.28366419516862,-0.90934634,0.025257314,0.025025051
momentum|24m-0m,42,3,41.19612532886869,-0.54200447,0.02480157,0.024594812
momentum|24m-0m,42,4,41.2126285577613,-0.2883187,0.024114493,0.02260249
momentum|24m-0m,42,5,41.34465438890218,-0.07050065,0.021833953,0.02083382
momentum|24m-0m,42,6,41.10188950011959,0.13560878,0.021508986,0.020310892
momentum|24m-0m,42,7,41.1097823487204,0.3408839,0.022284446,0.021574946
momentum|24m-0m,42,8,41.289643625926814,0.56756985,0.021471165,0.02037897
momentum|24m-0m,42,9,41.18010045443674,0.8751432,0.022707002,0.01978788
momentum|24m-0m,42,10,41.67400143506338,1.7103934,0.024979929,0.021328384
momentum|24m-0m,63,1,40.50657737383401,-1.8567615,0.039191723,0.031683434
momentum|24m-0m,63,2,41.032528103324566,-0.90937215,0.037167158,0.036691517
momentum|24m-0m,63,3,40.94857689547955,-0.54182667,0.037167072,0.036838736
momentum|24m-0m,63,4,40.96292752929921,-0.28802952,0.035467777,0.033123992
momentum|24m-0m,63,5,41.09327911982779,-0.07011745,0.032547075,0.029896747
momentum|24m-0m,63,6,40.84596986366898,0.1359846,0.031889796,0.02967973
momentum|24m-0m,63,7,40.85816790241569,0.34132957,0.0336188,0.03141037
momentum|24m-0m,63,8,41.0380291796221,0.5681122,0.031022742,0.02790171
momentum|24m-0m,63,9,40.920114805070554,0.8753668,0.033395745,0.028610362
momentum|24m-0m,63,10,41.42119110260703,1.7091682,0.03698449,0.030948369
momentum|24m-0m,126,1,39.738340110021525,-1.8589659,0.07821116,0.061949536
momentum|24m-0m,126,2,40.28127242286534,-0.9097926,0.07467601,0.07292393
momentum|24m-0m,126,3,40.192059315953124,-0.5413438,0.07501897,0.072491616
momentum|24m-0m,126,4,40.20186558239656,-0.28732747,0.07063138,0.065793015
momentum|24m-0m,126,5,40.342023439368575,-0.068896085,0.06511078,0.058705304
momentum|24m-0m,126,6,40.087060511839276,0.13713717,0.06427365,0.058609653
momentum|24m-0m,126,7,40.11193494379335,0.34255716,0.06539322,0.06008845
momentum|24m-0m,126,8,40.27768476441043,0.5695192,0.060691603,0.05667729
momentum|24m-0m,126,9,40.16527146615642,0.87575877,0.065504104,0.05811083
momentum|24m-0m,126,10,40.66778282707486,1.7056062,0.072748646,0.058640134
momentum|24m-0m,252,1,38.20114805070557,-1.8634952,0.16103119,0.11984669
momentum|24m-0m,252,2,38.781392011480506,-0.9090472,0.1549943,0.14445849
momentum|24m-0m,252,3,38.671609662760105,-0.5404693,0.15445763,0.14606196
momentum|24m-0m,252,4,38.70126763932074,-0.2860636,0.14850204,0.13915506
momentum|24m-0m,252,5,38.84405644582636,-0.06753786,0.13581657,0.1215321
momentum|24m-0m,252,6,38.603922506577376,0.13890067,0.13082555,0.11671946
momentum|24m-0m,252,7,38.617794785936375,0.3448785,0.13337119,0.1196857
momentum|24m-0m,252,8,38.771346567806745,0.57153165,0.13052097,0.114526786
momentum|24m-0m,252,9,38.68332934704616,0.876763,0.135929,0.11297954
momentum|24m-0m,252,10,39.17603444152117,1.6994579,0.14555472,0.11423884
momentum|24m-1m,1,1,41.255202104759626,-1.8494753,0.00066960417,0.00038939604
momentum|24m-1m,1,2,41.77110739057642,-0.90787536,0.00059429114,0.00053355796
momentum|24m-1m,1,3,41.67902415690026,-0.5423555,0.00056521874,0.00051163987
momentum|24m-1m,1,4,41.69504903133222,-0.2904525,0.0005682344,0.0005439727
momentum|24m-1m,1,5,41.84405644582636,-0.07169833,0.00055620004,0.00046924787
momentum|24m-1m,1,6,41.590528581679024,0.13471548,0.00054241234,0.0005960576
momentum|24m-1m,1,7,41.598899784740496,0.3378916,0.00053538225,0.0005572736
momentum|24m-1m,1,8,41.77493422626166,0.5644518,0.0005479418,0.0005874448
momentum|24m-1m,1,9,41.67567567567568,0.8717539,0.0006031801,0.00060379336
momentum|24m-1m,1,10,42.17101171968429,1.7165513,0.00066000473,0.0005681168
momentum|24m-1m,5,1,41.206409949772784,-1.8497088,0.0032755702,0.0025933306
momentum|24m-1m,5,2,41.723271944510884,-0.9079383,0.00297001,0.0027780072
momentum|24m-1m,5,3,41.63118871083473,-0.5423349,0.0028017377,0.0027132856
momentum|24m-1m,5,4,41.64817029418799,-0.2903937,0.0027484065,0.0026763047
momentum|24m-1m,5,5,41.79526429083951,-0.07160464,0.002864835,0.002689578
momentum|24m-1m,5,6,41.54197560392251,0.13484077,0.002550022,0.0024998467
momentum|24m-1m,5,7,41.55130351590529,0.33801913,0.0027209835,0.0027663913
momentum|24m-1m,5,8,41.72662042573547,0.564581,0.0026140788,0.0026685214
momentum|24m-1m,5,9,41.62592681176752,0.8718125,0.0030150341,0.0029192124
momentum|24m-1m,5,10,42.12317627361875,1.7162303,0.0032442736,0.002957681
momentum|24m-1m,10,1,41.145419756039225,-1.8500074,0.006434628,0.005337961
momentum|24m-1m,10,2,41.66347763692897,-0.9080115,0.0060010874,0.0057235467
momentum|24m-1m,10,3,41.57163358048314,-0.54230756,0.005464632,0.0053870752
momentum|24m-1m,10,4,41.58933269552739,-0.2903203,0.0054347473,0.0053720106
momentum|24m-1m,10,5,41.73427409710595,-0.0714969,0.0055917664,0.0052212398
momentum|24m-1m,10,6,41.481463764649604,0.13500126,0.0048967847,0.004650209
momentum|24m-1m,10,7,41.491509208323365,0.33818504,0.0054203765,0.005342336
momentum|24m-1m,10,8,41.666586940923224,0.5647557,0.0052876617,0.0052436762
momentum|24m-1m,10,9,41.563740731882326,0.8718883,0.0058655255,0.0056329872
momentum|24m-1m,10,10,42.063381966036836,1.7158215,0.0063488204,0.005556005
momentum|24m-1m,21,1,41.0112413298254,-1.8505818,0.013548073,0.011470725
momentum|24m-1m,21,2,41.53193016024874,-0.9081574,0.01282643,0.012288355
momentum|24m-1m,21,3,41.44271705333652,-0.54229206,0.011957779,0.011700379
momentum|24m-1m,21,4,41.457785218847164,-0.2901531,0.011717684,0.011197274
momentum|24m-1m,21,5,41.6015307342741,-0.071254954,0.011257512,0.010539126
momentum|24m-1m,21,6,41.34800287012676,0.13527794,0.010376279,0.010102516
momentum|24m-1m,21,7,41.3578091365702,0.33849534,0.01142605,0.011250223
momentum|24m-1m,21,8,41.53767041377661,0.56513274,0.011047584,0.011109286
momentum|24m-1m,21,9,41.42908395120784,0.872098,0.011818214,0.010983661
momentum|24m-1m,21,10,41.92968189428366,1.7149856,0.013096703,0.01122139
momentum|24m-1m,42,1,40.75508251614446,-1.8517194,0.026753977,0.022252923
momentum|24m-1m,42,2,41.281033245635015,-0.90827745,0.024643065,0.023966072
momentum|24m-1m,42,3,41.195646974408035,-0.5421105,0.025321854,0.024662696
momentum|24m-1m,42,4,41.20736665869409,-0.28978744,0.02399828,0.022826253
momentum|24m-1m,42,5,41.34728533843578,-0.070819154,0.02158409,0.020499628
momentum|24m-1m,42,6,41.095192537670414,0.13563879,0.021043895,0.020002732
momentum|24m-1m,42,7,41.10428127242287,0.33893183,0.022378204,0.02172592
momentum|24m-1m,42,8,41.288208562544845,0.56568825,0.021748204,0.020470398
momentum|24m-1m,42,9,41.17101171968429,0.8724634,0.022874165,0.020735253
momentum|24m-1m,42,10,41.67567567567568,1.7136283,0.025724621,0.022398807
momentum|24m-1m,63,1,40.499162879693856,-1.8527304,0.03897076,0.03243657
momentum|24m-1m,63,2,41.02965797656063,-0.90823334,0.037157625,0.036149062
momentum|24m-1m,63,3,40.94762018655824,-0.5418377,0.0375633,0.036731515
momentum|24m-1m,63,4,40.95575221238938,-0.28956062,0.035326272,0.03360977
momentum|24m-1m,63,5,41.08610380291796,-0.070521116,0.032280616,0.02970371
momentum|24m-1m,63,6,40.845252331977996,0.13593015,0.031048898,0.028646791
momentum|24m-1m,63,7,40.854580243960775,0.33927935,0.033256326,0.03124392
momentum|24m-1m,63,8,41.04042095192538,0.56621456,0.0316943,0.028143095
momentum|24m-1m,63,9,40.91078689308778,0.8728074,0.033122156,0.029284175
momentum|24m-1m,63,10,41.42358287491031,1.7124563,0.037967402,0.03222605
momentum|24m-1m,126,1,39.73092561588137,-1.8548347,0.07861602,0.063202225
momentum|24m-1m,126,2,40.27935900502272,-0.9086914,0.07551611,0.07213948
momentum|24m-1m,126,3,40.18799330303755,-0.54138917,0.074268706,0.07172928
momentum|24m-1m,126,4,40.19110260703181,-0.28886285,0.070200875,0.06645603
momentum|24m-1m,126,5,40.331260464003826,-0.06935628,0.0651591,0.05839381
momentum|24m-1m,126,6,40.09232241090648,0.13710678,0.063015915,0.05778788
momentum|24m-1m,126,7,40.10380291796221,0.3405578,0.06464165,0.059516072
momentum|24m-1m,126,8,40.28198995455632,0.56766796,0.061763484,0.056635242
momentum|24m-1m,126,9,40.163118871083476,0.87314934,0.065015726,0.058246054
momentum|24m-1m,126,10,40.6689787132265,1.7088963,0.0739384,0.06144357
momentum|24m-1m,252,1,38.19373355656541,-1.859155,0.16226675,0.12160108
momentum|24m-1m,252,2,38.772064099497726,-0.9081429,0.1558083,0.14573961
momentum|24m-1m,252,3,38.68117675197321,-0.5407054,0.15468295,0.14677447
momentum|24m-1m,252,4,38.68715618273141,-0.28777814,0.14770205,0.13780482
momentum|24m-1m,252,5,38.83616359722554,-0.068067245,0.13500294,0.12001927
momentum|24m-1m,252,6,38.612054532408514,0.13876104,0.12997596,0.11654741
momentum|24m-1m,252,7,38.61468548194212,0.3427152,0.1347641,0.119714126
momentum|24m-1m,252,8,38.76512795981822,0.5696105,0.13042836,0.11336348
momentum|24m-1m,252,9,38.67998086582158,0.8743534,0.135374,0.11440098
momentum|24m-1m,252,10,39.1772303276728,1.703289,0.14494841,0.1157076
momentum|24m-2m,1,1,41.247309256158815,-1.8449045,0.0006540837,0.0003388706
momentum|24m-2m,1,2,41.76823726381249,-0.90822625,0.0006007416,0.00055527897
momentum|24m-2m,1,3,41.680220043051904,-0.5443443,0.00062285486,0.00062619994
momentum|24m-2m,1,4,41.687395359961734,-0.29051834,0.0005331208,0.0005099348
momentum|24m-2m,1,5,41.84501315474767,-0.07300331,0.00052360864,0.0004825158
momentum|24m-2m,1,6,41.58718010045444,0.13305138,0.00053503574,0.0005382852
momentum|24m-2m,1,7,41.592681176751974,0.3374401,0.00054403156,0.00062730035
momentum|24m-2m,1,8,41.77469504903133,0.5631774,0.00056640885,0.00062235084
momentum|24m-2m,1,9,41.6732839033724,0.87106246,0.00059139635,0.0005852745
momentum|24m-2m,1,10,42.16503228892609,1.7196032,0.000668228,0.000553594
momentum|24m-2m,5,1,41.198517101171966,-1.8451601,0.003163361,0.0023380788
momentum|24m-2m,5,2,41.720401817746954,-0.90826976,0.0031091226,0.0029213985
momentum|24m-2m,5,3,41.63238459698637,-0.5443223,0.0029811363,0.002841381
momentum|24m-2m,5,4,41.64051662281751,-0.29044273,0.0026895064,0.0026278505
momentum|24m-2m,5,5,41.797177708682135,-0.07291801,0.0025676757,0.0024711494
momentum|24m-2m,5,6,41.53838794546759,0.1331577,0.0026641965,0.0025479028
momentum|24m-2m,5,7,41.54412819899546,0.337577,0.0027035845,0.0027665696
momentum|24m-2m,5,8,41.72590289404449,0.5633318,0.0026546763,0.0028167525
momentum|24m-2m,5,9,41.624252571155225,0.8711509,0.0029078983,0.002904205
momentum|24m-2m,5,10,42.11719684286056,1.7192551,0.0033515564,0.0030238768
momentum|24m-2m,10,1,41.137526907438414,-1.8455201,0.0061221533,0.004935044
momentum|24m-2m,10,2,41.6603683329347,-0.9082959,0.006245948,0.005879739
momentum|24m-2m,10,3,41.573068643865106,-0.54427856,0.0058614886,0.005570271
momentum|24m-2m,10,4,41.5816790241569,-0.290343,0.005442641,0.005349894
momentum|24m-2m,10,5,41.7364266921789,-0.07280808,0.005071391,0.0047875135
momentum|24m-2m,10,6,41.47811528342502,0.13329777,0.0050691674,0.0048873266
momentum|24m-2m,10,7,41.48337718249223,0.33773136,0.00533808,0.005214875
momentum|24m-2m,10,8,41.6663477636929,0.56351155,0.005323738,0.005492389
momentum|24m-2m,10,9,41.56206649127003,0.87126476,0.005672434,0.0055665514
momentum|24m-2m,10,10,42.05740253527864,1.7188228,0.006583896,0.0057743597
momentum|24m-2m,21,1,41.003348481224585,-1.8461984,0.013074641,0.010755448
momentum|24m-2m,21,2,41.528820856254484,-0.9083505,0.013043791,0.012287221
momentum|24m-2m,21,3,41.44415211671849,-0.54416454,0.0123359375,0.011702965
momentum|24m-2m,21,4,41.44989237024635,-0.29010326,0.01215081,0.011346579
momentum|24m-2m,21,5,41.6015307342741,-0.07260585,0.010254257,0.009902907
momentum|24m-2m,21,6,41.34728533843578,0.13349304,0.010527502,0.010196077
momentum|24m-2m,21,7,41.34943793350873,0.33804193,0.011317975,0.010957711
momentum|24m-2m,21,8,41.53743123654628,0.5638585,0.01128624,0.011377311
momentum|24m-2m,21,9,41.42621382444391,0.8714395,0.011524125,0.011085222
momentum|24m-2m,21,10,41.92489834967711,1.7180368,0.013539015,0.011629208
momentum|24m-2m,42,1,40.74718966754365,-1.8472497,0.026276117,0.021309018
momentum|24m-2m,42,2,41.27768476441043,-0.90841335,0.02560897,0.02526304
momentum|24m-2m,42,3,41.19540779717771,-0.54389775,0.025279962,0.024593728
momentum|24m-2m,42,4,41.19612532886869,-0.28981206,0.02418628,0.023179274
momentum|24m-2m,42,5,41.341545084907914,-0.07224657,0.020788042,0.01974029
momentum|24m-2m,42,6,41.09997608227697,0.13375738,0.021386474,0.020302257
momentum|24m-2m,42,7,41.09901937335566,0.33843708,0.021911204,0.020837426
momentum|24m-2m,42,8,41.290361157617795,0.56436026,0.021570608,0.02079007
momentum|24m-2m,42,9,41.16861994738101,0.8717905,0.02278341,0.021056447
momentum|24m-2m,42,10,41.67041377660847,1.7168684,0.02624651,0.023125833
momentum|24m-2m,63,1,40.49127003109304,-1.8480307,0.03941881,0.032606285
momentum|24m-2m,63,2,41.02654867256637,-0.90839815,0.03768551,0.03700595
momentum|24m-2m,63,3,40.94570676871562,-0.5436022,0.03664562,0.035508167
momentum|24m-2m,63,4,40.94092322410906,-0.28956416,0.03552345,0.03338496
momentum|24m-2m,63,5,41.08323367615403,-0.072075576,0.032047138,0.029742189
momentum|24m-2m,63,6,40.85194929442717,0.1339545,0.0314157,0.028691497
momentum|24m-2m,63,7,40.84931834489357,0.33865198,0.031966325,0.029471599
momentum|24m-2m,63,8,41.042812724228654,0.5646964,0.03149405,0.028765809
momentum|24m-2m,63,9,40.911265247548435,0.87207836,0.03357344,0.03048498
momentum|24m-2m,63,10,41.415450849079164,1.7160852,0.03856929,0.0334433
momentum|24m-2m,126,1,39.72303276728056,-1.850319,0.079294965,0.064551726
momentum|24m-2m,126,2,40.27266204257355,-0.90887505,0.07632688,0.07181356
momentum|24m-2m,126,3,40.18895001195886,-0.5432151,0.074170314,0.07156367
momentum|24m-2m,126,4,40.17603444152117,-0.28878874,0.07055244,0.067615874
momentum|24m-2m,126,5,40.32432432432432,-0.07103033,0.063678466,0.058586758
momentum|24m-2m,126,6,40.10045443673762,0.13529517,0.06351049,0.05695064
momentum|24m-2m,126,7,40.10165032288926,0.340231,0.06350945,0.058523007
momentum|24m-2m,126,8,40.28007653671371,0.5663118,0.062389404,0.056621164
momentum|24m-2m,126,9,40.16718488399904,0.8724165,0.06451016,0.05763507
momentum|24m-2m,126,10,40.662042573547,1.712262,0.074152686,0.063333966
momentum|24m-2m,252,1,38.18368811289165,-1.8544844,0.16174482,0.11974673
momentum|24m-2m,252,2,38.76728055489117,-0.9082659,0.15800758,0.14638555
momentum|24m-2m,252,3,38.68763453719206,-0.54269457,0.15383117,0.14609027
momentum|24m-2m,252,4,38.67424061229371,-0.2880789,0.14795059,0.13725771
momentum|24m-2m,252,5,38.825878976321455,-0.069753595,0.13508135,0.12126127
momentum|24m-2m,252,6,38.61827314039704,0.13691245,0.13211776,0.11680554
momentum|24m-2m,252,7,38.61468548194212,0.34214714,0.13140048,0.116825186
momentum|24m-2m,252,8,38.76177947859364,0.56813365,0.13269664,0.11468549
momentum|24m-2m,252,9,38.68237263812485,0.87383866,0.13563214,0.11577158
momentum|24m-2m,252,10,39.17101171968429,1.7070658,0.14240134,0.113852054
low_volatility|20d,1,1,41.5945945945946,-2.2041032,0.0008309346,0.00035186124
low_volatility|20d,1,2,42.05118392729012,-0.8522769,0.0005930709,0.00046513326
low_volatility|20d,1,3,41.98851949294427,-0.39872473,0.00062988757,0.00056257896
low_volatility|20d,1,4,42.0267878497967,-0.10848003,0.00064776326,0.0005795106
low_volatility|20d,1,5,42.213585266682614,0.116845764,0.0005710076,0.0005654942
low_volatility|20d,1,6,41.86629992824683,0.30753192,0.00060024264,0.0006228994
low_volatility|20d,1,7,41.96173164314757,0.48165917,0.0005287187,0.0005789439
low_volatility|20d,1,8,42.05429323128438,0.654541,0.0004921676,0.00058312004
low_volatility|20d,1,9,41.98588854341067,0.84457916,0.0004755053,0.0005506601
low_volatility|20d,1,10,42.47524515666109,1.1260749,0.00050426443,0.0005541778
low_volatility|20d,5,1,41.54675914852906,-2.2039583,0.004134762,0.0028607605
low_volatility|20d,5,2,42.00310930399426,-0.85232514,0.0029833463,0.0025265992
low_volatility|20d,5,3,41.93924898349677,-0.3988036,0.0030642985,0.0029117144
low_volatility|20d,5,4,41.97775651757953,-0.10853385,0.0030645523,0.0029801459
low_volatility|20d,5,5,42.16503228892609,0.116829254,0.0030488314,0.0029900307
low_volatility|20d,5,6,41.81822530495097,0.30754447,0.002835134,0.0028681932
low_volatility|20d,5,7,41.913417842621385,0.48166704,0.0025842688,0.0026510432
low_volatility|20d,5,8,42.006696962449176,0.65453917,0.0024368803,0.0025632523
low_volatility|20d,5,9,41.93637885673284,0.8445699,0.002369153,0.00255134
low_volatility|20d,5,10,42.42334369767998,1.1260607,0.0024429478,0.0026630305
low_volatility|20d,10,1,41.486964840947145,-2.2038116,0.007813411,0.0060022147
low_volatility|20d,10,2,41.94307581918201,-0.8523415,0.006198019,0.0053873914
low_volatility|20d,10,3,41.87849796699354,-0.3988827,0.0059917835,0.0057099494
low_volatility|20d,10,4,41.91772303276728,-0.108619004,0.0059734434,0.00559509
low_volatility|20d,10,5,42.10499880411385,0.11678339,0.0060152262,0.0055656745
low_volatility|20d,10,6,41.75723511121741,0.30755076,0.0055364566,0.0055261655
low_volatility|20d,10,7,41.85290600334848,0.48169103,0.0049917544,0.0049279733
low_volatility|20d,10,8,41.94666347763693,0.6545597,0.004866566,0.0049183476
low_volatility|20d,10,9,41.87562784022961,0.8445772,0.0048424103,0.0052271867
low_volatility|20d,10,10,42.35756995933987,1.1260142,0.0048165997,0.0051907236
low_volatility|20d,21,1,41.35541736426692,-2.2034655,0.015761916,0.0120778205
low_volatility|20d,21,2,41.81128916527147,-0.85259086,0.013477886,0.011530997
low_volatility|20d,21,3,41.746950490313324,-0.39915007,0.012617327,0.01172409
low_volatility|20d,21,4,41.78450131547476,-0.10881678,0.0123683,0.011704166
low_volatility|20d,21,5,41.97201626405166,0.11671934,0.01230623,0.011677829
low_volatility|20d,21,6,41.62329586223392,0.30758187,0.011642717,0.011511882
low_volatility|20d,21,7,41.72064099497728,0.48173106,0.010574617,0.010777567
low_volatility|20d,21,8,41.8141592920354,0.6546045,0.010405128,0.010547445
low_volatility|20d,21,9,41.7424061229371,0.8446372,0.010743767,0.011277463
low_volatility|20d,21,10,42.21621621621622,1.1260567,0.0098914085,0.01040798
low_volatility|20d,42,1,41.103085386271225,-2.2026436,0.030974977,0.023355208
low_volatility|20d,42,2,41.55847883281512,-0.85299826,0.026406517,0.022565521
low_volatility|20d,42,3,41.4917483855537,-0.39979923,0.024489747,0.02197515
low_volatility|20d,42,4,41.53049509686678,-0.109439485,0.02457027,0.023086157
low_volatility|20d,42,5,41.71944510882564,0.11633603,0.023677992,0.022933565
low_volatility|20d,42,6,41.37215977038986,0.30741864,0.02271297,0.02195556
low_volatility|20d,42,7,41.46950490313322,0.4817139,0.021846907,0.021359025
low_volatility|20d,42,8,41.56110978234872,0.6547166,0.021660037,0.021552492
low_volatility|20d,42,9,41.488639081559434,0.84502316,0.021940866,0.022206545
low_volatility|20d,42,10,41.94403252810332,1.1265604,0.01932669,0.019879289
low_volatility|20d,63,1,40.84979669935422,-2.2009106,0.04704458,0.03487501
low_volatility|20d,63,2,41.306864386510405,-0.8526404,0.039248593,0.033482853
low_volatility|20d,63,3,41.23750298971538,-0.39994654,0.036435377,0.03211514
low_volatility|20d,63,4,41.27505381487683,-0.10976877,0.03521838,0.032503873
low_volatility|20d,63,5,41.467830662520925,0.11596131,0.033845875,0.031747032
low_volatility|20d,63,6,41.12556804592203,0.30703586,0.032776896,0.031724647
low_volatility|20d,63,7,41.21621621621622,0.4814392,0.031979,0.031120967
low_volatility|20d,63,8,41.30734274097106,0.6546287,0.03164192,0.030748557
low_volatility|20d,63,9,41.23558957187276,0.8451277,0.032577395,0.03230251
low_volatility|20d,63,10,41.67687156182731,1.1269699,0.029840494,0.030229177
low_volatility|20d,126,1,40.090887347524514,-2.2000418,0.09257312,0.065592945
low_volatility|20d,126,2,40.53480028701268,-0.85136676,0.07575581,0.064697504
low_volatility|20d,126,3,40.48242047357092,-0.39983752,0.07193212,0.06337107
low_volatility|20d,126,4,40.51614446304712,-0.109760255,0.07098526,0.06456955
low_volatility|20d,126,5,40.70796460176991,0.115696765,0.06916544,0.06367606
low_volatility|20d,126,6,40.37192059315953,0.30653936,0.065972425,0.062384587
low_volatility|20d,126,7,40.4702224348242,0.48091766,0.06378162,0.060998343
low_volatility|20d,126,8,40.551064338674955,0.6541267,0.06333106,0.060503796
low_volatility|20d,126,9,40.470461612054535,0.84466285,0.06345427,0.061312545
low_volatility|20d,126,10,40.90863429801483,1.1267405,0.059018705,0.05689402
low_volatility|20d,252,1,38.57641712508969,-2.1980157,0.18383175,0.12406457
low_volatility|20d,252,2,39.02272183688113,-0.8521825,0.16171926,0.13078232
low_volatility|20d,252,3,38.983975125568044,-0.4008718,0.14955242,0.12907556
low_volatility|20d,252,4,39.01626405166228,-0.110969,0.14680077,0.12770525
low_volatility|20d,252,5,39.193494379335085,0.11448437,0.14113642,0.12641905
low_volatility|20d,252,6,38.86510404209519,0.30582345,0.13595355,0.12225001
low_volatility|20d,252,7,38.97105955513035,0.4807657,0.13419957,0.12452512
low_volatility|20d,252,8,39.05261899067209,0.65452796,0.13160504,0.124243595
low_volatility|20d,252,9,38.968667782827076,0.8457993,0.13025948,0.12410306
low_volatility|20d,252,10,39.36331021286774,1.1291287,0.12070681,0.116471075
low_volatility|40d,1,1,41.57091604879216,-2.2071643,0.0007804069,0.00031455082
low_volatility|40d,1,2,42.03731164793112,-0.883601,0.0007001859,0.00053452246
low_volatility|40d,1,3,41.97345132743363,-0.41754705,0.0005694239,0.00054707966
low_volatility|40d,1,4,42.02846209040899,-0.1182007,0.00062599813,0.0005438149
low_volatility|40d,1,5,42.19086342980148,0.114709154,0.00061791984,0.0005999542
low_volatility|40d,1,6,41.844534800287015,0.3099596,0.00056582864,0.000566839
low_volatility|40d,1,7,41.96508012437216,0.48687533,0.0004812593,0.0005751229
low_volatility|40d,1,8,42.03611576177948,0.6667098,0.000556424,0.00058581546
low_volatility|40d,1,9,41.97416885912461,0.8636412,0.00047841718,0.00058312085
low_volatility|40d,1,10,42.45874192776848,1.1515826,0.0004910466,0.0005537903
low_volatility|40d,5,1,41.52308060272662,-2.2070177,0.003926748,0.0026973793
low_volatility|40d,5,2,41.9887586701746,-0.8837043,0.0033577643,0.002919118
low_volatility|40d,5,3,41.92537670413777,-0.4176756,0.0028205812,0.0026063407
low_volatility|40d,5,4,41.979669935422145,-0.11829798,0.0029314666,0.0028001487
low_volatility|40d,5,5,42.14231045204497,0.1146786,0.0031230869,0.0030448332
low_volatility|40d,5,6,41.79622099976082,0.30995995,0.0027191862,0.002780818
low_volatility|40d,5,7,41.91724467830662,0.48691785,0.0025718147,0.0027315633
low_volatility|40d,5,8,41.98828031571394,0.6667327,0.002687546,0.0028488417
low_volatility|40d,5,9,41.92537670413777,0.86368454,0.002417896,0.002693476
low_volatility|40d,5,10,42.40612293709639,1.1516085,0.0023855038,0.0026230428
low_volatility|40d,10,1,41.462807940684044,-2.2068791,0.007438993,0.0053996355
low_volatility|40d,10,2,41.928486008132026,-0.8838074,0.0065925405,0.005929694
low_volatility|40d,10,3,41.86510404209519,-0.41780165,0.005653419,0.005154983
low_volatility|40d,10,4,41.91796220999761,-0.11843335,0.005695193,0.005552279
low_volatility|40d,10,5,42.08227696723272,0.11462232,0.0059742057,0.005401422
low_volatility|40d,10,6,41.7364266921789,0.30995387,0.0056354282,0.005402119
low_volatility|40d,10,7,41.857450370724706,0.4869611,0.005220202,0.005262643
low_volatility|40d,10,8,41.9282468309017,0.66676337,0.0053164703,0.00543029
low_volatility|40d,10,9,41.86438651040421,0.86375034,0.004915636,0.0054151616
low_volatility|40d,10,10,42.340588375986606,1.1516423,0.0045921877,0.004822881
low_volatility|40d,21,1,41.333413059076776,-2.2064695,0.015459651,0.011837464
low_volatility|40d,21,2,41.794307581918204,-0.8840648,0.0137066,0.012419443
low_volatility|40d,21,3,41.732599856493664,-0.4181242,0.011928695,0.010627183
low_volatility|40d,21,4,41.78450131547476,-0.11873703,0.011845481,0.011102049
low_volatility|40d,21,5,41.94905524994021,0.114446655,0.012371402,0.011604366
low_volatility|40d,21,6,41.605596747189665,0.3099401,0.0114372475,0.010964941
low_volatility|40d,21,7,41.726142071274815,0.48704523,0.011163653,0.011294638
low_volatility|40d,21,8,41.79693853145181,0.6668099,0.011409846,0.011212926
low_volatility|40d,21,9,41.73092561588137,0.863936,0.010739574,0.011147922
low_volatility|40d,21,10,42.197799569480985,1.151825,0.0096996585,0.010557664
low_volatility|40d,42,1,41.079885194929446,-2.20507,0.032352258,0.023351824
low_volatility|40d,42,2,41.54125807223152,-0.88407,0.027123945,0.02360239
low_volatility|40d,42,3,41.48170294187993,-0.41841108,0.023518011,0.021250963
low_volatility|40d,42,4,41.52523319779957,-0.119337216,0.023079442,0.021558162
low_volatility|40d,42,5,41.69720162640517,0.11398071,0.023623206,0.022712115
low_volatility|40d,42,6,41.35661325041856,0.30966887,0.022095468,0.021028103
low_volatility|40d,42,7,41.474288447739774,0.48695278,0.021990808,0.021593291
low_volatility|40d,42,8,41.54556326237742,0.66680044,0.021517001,0.021372274
low_volatility|40d,42,9,41.47739775173404,0.8642084,0.022005286,0.022057485
low_volatility|40d,42,10,41.929442717053334,1.152384,0.020186584,0.020975357
low_volatility|40d,63,1,40.82635733078211,-2.2042332,0.049049646,0.034942754
low_volatility|40d,63,2,41.285338435780915,-0.8835406,0.03994406,0.03540417
low_volatility|40d,63,3,41.226500837120305,-0.41813415,0.035360403,0.031052768
low_volatility|40d,63,4,41.27361875149486,-0.119379856,0.034103423,0.03209745
low_volatility|40d,63,5,41.44558718010045,0.113866106,0.03397981,0.03247684
low_volatility|40d,63,6,41.107390576417124,0.30936655,0.032239344,0.03127779
low_volatility|40d,63,7,41.2212389380531,0.486672,0.031727508,0.030730575
low_volatility|40d,63,8,41.29203539823009,0.6665255,0.031227523,0.030038804
low_volatility|40d,63,9,41.224348242047355,0.86412764,0.032237083,0.031196766
low_volatility|40d,63,10,41.66610858646257,1.1524128,0.030528275,0.03130715
low_volatility|40d,126,1,40.065056206649125,-2.204073,0.095184,0.06379881
low_volatility|40d,126,2,40.499162879693856,-0.8820715,0.0762423,0.06622781
low_volatility|40d,126,3,40.46519971298732,-0.41792327,0.070865534,0.06308825
low_volatility|40d,126,4,40.53312604640038,-0.119482905,0.06959574,0.06346598
low_volatility|40d,126,5,40.68930877780436,0.1136514,0.0686173,0.063474804
low_volatility|40d,126,6,40.35756995933987,0.30923262,0.06635044,0.06269105
low_volatility|40d,126,7,40.47500597943076,0.48647323,0.06392987,0.06057739
low_volatility|40d,126,8,40.531690983018414,0.6662408,0.06243684,0.05901086
low_volatility|40d,126,9,40.461133700071755,0.8635502,0.06301822,0.060948648
low_volatility|40d,126,10,40.8971537909591,1.1517186,0.05925095,0.058362663
low_volatility|40d,252,1,38.55297775651758,-2.2005892,0.19197464,0.12541956
low_volatility|40d,252,2,38.98780196125329,-0.8832429,0.1608197,0.12978847
low_volatility|40d,252,3,38.96412341545085,-0.4192281,0.1481377,0.12817878
low_volatility|40d,252,4,39.01339392489835,-0.1208745,0.14353126,0.12601075
low_volatility|40d,252,5,39.17388184644822,0.1123566,0.14111072,0.12809478
low_volatility|40d,252,6,38.85840707964602,0.3084142,0.13612176,0.12437601
low_volatility|40d,252,7,38.978952403731164,0.48622182,0.13350786,0.122684054
low_volatility|40d,252,8,39.04113848361636,0.6667271,0.13031277,0.12163768
low_volatility|40d,252,9,38.97536474527625,0.86483955,0.12936,0.124784626
low_volatility|40d,252,10,39.34537192059316,1.1539938,0.120638914,0.11810956
low_volatility|60d,1,1,41.55704376943315,-2.2077732,0.00080079614,0.00028469643
low_volatility|60d,1,2,42.01889500119589,-0.9007139,0.0006901822,0.0005178852
low_volatility|60d,1,3,41.957187275771346,-0.42792094,0.00056510157,0.00050929846
low_volatility|60d,1,4,42.028222913178666,-0.12404936,0.0005883117,0.00054284604
low_volatility|60d,1,5,42.16957665630232,0.109505035,0.0006041466,0.0005989474
low_volatility|60d,1,6,41.81822530495097,0.3090904,0.000571189,0.00061481394
low_volatility|60d,1,7,41.974647213585264,0.4906725,0.0005481801,0.0005703568
low_volatility|60d,1,8,42.010523798134415,0.6745642,0.0005157374,0.0005978702
low_volatility|60d,1,9,41.966515187754126,0.8752694,0.00047301242,0.00058491004
low_volatility|60d,1,10,42.443434585027504,1.1679412,0.00051034935,0.00054950285
low_volatility|60d,5,1,41.50896914613729,-2.207607,0.0040527685,0.0027593945
low_volatility|60d,5,2,41.97010284620904,-0.90079486,0.003376003,0.002972612
low_volatility|60d,5,3,41.90935182970581,-0.42801473,0.0027855048,0.002589647
low_volatility|60d,5,4,41.978952403731164,-0.12415852,0.0028959967,0.00279721
low_volatility|60d,5,5,42.12078450131548,0.109439865,0.0028880842,0.0028341904
low_volatility|60d,5,6,41.77038985888544,0.3090726,0.0028855312,0.0028799516
low_volatility|60d,5,7,41.92681176751973,0.49068594,0.0026328792,0.0027056343
low_volatility|60d,5,8,41.96292752929921,0.67458355,0.0025674594,0.0027956383
low_volatility|60d,5,9,41.91867974168859,0.8753149,0.0023538808,0.002563263
low_volatility|60d,5,10,42.39105477158574,1.1679971,0.002496999,0.0027187238
low_volatility|60d,10,1,41.44821812963406,-2.20731,0.007765936,0.005497939
low_volatility|60d,10,2,41.909112652475486,-0.9008687,0.0067362334,0.006199273
low_volatility|60d,10,3,41.84931834489357,-0.42812636,0.0053955447,0.005002287
low_volatility|60d,10,4,41.91891891891892,-0.12429862,0.0058615212,0.005441655
low_volatility|60d,10,5,42.05883759866061,0.10935257,0.0056006475,0.00544206
low_volatility|60d,10,6,41.71083472853385,0.30906114,0.0057431054,0.0054447525
low_volatility|60d,10,7,41.86701745993781,0.4906953,0.005102094,0.0051861457
low_volatility|60d,10,8,41.90313322171729,0.6745997,0.005110942,0.005511699
low_volatility|60d,10,9,41.85816790241569,0.8753759,0.0047565526,0.0050776303
low_volatility|60d,10,10,42.32719445108825,1.1680996,0.0049327575,0.0052121608
low_volatility|60d,21,1,41.31667065295384,-2.206605,0.016424388,0.012516898
low_volatility|60d,21,2,41.77493422626166,-0.90114135,0.014062843,0.012886023
low_volatility|60d,21,3,41.71777086821334,-0.42832237,0.01132475,0.010208236
low_volatility|60d,21,4,41.78593637885673,-0.12455594,0.011975752,0.011550487
low_volatility|60d,21,5,41.92585505859842,0.10917483,0.011629313,0.011216099
low_volatility|60d,21,6,41.58143984692657,0.3090423,0.011602426,0.011118959
low_volatility|60d,21,7,41.735469983257595,0.4907087,0.011062606,0.010936599
low_volatility|60d,21,8,41.77158574503707,0.6746326,0.01065202,0.010852289
low_volatility|60d,21,9,41.723989476201865,0.8755106,0.0102396505,0.01043513
low_volatility|60d,21,10,42.187754125807224,1.1683408,0.010720436,0.011386279
low_volatility|60d,42,1,41.06266443434585,-2.2055445,0.033608176,0.024237579
low_volatility|60d,42,2,41.52140636211433,-0.901171,0.027386103,0.024517026
low_volatility|60d,42,3,41.464003826835686,-0.42837286,0.023398487,0.020903328
low_volatility|60d,42,4,41.52738579287252,-0.12487181,0.023833353,0.022945002
low_volatility|60d,42,5,41.67400143506338,0.10883489,0.021736376,0.021341931
low_volatility|60d,42,6,41.33460894522842,0.30882668,0.022239123,0.022028212
low_volatility|60d,42,7,41.48385553695288,0.4905489,0.022102742,0.020975009
low_volatility|60d,42,8,41.520210475962685,0.67457986,0.021046458,0.021379007
low_volatility|60d,42,9,41.46926572590289,0.875648,0.020554187,0.02021956
low_volatility|60d,42,10,41.922267400143504,1.1686616,0.021455504,0.022156786
low_volatility|60d,63,1,40.806505620664915,-2.205076,0.049942255,0.03586302
low_volatility|60d,63,2,41.267400143506336,-0.900647,0.040641323,0.036278702
low_volatility|60d,63,3,41.2013872279359,-0.4281936,0.034913518,0.03079857
low_volatility|60d,63,4,41.27361875149486,-0.124903746,0.035018206,0.033322267
low_volatility|60d,63,5,41.42406122937096,0.10866404,0.032337867,0.031692114
low_volatility|60d,63,6,41.08682133460894,0.30852386,0.032961372,0.03230183
low_volatility|60d,63,7,41.2324802678785,0.49031204,0.031648442,0.03034445
low_volatility|60d,63,8,41.26907438411863,0.674451,0.030992746,0.030930953
low_volatility|60d,63,9,41.21597703898589,0.8756071,0.030127265,0.028794983
low_volatility|60d,63,10,41.662281750777325,1.1687243,0.0316308,0.03188108
low_volatility|60d,126,1,40.047835446065534,-2.2052703,0.09605349,0.06530054
low_volatility|60d,126,2,40.4900741449414,-0.8991994,0.07654752,0.06516572
low_volatility|60d,126,3,40.432432432432435,-0.42811537,0.0713384,0.06338031
low_volatility|60d,126,4,40.522363071035635,-0.124908105,0.07076404,0.0646544
low_volatility|60d,126,5,40.66778282707486,0.10856382,0.06724033,0.06309047
low_volatility|60d,126,6,40.33819660368333,0.30834484,0.06614043,0.063410476
low_volatility|60d,126,7,40.48792154986845,0.4902226,0.06369551,0.06051814
low_volatility|60d,126,8,40.516383640277446,0.6743995,0.063293464,0.059459545
low_volatility|60d,126,9,40.448935661325045,0.8753201,0.059832636,0.05788499
low_volatility|60d,126,10,40.8945228414255,1.1678214,0.060152024,0.05941403
low_volatility|60d,252,1,38.53432193255202,-2.2011704,0.19603339,0.12560585
low_volatility|60d,252,2,38.97440803635494,-0.8998591,0.16019572,0.1310617
low_volatility|60d,252,3,38.933508729968906,-0.42991397,0.14866349,0.12823576
low_volatility|60d,252,4,39.01411145658933,-0.12621488,0.14345527,0.12731564
low_volatility|60d,252,5,39.13800526189907,0.10719342,0.14046061,0.12799078
low_volatility|60d,252,6,38.830901698158335,0.30736893,0.13535829,0.12502402
low_volatility|60d,252,7,38.99808658215738,0.48985302,0.13514258,0.12431103
low_volatility|60d,252,8,39.0337239894762,0.6750555,0.12892067,0.12032375
low_volatility|60d,252,9,38.965319301602484,0.87679946,0.124375574,0.119015805
low_volatility|60d,252,10,39.3465678067448,1.1698163,0.12266447,0.121924154
low_volatility|90d,1,1,41.53862712269792,-2.2057583,0.0008286531,0.00033624773
low_volatility|90d,1,2,41.989476201865585,-0.91497386,0.0006764292,0.0005555398
low_volatility|90d,1,3,41.96005740253528,-0.43708116,0.00061198295,0.0005284429
low_volatility|90d,1,4,41.999521645539346,-0.13062528,0.0005635393,0.00052510214
low_volatility|90d,1,5,42.1451805788089,0.10653267,0.0005604825,0.0005968306
low_volatility|90d,1,6,41.79048074623296,0.30820197,0.0005494702,0.00057178404
low_volatility|90d,1,7,41.95407797177709,0.49299106,0.0005065395,0.0005619314
low_volatility|90d,1,8,42.00645778521885,0.6798697,0.0005522978,0.00063423166
low_volatility|90d,1,9,41.94475005979431,0.8854816,0.00049812987,0.0005903201
low_volatility|90d,1,10,42.42669217890457,1.1817774,0.00051513535,0.0005694229
low_volatility|90d,5,1,41.490791676632384,-2.2055738,0.0041382266,0.0028574131
low_volatility|90d,5,2,41.94068404687874,-0.91501015,0.0033570838,0.002958218
low_volatility|90d,5,3,41.91174360200909,-0.43714392,0.0029866742,0.0027548051
low_volatility|90d,5,4,41.9507294905525,-0.13067074,0.0027136267,0.0026296529
low_volatility|90d,5,5,42.09710595551304,0.10648544,0.0028140566,0.0027763245
low_volatility|90d,5,6,41.74216694570677,0.308181,0.002717941,0.0027056965
low_volatility|90d,5,7,41.906242525711555,0.49298844,0.0025306877,0.0025752
low_volatility|90d,5,8,41.958622339153315,0.67987293,0.0026934564,0.0028911345
low_volatility|90d,5,9,41.89595790480746,0.88550836,0.002411016,0.0026936627
low_volatility|90d,5,10,42.3759866060751,1.1818311,0.0025504448,0.0027098984
low_volatility|90d,10,1,41.430997369050466,-2.20537,0.007806055,0.0056564272
low_volatility|90d,10,2,41.87969385314518,-0.91504997,0.006831195,0.006174053
low_volatility|90d,10,3,41.85194929442717,-0.43721583,0.005840563,0.0055085635
low_volatility|90d,10,4,41.88950011958862,-0.13072269,0.0053652762,0.0049448153
low_volatility|90d,10,5,42.03731164793112,0.1064257,0.005585312,0.0056179115
low_volatility|90d,10,6,41.68141592920354,0.3081519,0.0053339526,0.005145019
low_volatility|90d,10,7,41.8462090408993,0.49299303,0.0051123532,0.004991607
low_volatility|90d,10,8,41.898588854341064,0.67987365,0.00522867,0.005565004
low_volatility|90d,10,9,41.83544606553456,0.88555104,0.004817017,0.0052159396
low_volatility|90d,10,10,42.312604640038266,1.1818863,0.0050436254,0.005251578
low_volatility|90d,21,1,41.29849318344893,-2.204943,0.016331064,0.012513028
low_volatility|90d,21,2,41.745515426931355,-0.91521865,0.01447434,0.013238982
low_volatility|90d,21,3,41.71992346328629,-0.43733248,0.012034865,0.01110167
low_volatility|90d,21,4,41.756278402296104,-0.13083816,0.011088442,0.010733485
low_volatility|90d,21,5,41.906242525711555,0.1062728,0.011583332,0.011522067
low_volatility|90d,21,6,41.54986845252332,0.30807793,0.011215808,0.011110395
low_volatility|90d,21,7,41.71322650083712,0.49299222,0.010983373,0.010491782
low_volatility|90d,21,8,41.76680220043052,0.6798802,0.011053515,0.011264178
low_volatility|90d,21,9,41.70365941162402,0.88565546,0.010180066,0.010461298
low_volatility|90d,21,10,42.17436020090887,1.1820608,0.010636181,0.011023512
low_volatility|90d,42,1,41.04042095192538,-2.2043476,0.033422995,0.02376488
low_volatility|90d,42,2,41.490791676632384,-0.9151775,0.028401654,0.025777513
low_volatility|90d,42,3,41.46424300406601,-0.4373427,0.02408346,0.022032958
low_volatility|90d,42,4,41.50538148768237,-0.13104224,0.022091962,0.02113733
low_volatility|90d,42,5,41.650083712030614,0.10592687,0.022672582,0.022668736
low_volatility|90d,42,6,41.29801482898828,0.30785266,0.022476388,0.022266446
low_volatility|90d,42,7,41.46209040899306,0.49283287,0.021321759,0.020866446
low_volatility|90d,42,8,41.51590528581679,0.67983794,0.021399003,0.021513417
low_volatility|90d,42,9,41.45252331977996,0.88582534,0.020174313,0.020274945
low_volatility|90d,42,10,41.91317866539106,1.1823298,0.021100206,0.021319695
low_volatility|90d,63,1,40.78091365701985,-2.2042432,0.049605116,0.03527793
low_volatility|90d,63,2,41.23558957187276,-0.91471666,0.0410727,0.036248755
low_volatility|90d,63,3,41.206409949772784,-0.43703616,0.03567304,0.031750347
low_volatility|90d,63,4,41.24898349677111,-0.13100237,0.03346109,0.031716514
low_volatility|90d,63,5,41.39990432910787,0.10577861,0.03388974,0.0335499
low_volatility|90d,63,6,41.051901458981106,0.30763045,0.033972602,0.033383615
low_volatility|90d,63,7,41.21095431714901,0.49268848,0.030028263,0.029143203
low_volatility|90d,63,8,41.26476919397273,0.6797399,0.031556293,0.03129265
low_volatility|90d,63,9,41.200669696244915,0.88578415,0.029519832,0.028887276
low_volatility|90d,63,10,41.65271466156422,1.1821827,0.03112457,0.031174904
low_volatility|90d,126,1,40.031332217172924,-2.204342,0.09682331,0.064911455
low_volatility|90d,126,2,40.44486964840947,-0.9139938,0.0760395,0.06458836
low_volatility|90d,126,3,40.44797895240373,-0.43724927,0.07337758,0.06490227
low_volatility|90d,126,4,40.50466395599139,-0.13119487,0.06818067,0.062393118
low_volatility|90d,126,5,40.63597225544128,0.10556611,0.067109466,0.06411748
low_volatility|90d,126,6,40.294666347763695,0.3073253,0.06844293,0.06485724
low_volatility|90d,126,7,40.462807940684044,0.49264982,0.06263425,0.0599174
low_volatility|90d,126,8,40.5082516144463,0.68015057,0.062175523,0.05963804
low_volatility|90d,126,9,40.44726142071275,0.88604116,0.06033055,0.058625534
low_volatility|90d,126,10,40.884238220521404,1.1816125,0.059540525,0.058864146
low_volatility|90d,252,1,38.5056206649127,-2.19996,0.19683631,0.124422505
low_volatility|90d,252,2,38.93829227457546,-0.9140633,0.16022108,0.13169019
low_volatility|90d,252,3,38.936618033963164,-0.4386724,0.14820635,0.13049154
low_volatility|90d,252,4,39.005501076297534,-0.13278303,0.14206891,0.12493087
low_volatility|90d,252,5,39.11313082994499,0.104063384,0.14023404,0.12814641
low_volatility|90d,252,6,38.7787610619469,0.30608827,0.14094076,0.13091297
low_volatility|90d,252,7,38.979669935422145,0.49210986,0.13343288,0.12496765
low_volatility|90d,252,8,39.0224826596508,0.6807883,0.12788703,0.119677305
low_volatility|90d,252,9,38.96938531451806,0.8874745,0.12313151,0.11692349
low_volatility|90d,252,10,39.341545084907914,1.18338,0.12178519,0.12167077
low_volatility|120d,1,1,41.52403731164793,-2.2050726,0.0008364098,0.00033499533
low_volatility|120d,1,2,41.987323606792636,-0.92317045,0.0006957444,0.0005550193
low_volatility|120d,1,3,41.92513752690744,-0.44177365,0.00057112396,0.00050623243
low_volatility|120d,1,4,41.994498923702466,-0.13570571,0.00059075677,0.0005499167
low_volatility|120d,1,5,42.09495336044009,0.10365974,0.00055148365,0.00054375397
low_volatility|120d,1,6,41.79406840468788,0.30805486,0.000552234,0.00059634965
low_volatility|120d,1,7,41.91891891891892,0.49424717,0.0005420759,0.000585927
low_volatility|120d,1,8,42.005501076297534,0.6824392,0.00052242883,0.00059314887
low_volatility|120d,1,9,41.90719923463286,0.89242333,0.0004993788,0.0006093243
low_volatility|120d,1,10,42.41616838077015,1.1917151,0.00049487024,0.0005528567
low_volatility|120d,5,1,41.4762018655824,-2.20494,0.0041158367,0.0028939901
low_volatility|120d,5,2,41.93757474288448,-0.92319286,0.003510765,0.0031279223
low_volatility|120d,5,3,41.8773020808419,-0.44181362,0.002847724,0.00274816
low_volatility|120d,5,4,41.94546759148529,-0.13575096,0.0028169828,0.0026791643
low_volatility|120d,5,5,42.046878737144226,0.10360491,0.002669966,0.0026834132
low_volatility|120d,5,6,41.746232958622336,0.30802128,0.0028692617,0.0029176772
low_volatility|120d,5,7,41.86917005501076,0.49423826,0.0026501112,0.002711024
low_volatility|120d,5,8,41.957665630232,0.6824487,0.0025258781,0.00280536
low_volatility|120d,5,9,41.85936378856733,0.89245474,0.002475505,0.0027034055
low_volatility|120d,5,10,42.366419516861995,1.191782,0.002403295,0.0025718554
low_volatility|120d,10,1,41.41640755800048,-2.2047877,0.007811505,0.0055773715
low_volatility|120d,10,2,41.87514948576896,-0.9232065,0.0070209703,0.0063144653
low_volatility|120d,10,3,41.816551064338675,-0.4418446,0.005637441,0.005435734
low_volatility|120d,10,4,41.88495575221239,-0.13581908,0.005476749,0.004964802
low_volatility|120d,10,5,41.986845252331975,0.1035391,0.0053692493,0.0053708437
low_volatility|120d,10,6,41.68643865104042,0.3079835,0.0056104157,0.0055218283
low_volatility|120d,10,7,41.80770150681655,0.49422094,0.0053539197,0.005262274
low_volatility|120d,10,8,41.89787132265008,0.68245304,0.004885937,0.005202749
low_volatility|120d,10,9,41.79956948098541,0.8924902,0.0050106593,0.0053819087
low_volatility|120d,10,10,42.3042334369768,1.1918552,0.004740109,0.004894305
low_volatility|120d,21,1,41.28486008132026,-2.2044735,0.016258504,0.012028916
low_volatility|120d,21,2,41.7381009327912,-0.923251,0.014736948,0.013620401
low_volatility|120d,21,3,41.685242764888784,-0.44187406,0.011655179,0.011133884
low_volatility|120d,21,4,41.75173403491988,-0.13593367,0.011817709,0.010949954
low_volatility|120d,21,5,41.85362353503947,0.10341557,0.011123876,0.011176906
low_volatility|120d,21,6,41.55584788328151,0.307908,0.0116545195,0.011627927
low_volatility|120d,21,7,41.67519732121502,0.49418136,0.011286598,0.010815206
low_volatility|120d,21,8,41.766323845969865,0.6824783,0.010312907,0.0106472215
low_volatility|120d,21,9,41.66802200430519,0.8925462,0.010526244,0.010958822
low_volatility|120d,21,10,42.16742406122937,1.1919638,0.01011808,0.010497706
low_volatility|120d,42,1,41.027027027027025,-2.204152,0.032957625,0.02267551
low_volatility|120d,42,2,41.483616359722554,-0.9230872,0.028804272,0.02591936
low_volatility|120d,42,3,41.426931356134894,-0.44183737,0.023063982,0.02142395
low_volatility|120d,42,4,41.498684525233195,-0.13614836,0.02426833,0.02310487
low_volatility|120d,42,5,41.60009567089213,0.10324266,0.02209574,0.021904102
low_volatility|120d,42,6,41.30662520928008,0.3077052,0.022897713,0.02247576
low_volatility|120d,42,7,41.42406122937096,0.49406856,0.021382792,0.021548407
low_volatility|120d,42,8,41.51542693135613,0.68251455,0.020814177,0.021167908
low_volatility|120d,42,9,41.416646735230806,0.89263725,0.020248594,0.020262282
low_volatility|120d,42,10,41.90648170294188,1.1920657,0.020421978,0.02076015
low_volatility|120d,63,1,40.769911504424776,-2.2041707,0.049006127,0.03397945
low_volatility|120d,63,2,41.22506577373834,-0.9227212,0.041604847,0.037068278
low_volatility|120d,63,3,41.168380770150684,-0.44171503,0.034545396,0.031108648
low_volatility|120d,63,4,41.2463525472375,-0.1362333,0.03572808,0.03354189
low_volatility|120d,63,5,41.34895957904808,0.10319815,0.032678917,0.032359593
low_volatility|120d,63,6,41.05907677589094,0.30744687,0.034532033,0.034166817
low_volatility|120d,63,7,41.17292513752691,0.49395636,0.030928643,0.030861137
low_volatility|120d,63,8,41.26429083951208,0.68252707,0.03082156,0.030055698
low_volatility|120d,63,9,41.161205453240854,0.89270014,0.029713543,0.029142736
low_volatility|120d,63,10,41.64960535756996,1.1920223,0.030049765,0.030546196
low_volatility|120d,126,1,40.022004305190144,-2.2039385,0.095272176,0.062899135
low_volatility|120d,126,2,40.4338674958144,-0.9224046,0.07933179,0.06619425
low_volatility|120d,126,3,40.4183209758431,-0.44218332,0.070470676,0.06303074
low_volatility|120d,126,4,40.49653193016025,-0.13665745,0.07067972,0.06481761
low_volatility|120d,126,5,40.59483377182492,0.102799505,0.065571144,0.06294014
low_volatility|120d,126,6,40.30303755082516,0.30696684,0.06784953,0.06411384
low_volatility|120d,126,7,40.413776608466875,0.4939724,0.06393857,0.061669476
low_volatility|120d,126,8,40.5168619947381,0.68313944,0.06247331,0.060113627
low_volatility|120d,126,9,40.403252810332454,0.89342535,0.059471574,0.057922702
low_volatility|120d,126,10,40.88136809375747,1.191715,0.05923361,0.058306962
low_volatility|120d,252,1,38.48792154986845,-2.2001,0.19776891,0.12171259
low_volatility|120d,252,2,38.94690265486726,-0.9209515,0.1610333,0.1334021
low_volatility|120d,252,3,38.898588854341064,-0.442371,0.14581235,0.12966964
low_volatility|120d,252,4,38.9913896197082,-0.13772906,0.14228067,0.12656918
low_volatility|120d,252,5,39.065056206649125,0.10132052,0.13683046,0.122394115
low_volatility|120d,252,6,38.794307581918204,0.30568087,0.14323531,0.13156992
low_volatility|120d,252,7,38.928486008132026,0.49309516,0.13565889,0.12794581
low_volatility|120d,252,8,39.032049748863905,0.68320376,0.12961724,0.123268
low_volatility|120d,252,9,38.92489834967711,0.894215,0.121501885,0.115575895
low_volatility|120d,252,10,39.345611097823486,1.1924834,0.12054591,0.120697185
low_volatility|180d,1,1,41.50011958861516,-2.2034433,0.0008278927,0.00034139704
low_volatility|180d,1,2,41.96388423822052,-0.93187064,0.00065771764,0.0005355985
low_volatility|180d,1,3,41.850275053814876,-0.45025307,0.00060268235,0.000538225
low_volatility|180d,1,4,41.96842860559675,-0.13827844,0.00058436906,0.0005574215
low_volatility|180d,1,5,42.05883759866061,0.10017726,0.0005783656,0.0005582931
low_volatility|180d,1,6,41.749103085386274,0.30792272,0.00057008216,0.0006088379
low_volatility|180d,1,7,41.892609423582876,0.49732924,0.00051565317,0.00054224976
low_volatility|180d,1,8,41.930638603204976,0.6843016,0.000511376,0.0006063856
low_volatility|180d,1,9,41.88519492944272,0.89956135,0.00050970964,0.0006043713
low_volatility|180d,1,10,42.37670413776608,1.2021562,0.0004921562,0.00055569794
low_volatility|180d,5,1,41.45228414254963,-2.2033684,0.0042044926,0.0028465537
low_volatility|180d,5,2,41.914135374312366,-0.93188745,0.0031877586,0.0028379718
low_volatility|180d,5,3,41.80172207605836,-0.45028612,0.002999654,0.0027754672
low_volatility|180d,5,4,41.91891891891892,-0.13831855,0.0028431942,0.0028224103
low_volatility|180d,5,5,42.011002152595076,0.10013316,0.0028048232,0.002658568
low_volatility|180d,5,6,41.700310930399425,0.3078953,0.002798903,0.002834205
low_volatility|180d,5,7,41.84477397751734,0.4973158,0.0025633874,0.002641855
low_volatility|180d,5,8,41.88280315713944,0.6843287,0.0025345555,0.0027791471
low_volatility|180d,5,9,41.837359483377185,0.8995878,0.0025009976,0.0028119613
low_volatility|180d,5,10,42.326955273857926,1.2022123,0.0024210946,0.0026411435
low_volatility|180d,10,1,41.39248983496771,-2.2032807,0.008054108,0.0057607144
low_volatility|180d,10,2,41.85194929442717,-0.93190676,0.0063216533,0.005574512
low_volatility|180d,10,3,41.740492705094475,-0.45032868,0.005962208,0.0057129944
low_volatility|180d,10,4,41.85792872518536,-0.1383783,0.0056272876,0.005299088
low_volatility|180d,10,5,41.95120784501316,0.10007571,0.005527989,0.005279534
low_volatility|180d,10,6,41.6395599138962,0.30785847,0.005489885,0.005609525
low_volatility|180d,10,7,41.784979669935424,0.4973008,0.005045926,0.005090752
low_volatility|180d,10,8,41.823008849557525,0.6843682,0.0050439737,0.005328766
low_volatility|180d,10,9,41.77756517579527,0.8996296,0.0050240164,0.005512483
low_volatility|180d,10,10,42.26476919397273,1.2022787,0.0047680186,0.0049928506
low_volatility|180d,21,1,41.260942358287494,-2.2030873,0.016912594,0.012552161
low_volatility|180d,21,2,41.71490074144941,-0.9319721,0.0130248265,0.011501039
low_volatility|180d,21,3,41.60751016503229,-0.4504468,0.012656968,0.012176479
low_volatility|180d,21,4,41.724707007892846,-0.1385285,0.011615124,0.011112503
low_volatility|180d,21,5,41.81966036833293,0.099963024,0.011778853,0.0113924965
low_volatility|180d,21,6,41.5082516144463,0.30778053,0.011364317,0.011570002
low_volatility|180d,21,7,41.6534321932552,0.4972904,0.010725588,0.010647904
low_volatility|180d,21,8,41.6914613728773,0.68445665,0.010585072,0.011167781
low_volatility|180d,21,9,41.64601769911504,0.8997346,0.010575292,0.010945336
low_volatility|180d,21,10,42.12795981822531,1.2024219,0.010135798,0.01062032
low_volatility|180d,42,1,41.00813202583114,-2.2028215,0.034433406,0.024419414
low_volatility|180d,42,2,41.45515426931356,-0.93190634,0.025207749,0.022274207
low_volatility|180d,42,3,41.34824204735709,-0.45058185,0.025256518,0.023915015
low_volatility|180d,42,4,41.46854819421191,-0.13877197,0.023517456,0.022113794
low_volatility|180d,42,5,41.56852427648888,0.099752605,0.023134239,0.022593156
low_volatility|180d,42,6,41.26142071274815,0.3075654,0.022236502,0.022394685
low_volatility|180d,42,7,41.402296101411146,0.49717978,0.02093655,0.0207986
low_volatility|180d,42,8,41.44056445826357,0.6845968,0.021014035,0.022025669
low_volatility|180d,42,9,41.39464243004066,0.899988,0.020648355,0.02069018
low_volatility|180d,42,10,41.86701745993781,1.2025778,0.02035131,0.020432109
low_volatility|180d,63,1,40.75388662999283,-2.2027206,0.05073845,0.036459684
low_volatility|180d,63,2,41.19301602487443,-0.9316627,0.037023388,0.03144035
low_volatility|180d,63,3,41.09232241090648,-0.45068142,0.037163787,0.03429757
low_volatility|180d,63,4,41.21884716574982,-0.13889213,0.035450295,0.033180233
low_volatility|180d,63,5,41.31738818464482,0.09958981,0.033961263,0.033153556
low_volatility|180d,63,6,41.01363310212868,0.30730525,0.032254305,0.032066323
low_volatility|180d,63,7,41.151877541258074,0.49708122,0.031072296,0.02975057
low_volatility|180d,63,8,41.18942836641952,0.68473035,0.031379774,0.031293824
low_volatility|180d,63,9,41.1435063381966,0.90025127,0.030409735,0.029996058
low_volatility|180d,63,10,41.60583592441999,1.2025917,0.029916165,0.029877583
low_volatility|180d,126,1,39.98660607510165,-2.2010682,0.09663522,0.06528954
low_volatility|180d,126,2,40.42764888782588,-0.93140197,0.07473591,0.06170539
low_volatility|180d,126,3,40.34369767998086,-0.45117837,0.073981114,0.06601804
low_volatility|180d,126,4,40.462807940684044,-0.13968311,0.068526015,0.06195665
low_volatility|180d,126,5,40.56565414972495,0.09889391,0.06929966,0.06446885
low_volatility|180d,126,6,40.25998564936618,0.30663466,0.06497398,0.06224724
low_volatility|180d,126,7,40.39368572111935,0.49702504,0.063876905,0.060677357
low_volatility|180d,126,8,40.439129394881604,0.68532026,0.06434879,0.061551932
low_volatility|180d,126,9,40.38770629036116,0.9011947,0.059667084,0.058696818
low_volatility|180d,126,10,40.84070796460177,1.2025745,0.058254,0.05809278
low_volatility|180d,252,1,38.45252331977996,-2.1980438,0.20252192,0.13038404
low_volatility|180d,252,2,38.9394881607271,-0.9300971,0.14997475,0.12154803
low_volatility|180d,252,3,38.8435780913657,-0.45049006,0.15185773,0.13823335
low_volatility|180d,252,4,38.943793350872994,-0.1398127,0.1374137,0.12134528
low_volatility|180d,252,5,39.034680698397516,0.09770532,0.14412366,0.12630807
low_volatility|180d,252,6,38.75508251614446,0.3051758,0.13577625,0.12454276
low_volatility|180d,252,7,38.90600334848123,0.4960119,0.1381259,0.13006526
low_volatility|180d,252,8,38.9550346806984,0.6846152,0.13408025,0.12955761
low_volatility|180d,252,9,38.90050227218369,0.9015616,0.1212162,0.11490614
low_volatility|180d,252,10,39.3154747668022,1.2028913,0.1191224,0.1188056
low_volatility|252d,1,1,41.463286295144705,-2.2040713,0.00083658716,0.00032949977
low_volatility|252d,1,2,41.91150442477876,-0.9357667,0.0006664705,0.00057178887
low_volatility|252d,1,3,41.79693853145181,-0.45325935,0.00062621845,0.0005652918
low_volatility|252d,1,4,41.90767758909352,-0.14048167,0.000546901,0.00052689115
low_volatility|252d,1,5,42.016981583353264,0.09766531,0.00060300215,0.00055895705
low_volatility|252d,1,6,41.72351112174121,0.30638203,0.0005553835,0.0005811955
low_volatility|252d,1,7,41.833054293231285,0.49957865,0.0005338401,0.00056949735
low_volatility|252d,1,8,41.87251853623535,0.686904,0.00047599865,0.00057544705
low_volatility|252d,1,9,41.8366419516862,0.90447974,0.00053016917,0.00060014747
low_volatility|252d,1,10,42.351351351351354,1.2059878,0.00047731595,0.0005242265
low_volatility|252d,5,1,41.41329825400622,-2.2039783,0.0041716797,0.0027264964
low_volatility|252d,5,2,41.863908155943555,-0.93582237,0.0033042065,0.0030284727
low_volatility|252d,5,3,41.74814637646496,-0.45329893,0.0030259606,0.0030126309
low_volatility|252d,5,4,41.85984214302798,-0.1405543,0.002683328,0.0025870425
low_volatility|252d,5,5,41.96818942836642,0.09761281,0.0029762068,0.0027937947
low_volatility|252d,5,6,41.676632384596985,0.30635288,0.0027384805,0.002749111
low_volatility|252d,5,7,41.78521884716575,0.49957228,0.0027110628,0.002829808
low_volatility|252d,5,8,41.82468309016981,0.6869527,0.0023478912,0.002644167
low_volatility|252d,5,9,41.78904568285099,0.904538,0.0025674389,0.0028627513
low_volatility|252d,5,10,42.30136331021287,1.2060372,0.0023383514,0.0025187004
low_volatility|252d,10,1,41.35111217412102,-2.2038467,0.008026785,0.0056033605
low_volatility|252d,10,2,41.80411384836164,-0.93588054,0.0064288573,0.005703276
low_volatility|252d,10,3,41.68715618273141,-0.4533496,0.006035376,0.0059417947
low_volatility|252d,10,4,41.80028701267639,-0.14065297,0.005245092,0.0049641305
low_volatility|252d,10,5,41.90719923463286,0.097550265,0.005922285,0.005689145
low_volatility|252d,10,6,41.617794785936375,0.30631083,0.0053856443,0.0053603803
low_volatility|252d,10,7,41.72566371681416,0.4995646,0.0054494375,0.0055045052
low_volatility|252d,10,8,41.764888782587896,0.6870144,0.0046646576,0.005169619
low_volatility|252d,10,9,41.72925137526907,0.9046116,0.0050698486,0.0055109565
low_volatility|252d,10,10,42.23917723032767,1.2060939,0.004657106,0.00476326
low_volatility|252d,21,1,41.214302798373595,-2.2035666,0.01654099,0.012167298
low_volatility|252d,21,2,41.67256637168141,-0.9359714,0.013383167,0.012293345
low_volatility|252d,21,3,41.55297775651758,-0.4534496,0.013092422,0.012735571
low_volatility|252d,21,4,41.669457067687155,-0.14085527,0.0109063275,0.010306936
low_volatility|252d,21,5,41.77493422626166,0.09740167,0.012440118,0.011762264
low_volatility|252d,21,6,41.48624730925616,0.30622324,0.01133299,0.011506614
low_volatility|252d,21,7,41.596747189667546,0.49950972,0.011403374,0.0114176115
low_volatility|252d,21,8,41.63334130590768,0.68712556,0.009923889,0.010749949
low_volatility|252d,21,9,41.59746472135853,0.9047885,0.010474668,0.010716647
low_volatility|252d,21,10,42.10260703181057,1.2062192,0.009946936,0.010395073
low_volatility|252d,42,1,40.953121262855774,-2.2030983,0.03346544,0.024021773
low_volatility|252d,42,2,41.42119110260703,-0.93597376,0.02650514,0.023447007
low_volatility|252d,42,3,41.29586223391533,-0.4535104,0.026066132,0.02420911
low_volatility|252d,42,4,41.418799330303756,-0.14111564,0.021679558,0.020647535
low_volatility|252d,42,5,41.52403731164793,0.09711705,0.024412086,0.024045186
low_volatility|252d,42,6,41.235828749103085,0.30597863,0.022316553,0.022321302
low_volatility|252d,42,7,41.349916287969386,0.49932903,0.022531802,0.022255467
low_volatility|252d,42,8,41.38172685960296,0.6872504,0.020003602,0.02126603
low_volatility|252d,42,9,41.34250179382923,0.9051237,0.019981995,0.020084998
low_volatility|252d,42,10,41.84596986366898,1.206428,0.019925207,0.02032738
low_volatility|252d,63,1,40.69217890456829,-2.2028282,0.0495897,0.035866246
low_volatility|252d,63,2,41.16933747907199,-0.93576247,0.038992498,0.033278182
low_volatility|252d,63,3,41.0353982300885,-0.45340756,0.03812891,0.03450694
low_volatility|252d,63,4,41.17101171968429,-0.14128575,0.031990573,0.030619398
low_volatility|252d,63,5,41.27290121980388,0.09690783,0.036028933,0.034686293
low_volatility|252d,63,6,40.986127720640994,0.30571207,0.03302245,0.033107232
low_volatility|252d,63,7,41.102367854580244,0.4991726,0.033132225,0.032021936
low_volatility|252d,63,8,41.12556804592203,0.68733007,0.030144108,0.030528488
low_volatility|252d,63,9,41.09136570198517,0.9053764,0.029154068,0.028519856
low_volatility|252d,63,10,41.58981104998804,1.2064435,0.02943167,0.02971576
low_volatility|252d,126,1,39.923463286295146,-2.2018259,0.09747835,0.06699842
low_volatility|252d,126,2,40.41616838077015,-0.9347949,0.073624834,0.061749924
low_volatility|252d,126,3,40.26979191580961,-0.45314652,0.07407588,0.0650438
low_volatility|252d,126,4,40.41688591246113,-0.14176513,0.06688043,0.062366385
low_volatility|252d,126,5,40.51805788088974,0.0962646,0.07148933,0.066682205
low_volatility|252d,126,6,40.232241090648174,0.3050571,0.06473929,0.06210236
low_volatility|252d,126,7,40.35230806027266,0.4987865,0.065900184,0.06293219
low_volatility|252d,126,8,40.3673762257833,0.68743026,0.06336712,0.06054836
low_volatility|252d,126,9,40.34130590767759,0.9059756,0.059035957,0.057237595
low_volatility|252d,126,10,40.82133460894523,1.2062957,0.057947602,0.057172254
low_volatility|252d,252,1,38.38770629036116,-2.1996286,0.19874533,0.12602724
low_volatility|252d,252,2,38.93374790719923,-0.935353,0.15330268,0.124225065
low_volatility|252d,252,3,38.759148529060035,-0.45294353,0.15022418,0.13474545
low_volatility|252d,252,4,38.906960057402536,-0.14177878,0.13685872,0.122103274
low_volatility|252d,252,5,38.99856493661803,0.09530499,0.14726456,0.12893762
low_volatility|252d,252,6,38.73020808419039,0.30369228,0.1363784,0.12620898
low_volatility|252d,252,7,38.86366897871323,0.4980447,0.13713731,0.12887515
low_volatility|252d,252,8,38.87634537192059,0.6870794,0.13385385,0.13013849
low_volatility|252d,252,9,38.85266682611815,0.90676117,0.12372077,0.11721668
low_volatility|252d,252,10,39.297536474527625,1.2077302,0.116630845,0.11561727
trend|SMA20,1,1,41.59650801243722,-1.7929442,0.00082462176,0.0005900681
trend|SMA20,1,2,42.052858167902414,-0.8975659,0.00071439054,0.0005831063
trend|SMA20,1,3,41.98923702463525,-0.55541545,0.0006745829,0.0006011827
trend|SMA20,1,4,42.027027027027025,-0.30786106,0.0005986672,0.00059789367
trend|SMA20,1,5,42.214302798373595,-0.0949838,0.00053961546,0.0005099249
trend|SMA20,1,6,41.86701745993781,0.107224725,0.0005484521,0.00055292237
trend|SMA20,1,7,41.960774934226265,0.31626752,0.0005067643,0.00054925994
trend|SMA20,1,8,42.056206649127006,0.5577986,0.00055921933,0.00061168836
trend|SMA20,1,9,41.98588854341067,0.8837858,0.0004421509,0.0004637207
trend|SMA20,1,10,42.47739775173404,1.7482008,0.0004635654,0.00030989447
trend|SMA20,5,1,41.54867256637168,-1.7931249,0.0037641192,0.003084101
trend|SMA20,5,2,42.003826835685246,-0.89761,0.0035035738,0.003272104
trend|SMA20,5,3,41.94140157856972,-0.55535847,0.0031074595,0.0028572371
trend|SMA20,5,4,41.97919158096149,-0.307781,0.0030373156,0.0028826648
trend|SMA20,5,5,42.16431475723511,-0.09489698,0.0027420511,0.0026822868
trend|SMA20,5,6,41.818703659411625,0.10731113,0.0027648134,0.002848113
trend|SMA20,5,7,41.911982779239416,0.3163412,0.002626171,0.002758413
trend|SMA20,5,8,42.0069361396795,0.55785656,0.0026889348,0.0027179501
trend|SMA20,5,9,41.93637885673284,0.88375276,0.002333441,0.002478852
trend|SMA20,5,10,42.42764888782588,1.7480034,0.0023891716,0.00197194
trend|SMA20,10,1,41.488639081559434,-1.7932626,0.006848383,0.00549389
trend|SMA20,10,2,41.94355417364267,-0.8976379,0.006656269,0.0059946566
trend|SMA20,10,3,41.88065056206649,-0.55529505,0.006091491,0.0056385593
trend|SMA20,10,4,41.91796220999761,-0.30770794,0.0057271575,0.0054400316
trend|SMA20,10,5,42.1028462090409,-0.09481337,0.0054658,0.0052379225
trend|SMA20,10,6,41.75651757952643,0.10738502,0.005625473,0.005563671
trend|SMA20,10,7,41.8505142310452,0.3163905,0.0053519583,0.0053919917
trend|SMA20,10,8,41.94666347763693,0.5578389,0.005244572,0.0053069433
trend|SMA20,10,9,41.87658454915092,0.88368875,0.0048837243,0.0049810866
trend|SMA20,10,10,42.36594116240134,1.7478608,0.0051389807,0.0042866664
trend|SMA20,21,1,41.35685242764889,-1.792751,0.013576205,0.011324894
trend|SMA20,21,2,41.8124850514231,-0.89772063,0.013199212,0.012070529
trend|SMA20,21,3,41.748385553695286,-0.55547047,0.012800584,0.01205867
trend|SMA20,21,4,41.7830662520928,-0.30787495,0.012320672,0.011656777
trend|SMA20,21,5,41.96842860559675,-0.09495029,0.011842732,0.011415564
trend|SMA20,21,6,41.622099976082275,0.10728055,0.011969482,0.011598066
trend|SMA20,21,7,41.71705333652236,0.31631008,0.011422222,0.011216428
trend|SMA20,21,8,41.8124850514231,0.55778724,0.010920513,0.010780892
trend|SMA20,21,9,41.74312365462808,0.8836291,0.0105422735,0.010155816
trend|SMA20,21,10,42.23176273618751,1.7480735,0.01114707,0.009476218
trend|SMA20,42,1,41.10667304472614,-1.7920431,0.026001051,0.022610458
trend|SMA20,42,2,41.55728294666348,-0.89749205,0.025926877,0.024105133
trend|SMA20,42,3,41.49246591724468,-0.55554235,0.024964096,0.023668844
trend|SMA20,42,4,41.52929921071514,-0.30817783,0.024052594,0.022344487
trend|SMA20,42,5,41.71226979191581,-0.09533154,0.023006441,0.021890018
trend|SMA20,42,6,41.36546280794068,0.106925644,0.02332595,0.022209689
trend|SMA20,42,7,41.461851231762736,0.31598905,0.023113634,0.022264494
trend|SMA20,42,8,41.55776130112413,0.55757064,0.022304876,0.021596363
trend|SMA20,42,9,41.4874431954078,0.88362306,0.02116934,0.019726194
trend|SMA20,42,10,41.97656063142789,1.7486464,0.023629693,0.019482387
trend|SMA20,63,1,40.8607988519493,-1.793144,0.03822832,0.031771388
trend|SMA20,63,2,41.30662520928008,-0.89772534,0.036835164,0.033484615
trend|SMA20,63,3,41.23989476201866,-0.5556254,0.035900753,0.03368021
trend|SMA20,63,4,41.27481463764649,-0.3081128,0.035200924,0.03298282
trend|SMA20,63,5,41.45658933269553,-0.09504131,0.03393537,0.031885482
trend|SMA20,63,6,41.11337000717532,0.10742706,0.034570582,0.03230144
trend|SMA20,63,7,41.208562544845734,0.31659573,0.034150265,0.032052275
trend|SMA20,63,8,41.299689069600575,0.55824596,0.033599216,0.031440824
trend|SMA20,63,9,41.23104520449653,0.88416433,0.032154825,0.029301196
trend|SMA20,63,10,41.7156182731404,1.7470179,0.035822295,0.02928711
trend|SMA20,126,1,40.11337000717532,-1.795214,0.07372222,0.06027765
trend|SMA20,126,2,40.54675914852906,-0.8977881,0.07060041,0.06365874
trend|SMA20,126,3,40.48098541018895,-0.55529237,0.069852866,0.0649474
trend|SMA20,126,4,40.51757952642908,-0.307596,0.069103,0.06384139
trend|SMA20,126,5,40.69361396795025,-0.09441916,0.06779604,0.06291936
trend|SMA20,126,6,40.35685242764889,0.108197674,0.06836612,0.06247944
trend|SMA20,126,7,40.45324085147094,0.31742567,0.06763852,0.062026653
trend|SMA20,126,8,40.542214781152836,0.55911565,0.06752167,0.06114261
trend|SMA20,126,9,40.468309016981586,0.8848623,0.066294596,0.05947646
trend|SMA20,126,10,40.939966515187756,1.7442199,0.07475847,0.0594825
trend|SMA20,252,1,38.60224826596508,-1.7973814,0.14805585,0.11988333
trend|SMA20,252,2,39.04089930638603,-0.89788574,0.14497757,0.12602691
trend|SMA20,252,3,38.98541018895001,-0.5551633,0.14264908,0.12765883
trend|SMA20,252,4,39.00789284860081,-0.30717948,0.14115012,0.12728995
trend|SMA20,252,5,39.16574982061708,-0.093671374,0.1396735,0.1267719
trend|SMA20,252,6,38.84907916766324,0.109204605,0.1402262,0.12730609
trend|SMA20,252,7,38.950011958861516,0.31857726,0.14037265,0.12653738
trend|SMA20,252,8,39.041377660846685,0.5601083,0.14030434,0.12514716
trend|SMA20,252,9,38.969624491748384,0.885306,0.14058162,0.12290926
trend|SMA20,252,10,39.40899306386032,1.7416219,0.15710984,0.122228876
trend|SMA50,1,1,41.563501554652,-1.7869549,0.00080761,0.0005774347
trend|SMA50,1,2,42.030375508251616,-0.933397,0.00067306677,0.00060710206
trend|SMA50,1,3,41.96508012437216,-0.58597815,0.00060389494,0.0005730568
trend|SMA50,1,4,42.028222913178666,-0.32623115,0.00056882564,0.00051909126
trend|SMA50,1,5,42.18249222674002,-0.09944613,0.0005531334,0.0005599031
trend|SMA50,1,6,41.83448935661325,0.11689736,0.0005561265,0.0005818946
trend|SMA50,1,7,41.967950251136095,0.33718035,0.0005495436,0.0005830626
trend|SMA50,1,8,42.02511360918441,0.58543277,0.00053650944,0.00057229685
trend|SMA50,1,9,41.9705812006697,0.9108514,0.0004993937,0.00052637357
trend|SMA50,1,10,42.45228414254963,1.746072,0.0005188251,0.00037131837
trend|SMA50,5,1,41.515666108586466,-1.7870653,0.0035991631,0.0030894466
trend|SMA50,5,2,41.98158335326477,-0.9334428,0.003470166,0.003148604
trend|SMA50,5,3,41.91604879215499,-0.58594966,0.0030964427,0.0028413439
trend|SMA50,5,4,41.97943075819182,-0.32616043,0.002855438,0.0025535708
trend|SMA50,5,5,42.13465678067448,-0.09937335,0.0026782546,0.0026699062
trend|SMA50,5,6,41.78617555608706,0.11694935,0.002577024,0.0027534144
trend|SMA50,5,7,41.91939727337957,0.3372261,0.002776024,0.0029412864
trend|SMA50,5,8,41.97656063142789,0.5854782,0.0026175983,0.0027835288
trend|SMA50,5,9,41.92083233676154,0.91084665,0.0025416103,0.0026226514
trend|SMA50,5,10,42.40253527864147,1.7458783,0.0027151692,0.0020568236
trend|SMA50,10,1,41.456110978234875,-1.787053,0.006642423,0.005863049
trend|SMA50,10,2,41.92107151399187,-0.9334666,0.006700778,0.005938891
trend|SMA50,10,3,41.8548194211911,-0.5859112,0.006183836,0.005519472
trend|SMA50,10,4,41.91796220999761,-0.32610923,0.0057628127,0.005303369
trend|SMA50,10,5,42.074384118631905,-0.099365965,0.0054084416,0.0051790564
trend|SMA50,10,6,41.72518536235351,0.11694148,0.0052377577,0.0055542006
trend|SMA50,10,7,41.85816790241569,0.33722094,0.005273448,0.005568586
trend|SMA50,10,8,41.915570437694335,0.58544356,0.005232741,0.0053496663
trend|SMA50,10,9,41.860559674718964,0.9108026,0.005117444,0.0049340404
trend|SMA50,10,10,42.341545084907914,1.7458013,0.005433039,0.0043516997
trend|SMA50,21,1,41.326955273857926,-1.7862828,0.013609637,0.012184954
trend|SMA50,21,2,41.790002391772305,-0.9335597,0.013553088,0.012369776
trend|SMA50,21,3,41.721119349437934,-0.58612907,0.013100605,0.011951983
trend|SMA50,21,4,41.782827074862475,-0.32635772,0.011917535,0.011246872
trend|SMA50,21,5,41.94044486964841,-0.09956652,0.011717082,0.011322588
trend|SMA50,21,6,41.59387706290361,0.116757214,0.011351669,0.01136345
trend|SMA50,21,7,41.72518536235351,0.33705264,0.011258235,0.011410239
trend|SMA50,21,8,41.78187036594116,0.5853073,0.010977019,0.0111123705
trend|SMA50,21,9,41.72518536235351,0.91077495,0.010917425,0.010344585
trend|SMA50,21,10,42.20664912700311,1.7462633,0.011230826,0.008869211
trend|SMA50,42,1,41.08108108108108,-1.7863053,0.025752464,0.022390405
trend|SMA50,42,2,41.53480028701268,-0.93335,0.02629416,0.024502762
trend|SMA50,42,3,41.469026548672566,-0.5861541,0.02580434,0.024427375
trend|SMA50,42,4,41.52906003348481,-0.32657486,0.023819866,0.02259688
trend|SMA50,42,5,41.68476441042813,-0.099768385,0.022975387,0.021786591
trend|SMA50,42,6,41.344893566132505,0.116694406,0.022407811,0.021588186
trend|SMA50,42,7,41.470461612054535,0.33710283,0.022299286,0.021661833
trend|SMA50,42,8,41.5254723750299,0.5855352,0.021774057,0.021147557
trend|SMA50,42,9,41.468309016981586,0.91116536,0.022190936,0.02053868
trend|SMA50,42,10,41.94451088256398,1.7458528,0.023909425,0.018999232
trend|SMA50,63,1,40.835206888304235,-1.788547,0.03735439,0.030759022
trend|SMA50,63,2,41.28198995455632,-0.9340483,0.037585694,0.03445627
trend|SMA50,63,3,41.2169337479072,-0.5862872,0.03682102,0.034494095
trend|SMA50,63,4,41.27433628318584,-0.32623643,0.03458882,0.032796048
trend|SMA50,63,5,41.43075819182014,-0.099066876,0.03371988,0.031570558
trend|SMA50,63,6,41.095910069361395,0.11766555,0.033281736,0.031657506
trend|SMA50,63,7,41.21310691222196,0.33821255,0.03386939,0.032205403
trend|SMA50,63,8,41.268117675197324,0.5866888,0.033021905,0.031111507
trend|SMA50,63,9,41.21549868452524,0.91210145,0.033215277,0.030267188
trend|SMA50,63,10,41.68045922028223,1.7433199,0.036513247,0.028528789
trend|SMA50,126,1,40.09184405644583,-1.7918833,0.07159661,0.05760911
trend|SMA50,126,2,40.527864147333176,-0.9345636,0.071539134,0.0649368
trend|SMA50,126,3,40.4563501554652,-0.5860197,0.07032734,0.06477347
trend|SMA50,126,4,40.522363071035635,-0.32555702,0.068664655,0.063760825
trend|SMA50,126,5,40.670174599378136,-0.098112985,0.0671729,0.06264433
trend|SMA50,126,6,40.337718249222675,0.118879914,0.067057885,0.06321087
trend|SMA50,126,7,40.45874192776848,0.33975422,0.06800054,0.06281793
trend|SMA50,126,8,40.5056206649127,0.58836156,0.0678216,0.062195826
trend|SMA50,126,9,40.450609901937334,0.91323334,0.06729356,0.059892777
trend|SMA50,126,10,40.8971537909591,1.7393068,0.07537084,0.058013055
trend|SMA50,252,1,38.578330542932314,-1.7953817,0.14876273,0.11796076
trend|SMA50,252,2,39.02128677349916,-0.935777,0.14655156,0.12708326
trend|SMA50,252,3,38.957665630232,-0.58589184,0.14368396,0.12837757
trend|SMA50,252,4,39.01291557043769,-0.32466927,0.14040557,0.12668031
trend|SMA50,252,5,39.150442477876105,-0.09683779,0.13847902,0.1267201
trend|SMA50,252,6,38.82755321693375,0.12056926,0.13722603,0.1265864
trend|SMA50,252,7,38.956469744080366,0.34167513,0.13831486,0.12714027
trend|SMA50,252,8,39.00119588615164,0.5901887,0.14040343,0.12683259
trend|SMA50,252,9,38.95694809854102,0.9142321,0.14291298,0.12629528
trend|SMA50,252,10,39.375747428844775,1.7354271,0.1578693,0.11901331
trend|SMA100,1,1,41.53456110978235,-1.7736452,0.0008029748,0.00057682965
trend|SMA100,1,2,41.98923702463525,-0.9423653,0.000673808,0.0006152974
trend|SMA100,1,3,41.95168619947381,-0.5974773,0.0006130296,0.00056825916
trend|SMA100,1,4,41.99689069600574,-0.33736104,0.0005357256,0.00050429173
trend|SMA100,1,5,42.128198995455634,-0.10693343,0.0005014819,0.00052077236
trend|SMA100,1,6,41.79669935422148,0.11455825,0.00059179426,0.000614418
trend|SMA100,1,7,41.93853145180579,0.33987746,0.00058042124,0.000580493
trend|SMA100,1,8,42.01195886151638,0.5912028,0.0005338556,0.0005851204
trend|SMA100,1,9,41.93135613489596,0.9195503,0.00052062894,0.00050671457
trend|SMA100,1,10,42.42358287491031,1.7571813,0.00050793175,0.00038869906
trend|SMA100,5,1,41.4874431954078,-1.7738198,0.0037561313,0.003255518
trend|SMA100,5,2,41.94044486964841,-0.9424132,0.003248729,0.00313778
trend|SMA100,5,3,41.90337239894762,-0.5974551,0.0030223234,0.0027539781
trend|SMA100,5,4,41.949294427170535,-0.33732677,0.002728949,0.0026388317
trend|SMA100,5,5,42.07964601769911,-0.10686626,0.0025381527,0.0026333034
trend|SMA100,5,6,41.74790719923463,0.114653535,0.0027288843,0.0027705536
trend|SMA100,5,7,41.890456828509926,0.33996764,0.0027400919,0.0028317038
trend|SMA100,5,8,41.96340588375987,0.5912879,0.0026867192,0.002818655
trend|SMA100,5,9,41.881128916527146,0.9195953,0.002715773,0.002557204
trend|SMA100,5,10,42.37407318823248,1.7569169,0.0027267695,0.0021955608
trend|SMA100,10,1,41.42884477397752,-1.7739576,0.0068572797,0.006217766
trend|SMA100,10,2,41.87969385314518,-0.94242257,0.0064041577,0.005848024
trend|SMA100,10,3,41.843099736905046,-0.597389,0.0060479245,0.0056163548
trend|SMA100,10,4,41.889260942358284,-0.33727896,0.005430408,0.0051759435
trend|SMA100,10,5,42.018177469504906,-0.10683748,0.005054636,0.0049820007
trend|SMA100,10,6,41.687395359961734,0.11470398,0.0054256283,0.005518387
trend|SMA100,10,7,41.830184166467355,0.34003887,0.0054174825,0.0053949496
trend|SMA100,10,8,41.90241569002631,0.5913314,0.0053243535,0.0053591384
trend|SMA100,10,9,41.8184644821813,0.91961485,0.005418278,0.0050719623
trend|SMA100,10,10,42.31308299449892,1.7566824,0.005542347,0.0045166216
trend|SMA100,21,1,41.2999282468309,-1.7739064,0.013801138,0.012744741
trend|SMA100,21,2,41.749103085386274,-0.9423787,0.013013627,0.012171476
trend|SMA100,21,3,41.71059555130351,-0.5973851,0.012778294,0.011884755
trend|SMA100,21,4,41.756995933987085,-0.3372701,0.0115405945,0.011439329
trend|SMA100,21,5,41.88304233436977,-0.10683154,0.011133864,0.010855117
trend|SMA100,21,6,41.55680459220282,0.114738226,0.011464099,0.011148628
trend|SMA100,21,7,41.69863668978713,0.34007522,0.011434338,0.011374723
trend|SMA100,21,8,41.769911504424776,0.5912878,0.011313374,0.011158912
trend|SMA100,21,9,41.680937574742885,0.9195822,0.011041681,0.010357152
trend|SMA100,21,10,42.17531690983019,1.7565325,0.0119623095,0.009520619
trend|SMA100,42,1,41.05429323128438,-1.7752447,0.025974788,0.022743136
trend|SMA100,42,2,41.49461851231763,-0.9427193,0.026309239,0.024264047
trend|SMA100,42,3,41.45874192776848,-0.5975818,0.025323331,0.023856493
trend|SMA100,42,4,41.50609901937336,-0.33732978,0.023762636,0.023406278
trend|SMA100,42,5,41.630710356374074,-0.106637105,0.022522964,0.022081597
trend|SMA100,42,6,41.30566850035876,0.11524358,0.022771146,0.022085985
trend|SMA100,42,7,41.44486964840947,0.34085277,0.021810453,0.021058703
trend|SMA100,42,8,41.51207845013155,0.5922391,0.02213434,0.020822728
trend|SMA100,42,9,41.423822052140636,0.9205438,0.021290448,0.019492727
trend|SMA100,42,10,41.90935182970581,1.7550071,0.025014196,0.019680623
trend|SMA100,63,1,40.807940684046876,-1.777659,0.0369922,0.03058794
trend|SMA100,63,2,41.24491748385554,-0.9434626,0.037610166,0.03398614
trend|SMA100,63,3,41.20808419038507,-0.59787786,0.03709791,0.034760196
trend|SMA100,63,4,41.25544128198995,-0.33723065,0.035215795,0.034006402
trend|SMA100,63,5,41.37718249222674,-0.10609109,0.033628143,0.03240636
trend|SMA100,63,6,41.05548911743602,0.11622065,0.033641044,0.032742456
trend|SMA100,63,7,41.18942836641952,0.34215954,0.032729667,0.03138735
trend|SMA100,63,8,41.25209280076537,0.59372437,0.032842577,0.030380204
trend|SMA100,63,9,41.16431475723511,0.92176694,0.0320642,0.028417172
trend|SMA100,63,10,41.64553934465439,1.7525673,0.0377476,0.029592618
trend|SMA100,126,1,40.0648170294188,-1.7814194,0.07049391,0.056393728
trend|SMA100,126,2,40.488639081559434,-0.9442389,0.070015736,0.06341401
trend|SMA100,126,3,40.45850275053815,-0.59783846,0.07093976,0.065133594
trend|SMA100,126,4,40.505142310452044,-0.3366814,0.06971224,0.06533039
trend|SMA100,126,5,40.61301124132982,-0.10525264,0.0672757,0.0625694
trend|SMA100,126,6,40.294666347763695,0.11748806,0.068132326,0.0629544
trend|SMA100,126,7,40.43362831858407,0.34382403,0.066883065,0.061822508
trend|SMA100,126,8,40.488639081559434,0.5958847,0.06707753,0.061739296
trend|SMA100,126,9,40.400143506338196,0.923675,0.06567422,0.058863334
trend|SMA100,126,10,40.864625687634536,1.7484026,0.07787261,0.06064013
trend|SMA100,252,1,38.54867256637168,-1.7871387,0.15004145,0.12001495
trend|SMA100,252,2,38.986127720640994,-0.9462914,0.14674811,0.12961178
trend|SMA100,252,3,38.942836641951686,-0.59793836,0.14496945,0.12827493
trend|SMA100,252,4,38.99593398708443,-0.33573025,0.14174677,0.12858036
trend|SMA100,252,5,39.088734752451565,-0.10341445,0.13828728,0.12682295
trend|SMA100,252,6,38.79598182253049,0.12015016,0.13819009,0.12667134
trend|SMA100,252,7,38.93685721119349,0.34670067,0.13752091,0.12658551
trend|SMA100,252,8,38.99378139201148,0.5988815,0.14031409,0.12777357
trend|SMA100,252,9,38.911265247548435,0.9260542,0.14071356,0.1243087
trend|SMA100,252,10,39.34106673044726,1.7431897,0.1553431,0.11564893
trend|SMA150,1,1,41.51112174121024,-1.7613447,0.00078233064,0.00056941545
trend|SMA150,1,2,41.9775173403492,-0.9457777,0.0006037378,0.0004947121
trend|SMA150,1,3,41.88184644821813,-0.6001571,0.0005775634,0.00052870525
trend|SMA150,1,4,42.00023917723033,-0.3370729,0.00060784374,0.0005658745
trend|SMA150,1,5,42.062186079885194,-0.10752642,0.00054584915,0.00057855854
trend|SMA150,1,6,41.775651757952645,0.10986698,0.0005343955,0.000544982
trend|SMA150,1,7,41.91246113370007,0.33338356,0.0005770887,0.000614478
trend|SMA150,1,8,41.970820377900026,0.58535224,0.0005759658,0.0005991046
trend|SMA150,1,9,41.88782587897632,0.91604906,0.000513092,0.00048552494
trend|SMA150,1,10,42.40062186079885,1.7722876,0.0005362136,0.0004160038
trend|SMA150,5,1,41.46424300406601,-1.7615217,0.0035741713,0.003177458
trend|SMA150,5,2,41.92872518536235,-0.94587743,0.003212441,0.0029633034
trend|SMA150,5,3,41.83353264769194,-0.60017633,0.0027472323,0.0026286934
trend|SMA150,5,4,41.95240373116479,-0.33703765,0.0029504194,0.0028698354
trend|SMA150,5,5,42.01458981104999,-0.10747467,0.0026493047,0.0027050434
trend|SMA150,5,6,41.726859602965796,0.1099393,0.0026321625,0.0026821245
trend|SMA150,5,7,41.86414733317388,0.33348677,0.002747445,0.002808195
trend|SMA150,5,8,41.922267400143504,0.5854857,0.0028957287,0.0029600547
trend|SMA150,5,9,41.83855536952882,0.91617936,0.0026277655,0.0024396493
trend|SMA150,5,10,42.34943793350873,1.7720292,0.002828808,0.0023917027
trend|SMA150,10,1,41.40564458263573,-1.7616729,0.0065828403,0.0059909853
trend|SMA150,10,2,41.86869170055011,-0.94595057,0.006185068,0.0055951
trend|SMA150,10,3,41.77230327672805,-0.6002002,0.0055768415,0.0051685786
trend|SMA150,10,4,41.89237024635255,-0.33703753,0.0058637457,0.0057445406
trend|SMA150,10,5,41.95455632623774,-0.1074395,0.0054032984,0.0053371554
trend|SMA150,10,6,41.666586940923224,0.110001095,0.0052662506,0.005242882
trend|SMA150,10,7,41.80315713944032,0.33356914,0.005388948,0.005374038
trend|SMA150,10,8,41.86223391533126,0.5856213,0.0054455567,0.0055417237
trend|SMA150,10,9,41.776369289643625,0.9163185,0.005437993,0.004955181
trend|SMA150,10,10,42.28629514470222,1.7717829,0.005723906,0.004813755
trend|SMA150,21,1,41.276728055489116,-1.7617625,0.012988652,0.012149653
trend|SMA150,21,2,41.73786175556087,-0.94599074,0.01273498,0.011947753
trend|SMA150,21,3,41.640755800047835,-0.60028523,0.011733311,0.010867273
trend|SMA150,21,4,41.75962688352069,-0.33712602,0.0123336315,0.011802504
trend|SMA150,21,5,41.821573786175556,-0.10748394,0.011879482,0.011648541
trend|SMA150,21,6,41.53647452762497,0.110055335,0.011364771,0.011119001
trend|SMA150,21,7,41.6689787132265,0.3336954,0.0113191325,0.011091684
trend|SMA150,21,8,41.73020808419039,0.5858212,0.011352545,0.010963955
trend|SMA150,21,9,41.64195168619948,0.91658086,0.011453627,0.010353583
trend|SMA150,21,10,42.14494140157857,1.771458,0.012227476,0.009565384
trend|SMA150,42,1,41.03085386271227,-1.7632651,0.024565142,0.021459624
trend|SMA150,42,2,41.48600813202583,-0.94654965,0.025609406,0.023549883
trend|SMA150,42,3,41.38651040420952,-0.6006024,0.023989528,0.022316055
trend|SMA150,42,4,41.5082516144463,-0.33730197,0.024301605,0.023198148
trend|SMA150,42,5,41.56828509925855,-0.10736488,0.023668855,0.023317857
trend|SMA150,42,6,41.28725185362354,0.110507645,0.022821277,0.022777561
trend|SMA150,42,7,41.415929203539825,0.3345245,0.022553943,0.021917295
trend|SMA150,42,8,41.47500597943076,0.5870212,0.021782955,0.020170143
trend|SMA150,42,9,41.38435780913657,0.9179868,0.022096712,0.01938319
trend|SMA150,42,10,41.87586701745994,1.7699057,0.02528917,0.020184528
trend|SMA150,63,1,40.784262138244436,-1.7657032,0.035225846,0.028528405
trend|SMA150,63,2,41.23630710356374,-0.9471735,0.037122108,0.03341292
trend|SMA150,63,3,41.13585266682612,-0.60085,0.035827488,0.03323763
trend|SMA150,63,4,41.25639799091127,-0.3372692,0.03549292,0.03382552
trend|SMA150,63,5,41.31523558957187,-0.10693491,0.035048746,0.033792865
trend|SMA150,63,6,41.03491987562784,0.11132954,0.033682816,0.03279843
trend|SMA150,63,7,41.16144463047118,0.33573943,0.033778727,0.03305756
trend|SMA150,63,8,41.2195646974408,0.5884927,0.031977277,0.029304389
trend|SMA150,63,9,41.12628557761301,0.91924983,0.03289716,0.028039271
trend|SMA150,63,10,41.60894522841426,1.7678442,0.038146887,0.030696146
trend|SMA150,126,1,40.04089930638603,-1.770492,0.069732316,0.05476214
trend|SMA150,126,2,40.477636928964365,-0.9486112,0.069271326,0.06270602
trend|SMA150,126,3,40.390098062664435,-0.6011925,0.06989891,0.06416669
trend|SMA150,126,4,40.49533604400861,-0.33673036,0.06895271,0.064197406
trend|SMA150,126,5,40.55130351590529,-0.10595271,0.06829383,0.0643087
trend|SMA150,126,6,40.282468309016984,0.112747096,0.067911156,0.062440965
trend|SMA150,126,7,40.404448696484096,0.33767864,0.06734922,0.06178311
trend|SMA150,126,8,40.46352547237503,0.591196,0.06559983,0.059379812
trend|SMA150,126,9,40.36952882085625,0.92204493,0.06707327,0.06109131
trend|SMA150,126,10,40.830901698158335,1.7638217,0.0797701,0.06280959
trend|SMA150,252,1,38.5099258550586,-1.7781448,0.15108539,0.11815507
trend|SMA150,252,2,38.98373594833772,-0.95163876,0.1466827,0.12968086
trend|SMA150,252,3,38.88662999282468,-0.60177433,0.14441657,0.1287583
trend|SMA150,252,4,38.98995455632624,-0.3358303,0.14202668,0.12807634
trend|SMA150,252,5,39.02870126763932,-0.10400548,0.14001642,0.12677592
trend|SMA150,252,6,38.7787610619469,0.11577456,0.13869298,0.12699857
trend|SMA150,252,7,38.90767758909352,0.34155983,0.13813318,0.12850924
trend|SMA150,252,8,38.96005740253528,0.5955248,0.13776535,0.12568647
trend|SMA150,252,9,38.8773020808419,0.92592883,0.13978563,0.12439368
trend|SMA150,252,10,39.31499641234154,1.7579825,0.15498316,0.1155353
trend|SMA200,1,1,41.491987562784026,-1.7522599,0.00072395697,0.00046314177
trend|SMA200,1,2,41.951447022243485,-0.9445202,0.0006118395,0.00050747936
trend|SMA200,1,3,41.83903372398947,-0.59792244,0.00061476807,0.00058502366
trend|SMA200,1,4,41.94235828749103,-0.33760354,0.00053514505,0.00050374673
trend|SMA200,1,5,42.05668500358766,-0.11016046,0.00057324243,0.0006179567
trend|SMA200,1,6,41.745515426931355,0.104708,0.0005178542,0.0005569426
trend|SMA200,1,7,41.87204018177469,0.3272167,0.0006135797,0.0006301054
trend|SMA200,1,8,41.91030853862712,0.579654,0.00058391085,0.00055965706
trend|SMA200,1,9,41.88065056206649,0.91298467,0.00051872974,0.00052621594
trend|SMA200,1,10,42.36618033963167,1.7834698,0.0005577758,0.00044385562
trend|SMA200,5,1,41.4451088256398,-1.7523978,0.0033636368,0.0029271864
trend|SMA200,5,2,41.90337239894762,-0.9446334,0.0030628117,0.0029057874
trend|SMA200,5,3,41.78976321454198,-0.5979566,0.0030477343,0.0028530601
trend|SMA200,5,4,41.89404448696484,-0.337588,0.0026553455,0.0025296737
trend|SMA200,5,5,42.00908873475245,-0.1101246,0.0028211153,0.0028963706
trend|SMA200,5,6,41.697440803635494,0.1047604,0.0026751668,0.0026983398
trend|SMA200,5,7,41.82420473570916,0.32728466,0.0028483768,0.0028921163
trend|SMA200,5,8,41.86223391533126,0.5797884,0.0028096181,0.0027289055
trend|SMA200,5,9,41.83066252092801,0.9131932,0.0026869858,0.0025407725
trend|SMA200,5,10,42.31499641234154,1.7832063,0.002872367,0.0024484827
trend|SMA200,10,1,41.38651040420952,-1.7524952,0.006247173,0.005643602
trend|SMA200,10,2,41.8435780913657,-0.9447282,0.005988494,0.0057484726
trend|SMA200,10,3,41.72996890696006,-0.597986,0.0059070117,0.0055000847
trend|SMA200,10,4,41.832336761540304,-0.3376009,0.00549744,0.0052978997
trend|SMA200,10,5,41.949294427170535,-0.11012129,0.0056175534,0.0054951375
trend|SMA200,10,6,41.637885673283904,0.10479636,0.0053460537,0.005217596
trend|SMA200,10,7,41.764171250896915,0.32734972,0.0055051954,0.0053926255
trend|SMA200,10,8,41.80124372159771,0.57992595,0.0055106026,0.005358158
trend|SMA200,10,9,41.76871561827314,0.9134039,0.0054420913,0.0049950876
trend|SMA200,10,10,42.251614446304714,1.7829527,0.0057663657,0.0048268256
trend|SMA200,21,1,41.2575938770629,-1.7525729,0.012363939,0.0117412275
trend|SMA200,21,2,41.71226979191581,-0.944773,0.012490248,0.012016313
trend|SMA200,21,3,41.59866060751016,-0.5980569,0.012034887,0.011351332
trend|SMA200,21,4,41.697440803635494,-0.33771658,0.012030018,0.011124804
trend|SMA200,21,5,41.81702941879933,-0.11019069,0.012036873,0.01172638
trend|SMA200,21,6,41.509208323367616,0.104816556,0.011535953,0.011352609
trend|SMA200,21,7,41.632862951447024,0.32748508,0.011675861,0.011452978
trend|SMA200,21,8,41.66706529538388,0.5801364,0.011484623,0.010871261
trend|SMA200,21,9,41.6326237742167,0.9136985,0.011321443,0.010376865
trend|SMA200,21,10,42.11121741210237,1.7826334,0.012344272,0.009788644
trend|SMA200,42,1,41.01171968428606,-1.7541648,0.023748778,0.020579226
trend|SMA200,42,2,41.46089452284143,-0.9454348,0.024573486,0.02295669
trend|SMA200,42,3,41.34632862951447,-0.5983717,0.024175677,0.02279392
trend|SMA200,42,4,41.443434585027504,-0.33789486,0.023814313,0.022511765
trend|SMA200,42,5,41.56445826357331,-0.110065944,0.024003549,0.023201402
trend|SMA200,42,6,41.26213824443913,0.105282426,0.023728224,0.023202319
trend|SMA200,42,7,41.38124850514231,0.3283519,0.023035591,0.022638366
trend|SMA200,42,8,41.412580722315234,0.5813904,0.02185405,0.020025134
trend|SMA200,42,9,41.37263812485052,0.9151372,0.021931024,0.01988517
trend|SMA200,42,10,41.84286055967472,1.7812024,0.025783062,0.020673793
trend|SMA200,63,1,40.76512795981822,-1.7567847,0.034212735,0.027527586
trend|SMA200,63,2,41.21047596268835,-0.9461999,0.03533167,0.032159027
trend|SMA200,63,3,41.09567089213107,-0.59865236,0.03589351,0.033518914
trend|SMA200,63,4,41.19253767041378,-0.33785257,0.035045587,0.033129558
trend|SMA200,63,5,41.31045204496532,-0.109695114,0.03527724,0.033152785
trend|SMA200,63,6,41.01171968428606,0.1060851,0.035146017,0.033766396
trend|SMA200,63,7,41.132265008371206,0.32957613,0.034126054,0.03313445
trend|SMA200,63,8,41.15570437694331,0.58287996,0.032693315,0.029733863
trend|SMA200,63,9,41.11647931116958,0.9165755,0.032415185,0.0283597
trend|SMA200,63,10,41.576177947859364,1.7794826,0.03905817,0.03142295
trend|SMA200,126,1,40.02152595072949,-1.7628279,0.068171784,0.0529114
trend|SMA200,126,2,40.44797895240373,-0.94838053,0.069374844,0.06262333
trend|SMA200,126,3,40.34321932552021,-0.5995113,0.07014804,0.0646541
trend|SMA200,126,4,40.42860559674719,-0.33748832,0.06816542,0.063077584
trend|SMA200,126,5,40.55273857928725,-0.10858061,0.06848099,0.06379707
trend|SMA200,126,6,40.26429083951208,0.107659474,0.06869174,0.063518
trend|SMA200,126,7,40.37215977038986,0.3319851,0.067887574,0.06291312
trend|SMA200,126,8,40.40038268356852,0.5863064,0.06726827,0.060187574
trend|SMA200,126,9,40.352068883042335,0.92040753,0.06625677,0.06039495
trend|SMA200,126,10,40.80889739296819,1.7756377,0.07957205,0.061806917
trend|SMA200,252,1,38.482659650801246,-1.771076,0.1494442,0.11386902
trend|SMA200,252,2,38.956469744080366,-0.95173436,0.14771406,0.13117221
trend|SMA200,252,3,38.84381726859603,-0.6002895,0.14581248,0.1301658
trend|SMA200,252,4,38.9282468309017,-0.3366668,0.14092216,0.12568016
trend|SMA200,252,5,39.0310930399426,-0.10668119,0.14122957,0.12729882
trend|SMA200,252,6,38.76536713704855,0.11080163,0.13830605,0.1267045
trend|SMA200,252,7,38.8816072709878,0.33599132,0.13886745,0.12875801
trend|SMA200,252,8,38.89834967711074,0.5909565,0.13800457,0.12610884
trend|SMA200,252,9,38.84764410428127,0.92486763,0.13832088,0.12367997
trend|SMA200,252,10,39.29657976560632,1.7700905,0.15488541,0.11646328
trend|SMA250,1,1,41.46854819421191,-1.738908,0.0007027945,0.00042783236
trend|SMA250,1,2,41.91461372877302,-0.9425403,0.00058863603,0.00050593447
trend|SMA250,1,3,41.797895240373116,-0.59715796,0.0006143731,0.00057503465
trend|SMA250,1,4,41.91246113370007,-0.34010273,0.00054541725,0.0005353203
trend|SMA250,1,5,42.01889500119589,-0.11423882,0.0005536491,0.00058859
trend|SMA250,1,6,41.723271944510884,0.09889918,0.00053513667,0.00055958005
trend|SMA250,1,7,41.8392729012198,0.32114923,0.00060330733,0.0005804847
trend|SMA250,1,8,41.87204018177469,0.5747976,0.00061979477,0.0006194703
trend|SMA250,1,9,41.84118631906242,0.9095389,0.0005422357,0.00055717427
trend|SMA250,1,10,42.352786414733316,1.7936555,0.00054637063,0.00045338488
trend|SMA250,5,1,41.421669457067686,-1.7390678,0.0033408692,0.002777385
trend|SMA250,5,2,41.86653910547716,-0.9426507,0.002876814,0.0028320677
trend|SMA250,5,3,41.75029897153791,-0.5971986,0.0029740685,0.0028397283
trend|SMA250,5,4,41.863908155943555,-0.3400958,0.0027785697,0.0026367186
trend|SMA250,5,5,41.970820377900026,-0.114196345,0.0028059785,0.0027865693
trend|SMA250,5,6,41.675914852906004,0.09897406,0.0027023978,0.0027146316
trend|SMA250,5,7,41.791437455154266,0.32124138,0.0028546364,0.0027569528
trend|SMA250,5,8,41.82420473570916,0.57493544,0.0029531284,0.0029585045
trend|SMA250,5,9,41.79095910069361,0.9097456,0.0026470863,0.002482549
trend|SMA250,5,10,42.3016024874432,1.7933815,0.0029153135,0.0025034444
trend|SMA250,10,1,41.363071035637404,-1.7392075,0.0061643226,0.005385945
trend|SMA250,10,2,41.80698397512557,-0.94274205,0.0057039997,0.005611062
trend|SMA250,10,3,41.68954795503468,-0.5972362,0.0057865996,0.005491904
trend|SMA250,10,4,41.803635493900984,-0.34011716,0.005695217,0.00530225
trend|SMA250,10,5,41.91102607031811,-0.1141679,0.005558772,0.0053711594
trend|SMA250,10,6,41.61731643147572,0.099048994,0.0053983005,0.0053493376
trend|SMA250,10,7,41.73140397034202,0.3213452,0.0055773994,0.0053779986
trend|SMA250,10,8,41.76369289643626,0.5750753,0.0056199115,0.005492675
trend|SMA250,10,9,41.72853384357809,0.9099352,0.005419951,0.0049083848
trend|SMA250,10,10,42.23822052140636,1.7931155,0.005922614,0.0051332894
trend|SMA250,21,1,41.23391533126046,-1.7394391,0.01201592,0.011256739
trend|SMA250,21,2,41.67567567567568,-0.9428477,0.011801717,0.0114638135
trend|SMA250,21,3,41.55776130112413,-0.597273,0.012408359,0.011895389
trend|SMA250,21,4,41.67256637168141,-0.34019086,0.012445822,0.011638777
trend|SMA250,21,5,41.77947859363788,-0.11418737,0.011581629,0.011038806
trend|SMA250,21,6,41.4857689547955,0.099143595,0.011472782,0.011204025
trend|SMA250,21,7,41.602726620425734,0.32152385,0.012070733,0.011761928
trend|SMA250,21,8,41.628557761301124,0.57531047,0.011789445,0.011220587
trend|SMA250,21,9,41.592681176751974,0.9102673,0.011195482,0.010116124
trend|SMA250,21,10,42.098541018895,1.7927192,0.012583605,0.0101755895
trend|SMA250,42,1,40.98804113848362,-1.7413143,0.023102205,0.019514868
trend|SMA250,42,2,41.42430040660129,-0.9436747,0.023641093,0.022151198
trend|SMA250,42,3,41.30519014589811,-0.5976259,0.024202423,0.022757605
trend|SMA250,42,4,41.42286534321933,-0.3403465,0.024606738,0.023330161
trend|SMA250,42,5,41.5281033245635,-0.11400708,0.023417791,0.021998473
trend|SMA250,42,6,41.23487204018178,0.09969285,0.023712082,0.023077888
trend|SMA250,42,7,41.35398230088496,0.32248977,0.023890136,0.02314581
trend|SMA250,42,8,41.369289643625926,0.5766564,0.022655398,0.021147884
trend|SMA250,42,9,41.337957426453,0.9118136,0.021620356,0.019136967
trend|SMA250,42,10,41.831619229849316,1.7913471,0.02587827,0.020782087
trend|SMA250,63,1,40.74168859124612,-1.7440996,0.03345978,0.026649201
trend|SMA250,63,2,41.173403491987564,-0.94465125,0.034113776,0.031601217
trend|SMA250,63,3,41.05214063621143,-0.5980241,0.035626106,0.033622596
trend|SMA250,63,4,41.17101171968429,-0.340353,0.03636968,0.034174744
trend|SMA250,63,5,41.27577134656781,-0.113616586,0.034725618,0.032546315
trend|SMA250,63,6,40.98349677110739,0.100553975,0.035506554,0.03365971
trend|SMA250,63,7,41.1011719684286,0.32379988,0.034782622,0.03334128
trend|SMA250,63,8,41.11217412102368,0.5781665,0.033400957,0.030644316
trend|SMA250,63,9,41.08634298014829,0.91340953,0.032315146,0.027934272
trend|SMA250,63,10,41.5661325041856,1.7898618,0.03906591,0.031217407
trend|SMA250,126,1,39.99067208801722,-1.7511929,0.06689533,0.0517386
trend|SMA250,126,2,40.406601291557045,-0.9474101,0.06906672,0.0627833
trend|SMA250,126,3,40.29849318344893,-0.5992691,0.07036625,0.06466
trend|SMA250,126,4,40.4070796460177,-0.3400827,0.07036871,0.06515303
trend|SMA250,126,5,40.52212389380531,-0.112523966,0.06847318,0.064314134
trend|SMA250,126,6,40.23606792633341,0.10236907,0.068452336,0.063717514
trend|SMA250,126,7,40.342023439368575,0.32660055,0.068428926,0.063205615
trend|SMA250,126,8,40.35733078210954,0.5821431,0.067460634,0.060563613
trend|SMA250,126,9,40.326955273857926,0.9178599,0.06582824,0.058685906
trend|SMA250,126,10,40.79885194929443,1.786306,0.078799605,0.061418474
trend|SMA250,252,1,38.44917483855537,-1.7594401,0.14850368,0.11032722
trend|SMA250,252,2,38.91724467830662,-0.9508207,0.14961778,0.13259543
trend|SMA250,252,3,38.801482898828034,-0.59995574,0.1468127,0.13118157
trend|SMA250,252,4,38.911982779239416,-0.3394654,0.14152345,0.12521404
trend|SMA250,252,5,39.01243721597704,-0.110465154,0.13893896,0.1255686
trend|SMA250,252,6,38.731882324802676,0.10554729,0.13805145,0.12638004
trend|SMA250,252,7,38.84381726859603,0.33059075,0.13813688,0.12842533
trend|SMA250,252,8,38.85290600334848,0.5867007,0.13917433,0.12578392
trend|SMA250,252,9,38.82396555847883,0.9224803,0.13790444,0.12310923
trend|SMA250,252,10,39.288208562544845,1.7808508,0.15460193,0.118256606
short_term_reversal|reversal_5d,1,1,41.60583592441999,-1.7376493,0.00044047905,0.00026780582
short_term_reversal|reversal_5d,1,2,42.0605118392729,-0.85750014,0.00040390383,0.0004143002
short_term_reversal|reversal_5d,1,3,41.9930638603205,-0.5369973,0.0004889818,0.0004910408
short_term_reversal|reversal_5d,1,4,42.02583114087539,-0.30618376,0.0004897829,0.0005333628
short_term_reversal|reversal_5d,1,5,42.220043051901456,-0.10705162,0.0005105904,0.0005396649
short_term_reversal|reversal_5d,1,6,41.87969385314518,0.083016954,0.0005713204,0.00059231924
short_term_reversal|reversal_5d,1,7,41.95623056685004,0.28211015,0.0005942853,0.00053163414
short_term_reversal|reversal_5d,1,8,42.062903611576175,0.51560557,0.0007191711,0.0006995267
short_term_reversal|reversal_5d,1,9,41.989476201865585,0.84468853,0.00080407603,0.0006858839
short_term_reversal|reversal_5d,1,10,42.49055249940206,1.7840807,0.00083666196,0.0006244285
short_term_reversal|reversal_5d,5,1,41.55632623774217,-1.7375872,0.0024823053,0.0021651597
short_term_reversal|reversal_5d,5,2,42.0112413298254,-0.8575005,0.0022974606,0.0023546224
short_term_reversal|reversal_5d,5,3,41.94403252810332,-0.5370479,0.002436102,0.002547709
short_term_reversal|reversal_5d,5,4,41.976799808658214,-0.3062591,0.0024861866,0.0025542616
short_term_reversal|reversal_5d,5,5,42.17077254245396,-0.10712218,0.0028111504,0.0028127353
short_term_reversal|reversal_5d,5,6,41.83185840707964,0.0829572,0.0028508722,0.002918258
short_term_reversal|reversal_5d,5,7,41.90767758909352,0.2820648,0.002907582,0.002781524
short_term_reversal|reversal_5d,5,8,42.014828988280314,0.51559556,0.0031523842,0.0030262808
short_term_reversal|reversal_5d,5,9,41.94068404687874,0.8447664,0.0036344999,0.0033840428
short_term_reversal|reversal_5d,5,10,42.441760344415215,1.7842406,0.0038570703,0.0032097178
short_term_reversal|reversal_5d,10,1,41.49557522123894,-1.7373288,0.005282389,0.0046612835
short_term_reversal|reversal_5d,10,2,41.951447022243485,-0.85755545,0.0051602507,0.005109038
short_term_reversal|reversal_5d,10,3,41.88280315713944,-0.5371584,0.0053385478,0.00529512
short_term_reversal|reversal_5d,10,4,41.91604879215499,-0.30636963,0.0053069927,0.0052550193
short_term_reversal|reversal_5d,10,5,42.10906481702942,-0.10723631,0.005671861,0.005482241
short_term_reversal|reversal_5d,10,6,41.769193972733795,0.082868725,0.0056151263,0.005351341
short_term_reversal|reversal_5d,10,7,41.84692657259029,0.28201213,0.0055321283,0.0052048066
short_term_reversal|reversal_5d,10,8,41.954317149007416,0.5155944,0.0057770098,0.005514976
short_term_reversal|reversal_5d,10,9,41.880411384836165,0.8448679,0.006478413,0.0060605244
short_term_reversal|reversal_5d,10,10,42.380052618990675,1.7844318,0.0068391585,0.00559085
short_term_reversal|reversal_5d,21,1,41.36235350394642,-1.737404,0.011320952,0.010183717
short_term_reversal|reversal_5d,21,2,41.81822530495097,-0.85755026,0.010960216,0.0104962895
short_term_reversal|reversal_5d,21,3,41.750538148768236,-0.53713214,0.011231538,0.010805999
short_term_reversal|reversal_5d,21,4,41.78187036594116,-0.30633393,0.011338618,0.01108816
short_term_reversal|reversal_5d,21,5,41.97536474527625,-0.10717186,0.011706318,0.011479944
short_term_reversal|reversal_5d,21,6,41.63381966036833,0.08296096,0.011833675,0.011506788
short_term_reversal|reversal_5d,21,7,41.71274814637646,0.28210467,0.011888736,0.0112737175
short_term_reversal|reversal_5d,21,8,41.82133460894523,0.5156641,0.0121857915,0.011693079
short_term_reversal|reversal_5d,21,9,41.74814637646496,0.84485245,0.01320167,0.012358269
short_term_reversal|reversal_5d,21,10,42.24611337000717,1.7841259,0.014029799,0.011957222
short_term_reversal|reversal_5d,42,1,41.108108108108105,-1.7378671,0.024210308,0.020244833
short_term_reversal|reversal_5d,42,2,41.56421908634298,-0.8573997,0.022926876,0.021215841
short_term_reversal|reversal_5d,42,3,41.49557522123894,-0.5369316,0.0224499,0.021257542
short_term_reversal|reversal_5d,42,4,41.52642908395121,-0.3060736,0.022899004,0.021923758
short_term_reversal|reversal_5d,42,5,41.720401817746954,-0.10693048,0.023066523,0.02217368
short_term_reversal|reversal_5d,42,6,41.37694331499641,0.083152756,0.023200987,0.022299323
short_term_reversal|reversal_5d,42,7,41.456110978234875,0.2822244,0.023357036,0.022261163
short_term_reversal|reversal_5d,42,8,41.566850035876584,0.51562625,0.023944752,0.022680305
short_term_reversal|reversal_5d,42,9,41.4917483855537,0.84465605,0.025073271,0.023083718
short_term_reversal|reversal_5d,42,10,41.99425974647214,1.7835319,0.026363054,0.023039307
short_term_reversal|reversal_5d,63,1,40.85768954795503,-1.7372056,0.036018647,0.029131623
short_term_reversal|reversal_5d,63,2,41.30829944989237,-0.85753167,0.03409164,0.030822638
short_term_reversal|reversal_5d,63,3,41.23845969863669,-0.5371188,0.03365997,0.03117314
short_term_reversal|reversal_5d,63,4,41.27003109303994,-0.3062343,0.03422404,0.031935386
short_term_reversal|reversal_5d,63,5,41.46304711791437,-0.10700711,0.03395933,0.031957053
short_term_reversal|reversal_5d,63,6,41.122458741927765,0.08316563,0.034307577,0.0326759
short_term_reversal|reversal_5d,63,7,41.2013872279359,0.28227666,0.034556206,0.032318167
short_term_reversal|reversal_5d,63,8,41.31380052618991,0.5156636,0.03493277,0.03242752
short_term_reversal|reversal_5d,63,9,41.23965558478833,0.84457195,0.036164705,0.033351023
short_term_reversal|reversal_5d,63,10,41.74312365462808,1.7836392,0.03854192,0.032564916
short_term_reversal|reversal_5d,126,1,40.103085386271225,-1.7352132,0.07523177,0.06161998
short_term_reversal|reversal_5d,126,2,40.54508490791677,-0.8578064,0.06870298,0.06061267
short_term_reversal|reversal_5d,126,3,40.479311169576654,-0.5376375,0.06749249,0.06160396
short_term_reversal|reversal_5d,126,4,40.518536235350396,-0.3067382,0.06797143,0.06207106
short_term_reversal|reversal_5d,126,5,40.699593398708444,-0.107460424,0.068139195,0.062386587
short_term_reversal|reversal_5d,126,6,40.36283185840708,0.082774,0.06763972,0.06290827
short_term_reversal|reversal_5d,126,7,40.448457306864384,0.28204143,0.06848838,0.06286674
short_term_reversal|reversal_5d,126,8,40.5505859842143,0.51554585,0.06862393,0.062416732
short_term_reversal|reversal_5d,126,9,40.474288447739774,0.84450215,0.06990398,0.063643776
short_term_reversal|reversal_5d,126,10,40.98110499880411,1.7843735,0.07373727,0.061505854
short_term_reversal|reversal_5d,252,1,38.59698636689787,-1.7335126,0.15523355,0.12273911
short_term_reversal|reversal_5d,252,2,39.04042095192538,-0.8578111,0.14315984,0.122744106
short_term_reversal|reversal_5d,252,3,38.98206170772542,-0.5377334,0.14088395,0.1252113
short_term_reversal|reversal_5d,252,4,39.01004544367376,-0.30696434,0.1410231,0.12732811
short_term_reversal|reversal_5d,252,5,39.179143745515425,-0.10778561,0.140739,0.12698558
short_term_reversal|reversal_5d,252,6,38.85410188950012,0.08236353,0.13888836,0.12643668
short_term_reversal|reversal_5d,252,7,38.944271705333655,0.28156734,0.14072055,0.12664786
short_term_reversal|reversal_5d,252,8,39.04735709160488,0.5150565,0.14126317,0.12495572
short_term_reversal|reversal_5d,252,9,38.97392968189428,0.84408736,0.1433838,0.12500116
short_term_reversal|reversal_5d,252,10,39.443434585027504,1.784981,0.15020806,0.121628806
short_term_reversal|reversal_10d,1,1,41.603922506577376,-1.7379715,0.00046395103,0.00029470684
short_term_reversal|reversal_10d,1,2,42.06075101650323,-0.88478374,0.0004959388,0.0004919605
short_term_reversal|reversal_10d,1,3,41.990193733556566,-0.5594191,0.00054005435,0.00055849284
short_term_reversal|reversal_10d,1,4,42.02774455871801,-0.32165664,0.00051642,0.0005296111
short_term_reversal|reversal_10d,1,5,42.21741210236785,-0.11487381,0.0005692716,0.0005749309
short_term_reversal|reversal_10d,1,6,41.88065056206649,0.08352838,0.0006122038,0.00062736025
short_term_reversal|reversal_10d,1,7,41.95407797177709,0.2910669,0.0005419675,0.0005435954
short_term_reversal|reversal_10d,1,8,42.06386032049749,0.53388065,0.0006362912,0.00060894276
short_term_reversal|reversal_10d,1,9,41.98851949294427,0.8724522,0.000722187,0.0006017604
short_term_reversal|reversal_10d,1,10,42.4857689547955,1.801878,0.0007610244,0.00055345596
short_term_reversal|reversal_10d,5,1,41.55513035159053,-1.7377048,0.002521105,0.0022217152
short_term_reversal|reversal_10d,5,2,42.01243721597704,-0.8848056,0.0026067528,0.0026076946
short_term_reversal|reversal_10d,5,3,41.94116240133939,-0.5594906,0.0028054772,0.0027564731
short_term_reversal|reversal_10d,5,4,41.97871322650084,-0.32175857,0.0026227725,0.0027346895
short_term_reversal|reversal_10d,5,5,42.166228175077734,-0.11498329,0.0027118342,0.0027377775
short_term_reversal|reversal_10d,5,6,41.83257593877063,0.08342559,0.0028831935,0.0028887484
short_term_reversal|reversal_10d,5,7,41.90600334848123,0.290992,0.0028557952,0.0026820654
short_term_reversal|reversal_10d,5,8,42.01578569720163,0.53383744,0.003106047,0.0030154788
short_term_reversal|reversal_10d,5,9,41.939966515187756,0.8725073,0.0032578388,0.0031525898
short_term_reversal|reversal_10d,5,10,42.43673762257833,1.8020885,0.0035540024,0.002723338
short_term_reversal|reversal_10d,10,1,41.4943793350873,-1.7375481,0.005236793,0.004534658
short_term_reversal|reversal_10d,10,2,41.951447022243485,-0.884746,0.005327372,0.005333602
short_term_reversal|reversal_10d,10,3,41.88136809375747,-0.5594818,0.005443339,0.005413897
short_term_reversal|reversal_10d,10,4,41.91772303276728,-0.32176417,0.005147232,0.0051409826
short_term_reversal|reversal_10d,10,5,42.10404209519254,-0.11502375,0.005421034,0.0053339875
short_term_reversal|reversal_10d,10,6,41.771346567806745,0.08336563,0.0055406718,0.0053943717
short_term_reversal|reversal_10d,10,7,41.84429562305669,0.29092398,0.0056455163,0.0053441194
short_term_reversal|reversal_10d,10,8,41.9550346806984,0.53374785,0.006120723,0.0056723827
short_term_reversal|reversal_10d,10,9,41.87993303037551,0.87247217,0.006386608,0.005897867
short_term_reversal|reversal_10d,10,10,42.37550825161445,1.8021855,0.006738496,0.0054252036
short_term_reversal|reversal_10d,21,1,41.359961731643146,-1.7378917,0.01138848,0.009906356
short_term_reversal|reversal_10d,21,2,41.817986127720644,-0.88472056,0.011319316,0.010691157
short_term_reversal|reversal_10d,21,3,41.748385553695286,-0.55941635,0.011192487,0.010918707
short_term_reversal|reversal_10d,21,4,41.7847404927051,-0.32166606,0.011080113,0.010790603
short_term_reversal|reversal_10d,21,5,41.96938531451806,-0.114907965,0.0116415005,0.011160472
short_term_reversal|reversal_10d,21,6,41.63549390098063,0.083502725,0.011938332,0.011589222
short_term_reversal|reversal_10d,21,7,41.71155226022483,0.29104954,0.012088352,0.011417048
short_term_reversal|reversal_10d,21,8,41.82229131786654,0.5338993,0.012548826,0.011831546
short_term_reversal|reversal_10d,21,9,41.749103085386274,0.872491,0.013047382,0.0120774545
short_term_reversal|reversal_10d,21,10,42.24252571155226,1.8017266,0.013457834,0.011249447
short_term_reversal|reversal_10d,42,1,41.10571633580483,-1.7385908,0.023821255,0.01983327
short_term_reversal|reversal_10d,42,2,41.564697440803634,-0.8847225,0.022423504,0.020700509
short_term_reversal|reversal_10d,42,3,41.49342262616599,-0.5592388,0.022827787,0.021548755
short_term_reversal|reversal_10d,42,4,41.5281033245635,-0.32137918,0.022762025,0.022154575
short_term_reversal|reversal_10d,42,5,41.71370485529778,-0.114557475,0.02307188,0.022120794
short_term_reversal|reversal_10d,42,6,41.37981344176035,0.08387989,0.023493491,0.022266101
short_term_reversal|reversal_10d,42,7,41.45443673762258,0.291348,0.023699623,0.022284241
short_term_reversal|reversal_10d,42,8,41.56828509925855,0.5340616,0.024394274,0.023138516
short_term_reversal|reversal_10d,42,9,41.494140157856975,0.8723511,0.025281785,0.023762472
short_term_reversal|reversal_10d,42,10,41.98923702463525,1.8008213,0.025714653,0.02221925
short_term_reversal|reversal_10d,63,1,40.852427648887826,-1.7374669,0.0360684,0.02941454
short_term_reversal|reversal_10d,63,2,41.3085386271227,-0.88509953,0.033360403,0.030134644
short_term_reversal|reversal_10d,63,3,41.235111217412104,-0.55967456,0.033682596,0.03121534
short_term_reversal|reversal_10d,63,4,41.273140397034204,-0.3217337,0.03376656,0.031840727
short_term_reversal|reversal_10d,63,5,41.458981104998806,-0.11479706,0.03427514,0.03238799
short_term_reversal|reversal_10d,63,6,41.125089691461376,0.08378789,0.034682754,0.0325971
short_term_reversal|reversal_10d,63,7,41.199234632862954,0.29135212,0.034626625,0.032541882
short_term_reversal|reversal_10d,63,8,41.31523558957187,0.5341905,0.035446938,0.03319086
short_term_reversal|reversal_10d,63,9,41.24252571155226,0.87247103,0.03647253,0.033695165
short_term_reversal|reversal_10d,63,10,41.739057641712506,1.8012614,0.038068462,0.032233305
short_term_reversal|reversal_10d,126,1,40.09399665151877,-1.7349039,0.07519059,0.06009992
short_term_reversal|reversal_10d,126,2,40.54675914852906,-0.8855205,0.06778474,0.060365926
short_term_reversal|reversal_10d,126,3,40.474288447739774,-0.5603418,0.067172565,0.06060378
short_term_reversal|reversal_10d,126,4,40.51997129873236,-0.32249352,0.06710176,0.06130093
short_term_reversal|reversal_10d,126,5,40.69911504424779,-0.115417875,0.0674933,0.062294114
short_term_reversal|reversal_10d,126,6,40.3647452762497,0.08334288,0.068462126,0.06294027
short_term_reversal|reversal_10d,126,7,40.4451088256398,0.29101157,0.06880765,0.06397079
short_term_reversal|reversal_10d,126,8,40.55273857928725,0.5338825,0.06970887,0.06366096
short_term_reversal|reversal_10d,126,9,40.47907199234633,0.8722692,0.07048754,0.06417745
short_term_reversal|reversal_10d,126,10,40.977995694809856,1.8026034,0.073688015,0.061060928
short_term_reversal|reversal_10d,252,1,38.589571872757716,-1.7329752,0.15680456,0.12169528
short_term_reversal|reversal_10d,252,2,39.04209519253767,-0.8857537,0.14379874,0.124831036
short_term_reversal|reversal_10d,252,3,38.97703898588854,-0.5609418,0.14000736,0.124528706
short_term_reversal|reversal_10d,252,4,39.00908873475245,-0.3231716,0.14012629,0.12597436
short_term_reversal|reversal_10d,252,5,39.17651279598182,-0.116033904,0.1396127,0.12604901
short_term_reversal|reversal_10d,252,6,38.85553695288208,0.08284294,0.14022018,0.12761304
short_term_reversal|reversal_10d,252,7,38.94187993303038,0.290576,0.14086267,0.1269803
short_term_reversal|reversal_10d,252,8,39.05237981344176,0.53355896,0.14226586,0.12650661
short_term_reversal|reversal_10d,252,9,38.98038746711313,0.8721405,0.14288543,0.124114394
short_term_reversal|reversal_10d,252,10,39.43554173642669,1.803968,0.1489063,0.12166241
short_term_reversal|reversal_21d,1,1,41.59435541736427,-1.7232805,0.0004913393,0.00029839276
short_term_reversal|reversal_21d,1,2,42.04974886390816,-0.91111785,0.0004585031,0.0004767176
short_term_reversal|reversal_21d,1,3,41.98804113848362,-0.585943,0.00050084357,0.0005202643
short_term_reversal|reversal_21d,1,4,42.027505381487686,-0.34318122,0.000590359,0.00062259246
short_term_reversal|reversal_21d,1,5,42.21191102607032,-0.12781855,0.0005772651,0.0006181124
short_term_reversal|reversal_21d,1,6,41.86127720640995,0.0811869,0.00056583364,0.0005956053
short_term_reversal|reversal_21d,1,7,41.96412341545085,0.2995203,0.0005963492,0.00054570247
short_term_reversal|reversal_21d,1,8,42.05237981344176,0.5536705,0.00067594746,0.00062875944
short_term_reversal|reversal_21d,1,9,41.9844534800287,0.90217507,0.00059003994,0.00053438864
short_term_reversal|reversal_21d,1,10,42.475484333891416,1.8189322,0.0008162088,0.00059392594
short_term_reversal|reversal_21d,5,1,41.54556326237742,-1.7231888,0.0025053353,0.0020444754
short_term_reversal|reversal_21d,5,2,42.00119588615164,-0.91104746,0.002410513,0.0023944702
short_term_reversal|reversal_21d,5,3,41.93924898349677,-0.58592767,0.002548063,0.0026264142
short_term_reversal|reversal_21d,5,4,41.977995694809856,-0.34319028,0.002792299,0.0028660402
short_term_reversal|reversal_21d,5,5,42.16144463047118,-0.12786098,0.002794286,0.0028233149
short_term_reversal|reversal_21d,5,6,41.81344176034442,0.08112236,0.0027622103,0.0027056527
short_term_reversal|reversal_21d,5,7,41.915570437694335,0.29944673,0.00303574,0.002951652
short_term_reversal|reversal_21d,5,8,42.00406601291557,0.55360615,0.0031047137,0.0030185103
short_term_reversal|reversal_21d,5,9,41.93613967950251,0.9021857,0.0033324144,0.002954805
short_term_reversal|reversal_21d,5,10,42.42645300167424,1.8190193,0.0036333275,0.0030119
short_term_reversal|reversal_21d,10,1,41.484333891413534,-1.7232021,0.005302412,0.004351548
short_term_reversal|reversal_21d,10,2,41.94116240133939,-0.91097444,0.005047135,0.004827788
short_term_reversal|reversal_21d,10,3,41.87801961253289,-0.58585554,0.005117428,0.005246889
short_term_reversal|reversal_21d,10,4,41.916287969385316,-0.34316972,0.00539138,0.005483944
short_term_reversal|reversal_21d,10,5,42.09973690504664,-0.127876,0.005515391,0.005383466
short_term_reversal|reversal_21d,10,6,41.75316909830184,0.08109529,0.0056364015,0.0054357364
short_term_reversal|reversal_21d,10,7,41.85410188950012,0.29942188,0.0060330206,0.005864646
short_term_reversal|reversal_21d,10,8,41.944271705333655,0.5535983,0.0060756556,0.005781269
short_term_reversal|reversal_21d,10,9,41.87658454915092,0.90220267,0.0063356524,0.005507341
short_term_reversal|reversal_21d,10,10,42.36498445348003,1.8189633,0.0065372707,0.005231671
short_term_reversal|reversal_21d,21,1,41.35015546519971,-1.723737,0.011423771,0.00936482
short_term_reversal|reversal_21d,21,2,41.8081798612772,-0.91098195,0.010774446,0.010160753
short_term_reversal|reversal_21d,21,3,41.7450370724707,-0.5858077,0.010873075,0.010941225
short_term_reversal|reversal_21d,21,4,41.78234872040182,-0.34307188,0.011624259,0.011518438
short_term_reversal|reversal_21d,21,5,41.96436259268118,-0.12773317,0.011354696,0.010945242
short_term_reversal|reversal_21d,21,6,41.61946902654867,0.081292875,0.012011725,0.011663407
short_term_reversal|reversal_21d,21,7,41.720401817746954,0.29967093,0.012679455,0.012067088
short_term_reversal|reversal_21d,21,8,41.8098541018895,0.55385727,0.012822084,0.012151214
short_term_reversal|reversal_21d,21,9,41.74455871801005,0.9024325,0.013143396,0.011554413
short_term_reversal|reversal_21d,21,10,42.23391533126046,1.8182402,0.012990185,0.01113162
short_term_reversal|reversal_21d,42,1,41.09710595551304,-1.7241262,0.023629325,0.019397201
short_term_reversal|reversal_21d,42,2,41.5522602248266,-0.9112622,0.021568205,0.019861862
short_term_reversal|reversal_21d,42,3,41.4874431954078,-0.58580095,0.021656167,0.021034952
short_term_reversal|reversal_21d,42,4,41.526668261181534,-0.34290537,0.022741124,0.022185206
short_term_reversal|reversal_21d,42,5,41.70916048792155,-0.1274024,0.022637304,0.02170285
short_term_reversal|reversal_21d,42,6,41.3647452762497,0.08172736,0.023978386,0.022816608
short_term_reversal|reversal_21d,42,7,41.467113130829944,0.3000685,0.02460143,0.022757653
short_term_reversal|reversal_21d,42,8,41.55632623774217,0.55398566,0.025293646,0.024213923
short_term_reversal|reversal_21d,42,9,41.48839990432911,0.90220785,0.025848506,0.023889327
short_term_reversal|reversal_21d,42,10,41.98134417603444,1.8175989,0.025496364,0.02216632
short_term_reversal|reversal_21d,63,1,40.83831619229849,-1.721818,0.036468454,0.029358977
short_term_reversal|reversal_21d,63,2,41.29849318344893,-0.91187817,0.032680646,0.030065123
short_term_reversal|reversal_21d,63,3,41.231523558957186,-0.58664054,0.032770194,0.030864539
short_term_reversal|reversal_21d,63,4,41.27146615642191,-0.34373584,0.03424703,0.031884592
short_term_reversal|reversal_21d,63,5,41.45539344654389,-0.12808523,0.033664335,0.031846214
short_term_reversal|reversal_21d,63,6,41.11432671609663,0.08124731,0.035124715,0.03277734
short_term_reversal|reversal_21d,63,7,41.212150203300645,0.29985967,0.035229944,0.032889154
short_term_reversal|reversal_21d,63,8,41.303276728055486,0.5539726,0.036293894,0.034282044
short_term_reversal|reversal_21d,63,9,41.235828749103085,0.9024713,0.036817696,0.033205394
short_term_reversal|reversal_21d,63,10,41.729729729729726,1.8191363,0.037088003,0.03037319
short_term_reversal|reversal_21d,126,1,40.076536713704854,-1.7189881,0.07526712,0.058980275
short_term_reversal|reversal_21d,126,2,40.53551781870366,-0.91240966,0.06705608,0.059568018
short_term_reversal|reversal_21d,126,3,40.471179143745516,-0.5873645,0.06646621,0.060556326
short_term_reversal|reversal_21d,126,4,40.515666108586466,-0.34441397,0.06849707,0.062681794
short_term_reversal|reversal_21d,126,5,40.69217890456829,-0.12877372,0.06708137,0.06257545
short_term_reversal|reversal_21d,126,6,40.35469983257594,0.08061981,0.06879702,0.06405223
short_term_reversal|reversal_21d,126,7,40.459937813920114,0.29939407,0.06962413,0.064234
short_term_reversal|reversal_21d,126,8,40.542214781152836,0.5536435,0.069782734,0.06438071
short_term_reversal|reversal_21d,126,9,40.47739775173404,0.9022588,0.07055138,0.06374533
short_term_reversal|reversal_21d,126,10,40.97105955513035,1.8208578,0.07254236,0.05759582
short_term_reversal|reversal_21d,252,1,38.57354699832576,-1.7161039,0.15744248,0.121429466
short_term_reversal|reversal_21d,252,2,39.03874671131308,-0.9130843,0.14076422,0.12302014
short_term_reversal|reversal_21d,252,3,38.976799808658214,-0.5888509,0.1394075,0.12514752
short_term_reversal|reversal_21d,252,4,39.01004544367376,-0.34584245,0.14025752,0.12627976
short_term_reversal|reversal_21d,252,5,39.17077254245396,-0.12986593,0.13899939,0.12680575
short_term_reversal|reversal_21d,252,6,38.84333891413537,0.07996545,0.14127974,0.12868501
short_term_reversal|reversal_21d,252,7,38.95168619947381,0.29908302,0.14171097,0.12817575
short_term_reversal|reversal_21d,252,8,39.036354939009804,0.5536431,0.14266811,0.12685369
short_term_reversal|reversal_21d,252,9,38.973690504663956,0.90265125,0.14505915,0.12687378
short_term_reversal|reversal_21d,252,10,39.430997369050466,1.8226832,0.14773472,0.1181146
residual_momentum|resmom_6m_1m,1,1,40.839512078450134,-1.8505906,0.00062306446,0.0004191609
residual_momentum|resmom_6m_1m,1,2,41.29203539823009,-0.9397523,0.000617013,0.00054697617
residual_momentum|resmom_6m_1m,1,3,41.21191102607032,-0.5752395,0.00059614837,0.00053151126
residual_momentum|resmom_6m_1m,1,4,41.32145419756039,-0.30665597,0.0005924235,0.00055049115
residual_momentum|resmom_6m_1m,1,5,41.40564458263573,-0.076849364,0.00056793145,0.0005524132
residual_momentum|resmom_6m_1m,1,6,41.142549629275294,0.13923088,0.0005084972,0.00054317137
residual_momentum|resmom_6m_1m,1,7,41.23319779956948,0.3580745,0.0005778838,0.0005550225
residual_momentum|resmom_6m_1m,1,8,41.29944989237025,0.6031639,0.0005458794,0.0005974475
residual_momentum|resmom_6m_1m,1,9,41.20473570916049,0.9224111,0.0005587918,0.0005862973
residual_momentum|resmom_6m_1m,1,10,41.69050466395599,1.6928343,0.0006711634,0.000572803
residual_momentum|resmom_6m_1m,5,1,40.793590050227216,-1.85078,0.0031612266,0.0028169206
residual_momentum|resmom_6m_1m,5,2,41.24491748385554,-0.93980867,0.003040758,0.0027479464
residual_momentum|resmom_6m_1m,5,3,41.164075580004784,-0.5752656,0.003042044,0.0029081453
residual_momentum|resmom_6m_1m,5,4,41.27481463764649,-0.3066594,0.0028717741,0.0027579868
residual_momentum|resmom_6m_1m,5,5,41.35900502272184,-0.07680633,0.0026599925,0.0027334637
residual_momentum|resmom_6m_1m,5,6,41.09447500597943,0.13932447,0.0027517176,0.0027521797
residual_momentum|resmom_6m_1m,5,7,41.1858407079646,0.3582027,0.0028461483,0.0026987458
residual_momentum|resmom_6m_1m,5,8,41.25185362353504,0.6032945,0.0026985211,0.0026266077
residual_momentum|resmom_6m_1m,5,9,41.156900263094954,0.922554,0.0026041926,0.00247662
residual_momentum|resmom_6m_1m,5,10,41.6395599138962,1.6925757,0.0032195784,0.0026717242
residual_momentum|resmom_6m_1m,10,1,40.73666586940923,-1.8510457,0.0063180556,0.005958575
residual_momentum|resmom_6m_1m,10,2,41.185601530734274,-0.9398904,0.006147339,0.00594158
residual_momentum|resmom_6m_1m,10,3,41.10428127242287,-0.5752926,0.0059655565,0.005795032
residual_momentum|resmom_6m_1m,10,4,41.21621621621622,-0.3066512,0.00584961,0.0056523085
residual_momentum|resmom_6m_1m,10,5,41.30016742406123,-0.07675176,0.0052952296,0.005325103
residual_momentum|resmom_6m_1m,10,6,41.0353982300885,0.13942721,0.0054639326,0.00517
residual_momentum|resmom_6m_1m,10,7,41.12724228653432,0.35837197,0.0054556625,0.005191974
residual_momentum|resmom_6m_1m,10,8,41.19110260703181,0.60350966,0.005316855,0.005266605
residual_momentum|resmom_6m_1m,10,9,41.09662760105238,0.92278063,0.005044697,0.004713712
residual_momentum|resmom_6m_1m,10,10,41.576895479550345,1.6921763,0.0060558775,0.0047376747
residual_momentum|resmom_6m_1m,21,1,40.61014111456589,-1.8514956,0.012408699,0.0117394915
residual_momentum|resmom_6m_1m,21,2,41.057163358048314,-0.9399706,0.012640594,0.012132249
residual_momentum|resmom_6m_1m,21,3,40.97488639081559,-0.575379,0.012433555,0.011675674
residual_momentum|resmom_6m_1m,21,4,41.08682133460894,-0.30674165,0.012457426,0.011992254
residual_momentum|resmom_6m_1m,21,5,41.171250896914614,-0.076789044,0.011724764,0.0113049215
residual_momentum|resmom_6m_1m,21,6,40.905764171250894,0.13954756,0.011548098,0.011398389
residual_momentum|resmom_6m_1m,21,7,40.995455632623774,0.358658,0.011217662,0.010957408
residual_momentum|resmom_6m_1m,21,8,41.05979430758192,0.6039764,0.0113488985,0.010976189
residual_momentum|resmom_6m_1m,21,9,40.96388423822052,0.9233683,0.010818047,0.00967894
residual_momentum|resmom_6m_1m,21,10,41.43936857211194,1.6913646,0.012816047,0.009986577
residual_momentum|resmom_6m_1m,42,1,40.36881128916527,-1.8528177,0.022649782,0.019526025
residual_momentum|resmom_6m_1m,42,2,40.81128916527147,-0.939948,0.02406767,0.022537258
residual_momentum|resmom_6m_1m,42,3,40.726142071274815,-0.57534015,0.02408638,0.022661325
residual_momentum|resmom_6m_1m,42,4,40.83903372398947,-0.3067229,0.024886258,0.023565099
residual_momentum|resmom_6m_1m,42,5,40.923463286295146,-0.076679714,0.02399653,0.023236943
residual_momentum|resmom_6m_1m,42,6,40.659411624013394,0.13994198,0.02320645,0.022492858
residual_momentum|resmom_6m_1m,42,7,40.74575460416168,0.35933554,0.022751478,0.021946533
residual_momentum|resmom_6m_1m,42,8,40.80674479789524,0.60485274,0.022631325,0.020845039
residual_momentum|resmom_6m_1m,42,9,40.71274814637646,0.9239992,0.02201617,0.019172974
residual_momentum|resmom_6m_1m,42,10,41.1772303276728,1.689791,0.026575947,0.022236759
residual_momentum|resmom_6m_1m,63,1,40.12341545084908,-1.8539519,0.03447286,0.028143568
residual_momentum|resmom_6m_1m,63,2,40.560392250657735,-0.93996656,0.033809338,0.030723965
residual_momentum|resmom_6m_1m,63,3,40.479789524037315,-0.57536083,0.0345651,0.032039065
residual_momentum|resmom_6m_1m,63,4,40.58789763214542,-0.3067159,0.03637762,0.034224126
residual_momentum|resmom_6m_1m,63,5,40.67495814398469,-0.076484375,0.03540718,0.034380928
residual_momentum|resmom_6m_1m,63,6,40.41305907677589,0.14038333,0.034347083,0.032613747
residual_momentum|resmom_6m_1m,63,7,40.49748863908156,0.35985056,0.033801835,0.03186731
residual_momentum|resmom_6m_1m,63,8,40.5548911743602,0.60551226,0.033618283,0.030043049
residual_momentum|resmom_6m_1m,63,9,40.46448218129634,0.92462194,0.03329781,0.028257253
residual_momentum|resmom_6m_1m,63,10,40.9170055010763,1.6885313,0.040257365,0.033511784
residual_momentum|resmom_6m_1m,126,1,39.388902176512794,-1.8551012,0.06628189,0.051299937
residual_momentum|resmom_6m_1m,126,2,39.81057163358048,-0.940006,0.06683258,0.060873855
residual_momentum|resmom_6m_1m,126,3,39.7381009327912,-0.5755656,0.06783749,0.06225806
residual_momentum|resmom_6m_1m,126,4,39.843099736905046,-0.30679235,0.0697102,0.06430742
residual_momentum|resmom_6m_1m,126,5,39.92513752690744,-0.076419495,0.067161076,0.06183042
residual_momentum|resmom_6m_1m,126,6,39.6706529538388,0.14069603,0.066901855,0.061621208
residual_momentum|resmom_6m_1m,126,7,39.758430997369054,0.36065885,0.06793002,0.062453624
residual_momentum|resmom_6m_1m,126,8,39.81966036833293,0.6066296,0.06846338,0.062121935
residual_momentum|resmom_6m_1m,126,9,39.7294905524994,0.92551297,0.069695696,0.062251847
residual_momentum|resmom_6m_1m,126,10,40.16216216216216,1.6866207,0.08440299,0.06849952
residual_momentum|resmom_6m_1m,252,1,37.885434106673046,-1.8589147,0.1470831,0.11378473
residual_momentum|resmom_6m_1m,252,2,38.34393685721119,-0.94097304,0.14510249,0.12678088
residual_momentum|resmom_6m_1m,252,3,38.270270270270274,-0.57491493,0.14389461,0.12701319
residual_momentum|resmom_6m_1m,252,4,38.36235350394642,-0.30522078,0.14223172,0.12742761
residual_momentum|resmom_6m_1m,252,5,38.43769433149964,-0.074205644,0.13891903,0.12557682
residual_momentum|resmom_6m_1m,252,6,38.20186558239656,0.14307871,0.13946804,0.12700114
residual_momentum|resmom_6m_1m,252,7,38.275292992107154,0.36312822,0.14153777,0.12875165
residual_momentum|resmom_6m_1m,252,8,38.33915331260464,0.6088125,0.13955022,0.12616931
residual_momentum|resmom_6m_1m,252,9,38.260224826596506,0.92630273,0.14180072,0.12508732
residual_momentum|resmom_6m_1m,252,10,38.66682611815355,1.6806474,0.1567147,0.1218309
residual_momentum|resmom_9m_1m,1,1,40.42573546998326,-1.8598813,0.0006343457,0.00039183712
residual_momentum|resmom_9m_1m,1,2,40.96436259268118,-0.9351866,0.00054133177,0.00047742928
residual_momentum|resmom_9m_1m,1,3,40.867734991628794,-0.5709621,0.00061197736,0.00053030753
residual_momentum|resmom_9m_1m,1,4,40.971777086821334,-0.30362844,0.00052300806,0.00053118117
residual_momentum|resmom_9m_1m,1,5,41.01219803874671,-0.073769644,0.0005715659,0.00050867355
residual_momentum|resmom_9m_1m,1,6,40.73451327433628,0.14084938,0.0005887661,0.00060254114
residual_momentum|resmom_9m_1m,1,7,40.86749581439847,0.357678,0.00055855326,0.0005785294
residual_momentum|resmom_9m_1m,1,8,40.9732121502033,0.60014987,0.0005470299,0.0005891906
residual_momentum|resmom_9m_1m,1,9,40.859124611337,0.9192585,0.00057756685,0.0006040337
residual_momentum|resmom_9m_1m,1,10,41.29083951207845,1.6909453,0.0007132504,0.0006068776
residual_momentum|resmom_9m_1m,5,1,40.37981344176035,-1.8599242,0.0031356236,0.0026892766
residual_momentum|resmom_9m_1m,5,2,40.91724467830662,-0.9352334,0.0027803923,0.002591086
residual_momentum|resmom_9m_1m,5,3,40.82013872279359,-0.57102597,0.0029864297,0.002853497
residual_momentum|resmom_9m_1m,5,4,40.92513752690744,-0.30368984,0.0027175616,0.0026913176
residual_momentum|resmom_9m_1m,5,5,40.9646017699115,-0.07377289,0.0027201152,0.002563168
residual_momentum|resmom_9m_1m,5,6,40.68787371442239,0.14088245,0.0028180734,0.002743213
residual_momentum|resmom_9m_1m,5,7,40.821573786175556,0.35774305,0.0027369005,0.0026736963
residual_momentum|resmom_9m_1m,5,8,40.92585505859842,0.6002518,0.0026059041,0.0025805726
residual_momentum|resmom_9m_1m,5,9,40.80961492465917,0.9193951,0.0029099225,0.0027696243
residual_momentum|resmom_9m_1m,5,10,41.24132982540062,1.690841,0.0035270036,0.002971124
residual_momentum|resmom_9m_1m,10,1,40.322650083712034,-1.8599786,0.006103085,0.0051749
residual_momentum|resmom_9m_1m,10,2,40.85768954795503,-0.93532187,0.005553754,0.005623578
residual_momentum|resmom_9m_1m,10,3,40.76154030136331,-0.57109296,0.0056563243,0.0054897517
residual_momentum|resmom_9m_1m,10,4,40.86629992824683,-0.30374756,0.005366277,0.005202089
residual_momentum|resmom_9m_1m,10,5,40.90648170294188,-0.0737861,0.0055216053,0.005206959
residual_momentum|resmom_9m_1m,10,6,40.629275292992105,0.14089668,0.005503925,0.0053610774
residual_momentum|resmom_9m_1m,10,7,40.76369289643626,0.35780656,0.005540519,0.0053082523
residual_momentum|resmom_9m_1m,10,8,40.86582157378618,0.6003759,0.005141619,0.0049235714
residual_momentum|resmom_9m_1m,10,9,40.74862473092561,0.9195998,0.005812832,0.0055173025
residual_momentum|resmom_9m_1m,10,10,41.18033963166707,1.6907368,0.0068188296,0.00547569
residual_momentum|resmom_9m_1m,21,1,40.19660368332935,-1.8603128,0.012279098,0.010589022
residual_momentum|resmom_9m_1m,21,2,40.729012198038745,-0.93553203,0.011672321,0.011592656
residual_momentum|resmom_9m_1m,21,3,40.63334130590768,-0.57121676,0.011837581,0.011477726
residual_momentum|resmom_9m_1m,21,4,40.7381009327912,-0.30382544,0.011508423,0.011277545
residual_momentum|resmom_9m_1m,21,5,40.77828270748625,-0.073776,0.011883768,0.011348596
residual_momentum|resmom_9m_1m,21,6,40.50227218368811,0.14100362,0.011737451,0.0114636095
residual_momentum|resmom_9m_1m,21,7,40.63381966036833,0.35804385,0.011650423,0.01138236
residual_momentum|resmom_9m_1m,21,8,40.73738340110022,0.600688,0.011139888,0.010443025
residual_momentum|resmom_9m_1m,21,9,40.62018655823965,0.9200798,0.011979527,0.0115404185
residual_momentum|resmom_9m_1m,21,10,41.04305190145898,1.6904008,0.014008477,0.010895292
residual_momentum|resmom_9m_1m,42,1,39.955273857928724,-1.861119,0.023003146,0.018906942
residual_momentum|resmom_9m_1m,42,2,40.486964840947145,-0.93559605,0.022583373,0.021917991
residual_momentum|resmom_9m_1m,42,3,40.38842382205214,-0.5713448,0.023271753,0.021897553
residual_momentum|resmom_9m_1m,42,4,40.49533604400861,-0.303862,0.022456847,0.0216744
residual_momentum|resmom_9m_1m,42,5,40.531690983018414,-0.073629715,0.023363657,0.022456331
residual_momentum|resmom_9m_1m,42,6,40.2592681176752,0.14136478,0.023892269,0.022516767
residual_momentum|resmom_9m_1m,42,7,40.385792872518536,0.3585978,0.02342002,0.022197863
residual_momentum|resmom_9m_1m,42,8,40.49461851231763,0.6012057,0.022428025,0.020867633
residual_momentum|resmom_9m_1m,42,9,40.37048552977757,0.9206263,0.0235128,0.021596115
residual_momentum|resmom_9m_1m,42,10,40.785697201626405,1.6893439,0.029198255,0.024653593
residual_momentum|resmom_9m_1m,63,1,39.713944032528104,-1.8622341,0.03358924,0.027054429
residual_momentum|resmom_9m_1m,63,2,40.23893805309734,-0.9355857,0.03330832,0.03147385
residual_momentum|resmom_9m_1m,63,3,40.138244439129394,-0.5713878,0.034234703,0.032647207
residual_momentum|resmom_9m_1m,63,4,40.252331977995695,-0.3038088,0.033200413,0.032316092
residual_momentum|resmom_9m_1m,63,5,40.28486008132026,-0.07337884,0.034242745,0.03222593
residual_momentum|resmom_9m_1m,63,6,40.0155465199713,0.14173858,0.034823276,0.03233013
residual_momentum|resmom_9m_1m,63,7,40.13848361635972,0.35913715,0.033873007,0.03158473
residual_momentum|resmom_9m_1m,63,8,40.24850514231045,0.601753,0.033859987,0.030259771
residual_momentum|resmom_9m_1m,63,9,40.123893805309734,0.92129296,0.035460234,0.032026537
residual_momentum|resmom_9m_1m,63,10,40.53695288208563,1.6880498,0.043304797,0.03629989
residual_momentum|resmom_9m_1m,126,1,38.9732121502033,-1.8640195,0.06490191,0.0485131
residual_momentum|resmom_9m_1m,126,2,39.497966993542214,-0.936358,0.0689193,0.0639815
residual_momentum|resmom_9m_1m,126,3,39.39870844295623,-0.5717352,0.0701696,0.06553865
residual_momentum|resmom_9m_1m,126,4,39.51662281750777,-0.3037586,0.06715131,0.06201393
residual_momentum|resmom_9m_1m,126,5,39.55297775651758,-0.07298686,0.06745777,0.06271146
residual_momentum|resmom_9m_1m,126,6,39.286055967471896,0.14246692,0.06832644,0.06359747
residual_momentum|resmom_9m_1m,126,7,39.40779717770868,0.3601881,0.06781323,0.0627806
residual_momentum|resmom_9m_1m,126,8,39.51470939966515,0.6032012,0.067953035,0.061391555
residual_momentum|resmom_9m_1m,126,9,39.3915331260464,0.9229331,0.071053155,0.06343395
residual_momentum|resmom_9m_1m,126,10,39.79382922745754,1.6856548,0.081923045,0.06564942
residual_momentum|resmom_9m_1m,252,1,37.4745276249701,-1.8661528,0.14937273,0.1094963
residual_momentum|resmom_9m_1m,252,2,38.046400382683565,-0.9365053,0.15073617,0.13247539
residual_momentum|resmom_9m_1m,252,3,37.94331499641234,-0.5711736,0.14528257,0.1297684
residual_momentum|resmom_9m_1m,252,4,38.05118392729012,-0.30264536,0.13743736,0.12255709
residual_momentum|resmom_9m_1m,252,5,38.077732599856496,-0.071416385,0.13731164,0.123252295
residual_momentum|resmom_9m_1m,252,6,37.82396555847883,0.14413686,0.13950074,0.12650503
residual_momentum|resmom_9m_1m,252,7,37.94259746472136,0.36189184,0.13967568,0.12571187
residual_momentum|resmom_9m_1m,252,8,38.042812724228654,0.6050527,0.1418481,0.12939838
residual_momentum|resmom_9m_1m,252,9,37.92322410906482,0.9239691,0.14252628,0.126571
residual_momentum|resmom_9m_1m,252,10,38.31595312126286,1.6803619,0.15283687,0.12142308
residual_momentum|resmom_12m_1m,1,1,40.04974886390816,-1.8575562,0.00054723007,0.00032068393
residual_momentum|resmom_12m_1m,1,2,40.60798851949294,-0.93275404,0.0005527468,0.000465653
residual_momentum|resmom_12m_1m,1,3,40.53193016024874,-0.5664782,0.0005745071,0.0004963836
residual_momentum|resmom_12m_1m,1,4,40.584070796460175,-0.30470824,0.00055830844,0.00050538295
residual_momentum|resmom_12m_1m,1,5,40.703181057163356,-0.0776029,0.00059779466,0.00056081184
residual_momentum|resmom_12m_1m,1,6,40.36976799808658,0.1374933,0.0005627598,0.0005769737
residual_momentum|resmom_12m_1m,1,7,40.46376464960536,0.35344744,0.0005820535,0.0005695345
residual_momentum|resmom_12m_1m,1,8,40.651279598182256,0.5964829,0.00055275916,0.00056541583
residual_momentum|resmom_12m_1m,1,9,40.4874431954078,0.9177765,0.00060260657,0.0006553918
residual_momentum|resmom_12m_1m,1,10,40.9689069600574,1.6970736,0.0007280267,0.000632291
residual_momentum|resmom_12m_1m,5,1,40.003826835685246,-1.8577105,0.0029083816,0.0024190347
residual_momentum|resmom_12m_1m,5,2,40.561827314039704,-0.9328082,0.0027176905,0.0025469025
residual_momentum|resmom_12m_1m,5,3,40.48529060033485,-0.5664816,0.0028149683,0.0026981975
residual_momentum|resmom_12m_1m,5,4,40.537192059315956,-0.30469912,0.002757526,0.0025545103
residual_momentum|resmom_12m_1m,5,5,40.657259028940445,-0.077574454,0.0029381705,0.0027956117
residual_momentum|resmom_12m_1m,5,6,40.324085147093996,0.13754214,0.002846867,0.0026948997
residual_momentum|resmom_12m_1m,5,7,40.41784262138244,0.35353002,0.002792515,0.002754139
residual_momentum|resmom_12m_1m,5,8,40.60320497488639,0.59656733,0.0027143657,0.0026105852
residual_momentum|resmom_12m_1m,5,9,40.4408036354939,0.91787905,0.0028274097,0.0027273989
residual_momentum|resmom_12m_1m,5,10,40.92107151399187,1.6969101,0.003561632,0.0031857605
residual_momentum|resmom_12m_1m,10,1,39.9464243004066,-1.8578874,0.0057022525,0.0049256952
residual_momentum|resmom_12m_1m,10,2,40.50442477876106,-0.932885,0.005404273,0.005140951
residual_momentum|resmom_12m_1m,10,3,40.42621382444391,-0.5665425,0.005607297,0.0054687303
residual_momentum|resmom_12m_1m,10,4,40.47907199234633,-0.30472386,0.0055679693,0.0053816736
residual_momentum|resmom_12m_1m,10,5,40.59913896197082,-0.07755439,0.0056864745,0.00541643
residual_momentum|resmom_12m_1m,10,6,40.26644343458503,0.13760649,0.005692282,0.0054374766
residual_momentum|resmom_12m_1m,10,7,40.359961731643146,0.35363376,0.0055512963,0.0054451064
residual_momentum|resmom_12m_1m,10,8,40.5436498445348,0.5967109,0.005256578,0.0050117057
residual_momentum|resmom_12m_1m,10,9,40.38268356852428,0.91802293,0.0055894153,0.0052178884
residual_momentum|resmom_12m_1m,10,10,40.86199473810093,1.6967412,0.006834381,0.0058297627
residual_momentum|resmom_12m_1m,21,1,39.81989954556326,-1.8582404,0.011651047,0.0102243535
residual_momentum|resmom_12m_1m,21,2,40.37694331499641,-0.93316877,0.0114856465,0.011282124
residual_momentum|resmom_12m_1m,21,3,40.296101411145656,-0.5667265,0.011621138,0.011476542
residual_momentum|resmom_12m_1m,21,4,40.35087299689069,-0.30480176,0.012204124,0.0116885
residual_momentum|resmom_12m_1m,21,5,40.4718966754365,-0.077542745,0.011897006,0.011306967
residual_momentum|resmom_12m_1m,21,6,40.13991867974169,0.137749,0.012372815,0.012206439
residual_momentum|resmom_12m_1m,21,7,40.232241090648174,0.35389173,0.011536093,0.0111179715
residual_momentum|resmom_12m_1m,21,8,40.414494140157856,0.5970326,0.011350678,0.010684699
residual_momentum|resmom_12m_1m,21,9,40.255202104759626,0.9184705,0.01176312,0.010667935
residual_momentum|resmom_12m_1m,21,10,40.73068643865104,1.6963658,0.013658874,0.011399421
residual_momentum|resmom_12m_1m,42,1,39.58000478354461,-1.8590093,0.021681385,0.01831052
residual_momentum|resmom_12m_1m,42,2,40.13298254006219,-0.9337392,0.022416562,0.021472601
residual_momentum|resmom_12m_1m,42,3,40.04711791437455,-0.56694764,0.023327537,0.022706015
residual_momentum|resmom_12m_1m,42,4,40.11289165271466,-0.30477285,0.024514832,0.02260388
residual_momentum|resmom_12m_1m,42,5,40.23104520449653,-0.07737984,0.02409031,0.022826511
residual_momentum|resmom_12m_1m,42,6,39.89954556326238,0.13812134,0.024640216,0.023479741
residual_momentum|resmom_12m_1m,42,7,39.99473810093279,0.35449615,0.023282675,0.022309784
residual_momentum|resmom_12m_1m,42,8,40.17005501076297,0.59777945,0.022902144,0.021303032
residual_momentum|resmom_12m_1m,42,9,40.00526189906721,0.91921216,0.023372792,0.020904781
residual_momentum|resmom_12m_1m,42,10,40.48218129634059,1.6952467,0.026933623,0.022116946
residual_momentum|resmom_12m_1m,63,1,39.33389141353743,-1.8597355,0.03192388,0.02591364
residual_momentum|resmom_12m_1m,63,2,39.891891891891895,-0.93423915,0.034177225,0.03240179
residual_momentum|resmom_12m_1m,63,3,39.79813441760344,-0.5671895,0.034788,0.032768976
residual_momentum|resmom_12m_1m,63,4,39.86964840947142,-0.3046729,0.03621591,0.032867245
residual_momentum|resmom_12m_1m,63,5,39.98995455632624,-0.07723024,0.03512168,0.032214437
residual_momentum|resmom_12m_1m,63,6,39.65821573786175,0.13850081,0.035856932,0.033186223
residual_momentum|resmom_12m_1m,63,7,39.75149485768955,0.3550864,0.034498077,0.032013375
residual_momentum|resmom_12m_1m,63,8,39.927290121980384,0.5985291,0.03322621,0.030610127
residual_momentum|resmom_12m_1m,63,9,39.75795264290839,0.91997063,0.034768593,0.031492952
residual_momentum|resmom_12m_1m,63,10,40.23678545802439,1.6939677,0.039592747,0.03193299
residual_momentum|resmom_12m_1m,126,1,38.5945945945946,-1.8621628,0.06490799,0.048198987
residual_momentum|resmom_12m_1m,126,2,39.15307342740971,-0.93505955,0.07094869,0.06445673
residual_momentum|resmom_12m_1m,126,3,39.077254245395835,-0.5670751,0.07072073,0.066639744
residual_momentum|resmom_12m_1m,126,4,39.142549629275294,-0.3040616,0.07071132,0.064632796
residual_momentum|resmom_12m_1m,126,5,39.26333413059077,-0.07632491,0.069023736,0.06418304
residual_momentum|resmom_12m_1m,126,6,38.93590050227218,0.13978992,0.06742309,0.06345057
residual_momentum|resmom_12m_1m,126,7,39.01674240612294,0.35667238,0.06642154,0.061467603
residual_momentum|resmom_12m_1m,126,8,39.19899545563263,0.60010093,0.065881245,0.059926823
residual_momentum|resmom_12m_1m,126,9,39.02607031810572,0.9208757,0.0699247,0.06284729
residual_momentum|resmom_12m_1m,126,10,39.50705572829467,1.6904976,0.079843685,0.06351054
residual_momentum|resmom_12m_1m,252,1,37.11767519732121,-1.8644942,0.15281314,0.11081539
residual_momentum|resmom_12m_1m,252,2,37.69720162640517,-0.93531066,0.15160176,0.1338791
residual_momentum|resmom_12m_1m,252,3,37.62473092561588,-0.5660807,0.14457601,0.13100387
residual_momentum|resmom_12m_1m,252,4,37.69122219564697,-0.30256045,0.1443695,0.12706129
residual_momentum|resmom_12m_1m,252,5,37.802917962209996,-0.07476307,0.14087905,0.12717104
residual_momentum|resmom_12m_1m,252,6,37.48409471418321,0.14145489,0.13663141,0.12578511
residual_momentum|resmom_12m_1m,252,7,37.567567567567565,0.35846865,0.13629979,0.12365574
residual_momentum|resmom_12m_1m,252,8,37.727577134656784,0.60156935,0.13481928,0.12194213
residual_momentum|resmom_12m_1m,252,9,37.55800047835446,0.9214025,0.14169228,0.12718672
residual_momentum|resmom_12m_1m,252,10,38.05309734513274,1.685413,0.1534719,0.123151794
volatility_scaled_momentum|vsmom_6m_1m_vol60,1,1,41.51901458981105,-1.7266877,0.0005619345,0.00039047925
volatility_scaled_momentum|vsmom_6m_1m_vol60,1,2,41.98277923941641,-1.0512766,0.0006230076,0.00051056687
volatility_scaled_momentum|vsmom_6m_1m_vol60,1,3,41.907916766323844,-0.6889951,0.000598435,0.00048133792
volatility_scaled_momentum|vsmom_6m_1m_vol60,1,4,42.002630949533604,-0.39776972,0.0006609026,0.000590528
volatility_scaled_momentum|vsmom_6m_1m_vol60,1,5,42.079406840468785,-0.134684,0.0005552286,0.00051159714
volatility_scaled_momentum|vsmom_6m_1m_vol60,1,6,41.785697201626405,0.12051504,0.000539418,0.0005360105
volatility_scaled_momentum|vsmom_6m_1m_vol60,1,7,41.91676632384597,0.38435927,0.00053284445,0.0005152827
volatility_scaled_momentum|vsmom_6m_1m_vol60,1,8,41.99258550585984,0.6764873,0.00058732525,0.0005885233
volatility_scaled_momentum|vsmom_6m_1m_vol60,1,9,41.89739296818943,1.0397037,0.0006132884,0.0006222144
volatility_scaled_momentum|vsmom_6m_1m_vol60,1,10,42.410428127242284,1.7440902,0.0005817653,0.0006346296
volatility_scaled_momentum|vsmom_6m_1m_vol60,5,1,41.472135852666824,-1.7265884,0.0027959794,0.002633983
volatility_scaled_momentum|vsmom_6m_1m_vol60,5,2,41.934465438890214,-1.0513244,0.0030294717,0.0027349358
volatility_scaled_momentum|vsmom_6m_1m_vol60,5,3,41.859602965797656,-0.68905836,0.0031220694,0.002877837
volatility_scaled_momentum|vsmom_6m_1m_vol60,5,4,41.9550346806984,-0.39783287,0.0030654261,0.002834221
volatility_scaled_momentum|vsmom_6m_1m_vol60,5,5,42.031332217172924,-0.13471991,0.0027711513,0.0026800924
volatility_scaled_momentum|vsmom_6m_1m_vol60,5,6,41.73786175556087,0.12050991,0.0028709827,0.0027616825
volatility_scaled_momentum|vsmom_6m_1m_vol60,5,7,41.86845252331978,0.38435957,0.0027864042,0.0026254212
volatility_scaled_momentum|vsmom_6m_1m_vol60,5,8,41.943793350872994,0.676525,0.0027762994,0.002683736
volatility_scaled_momentum|vsmom_6m_1m_vol60,5,9,41.848839990432914,1.0397881,0.0027960942,0.002672318
volatility_scaled_momentum|vsmom_6m_1m_vol60,5,10,42.3578091365702,1.74378,0.0028531319,0.0025856914
volatility_scaled_momentum|vsmom_6m_1m_vol60,10,1,41.413776608466875,-1.7264811,0.005635424,0.005460532
volatility_scaled_momentum|vsmom_6m_1m_vol60,10,2,41.87443195407797,-1.0513775,0.006282921,0.0058677467
volatility_scaled_momentum|vsmom_6m_1m_vol60,10,3,41.7986127720641,-0.6891135,0.0060452954,0.0058126855
volatility_scaled_momentum|vsmom_6m_1m_vol60,10,4,41.89524037311648,-0.39788437,0.0060549807,0.0056919507
volatility_scaled_momentum|vsmom_6m_1m_vol60,10,5,41.970820377900026,-0.13475865,0.0054551554,0.005199659
volatility_scaled_momentum|vsmom_6m_1m_vol60,10,6,41.677349916287966,0.120479755,0.0057949806,0.0052549792
volatility_scaled_momentum|vsmom_6m_1m_vol60,10,7,41.80746232958622,0.38434282,0.005520075,0.005090742
volatility_scaled_momentum|vsmom_6m_1m_vol60,10,8,41.883281511600096,0.67655736,0.0053206035,0.0050171996
volatility_scaled_momentum|vsmom_6m_1m_vol60,10,9,41.78880650562066,1.0398687,0.005264601,0.0051069334
volatility_scaled_momentum|vsmom_6m_1m_vol60,10,10,42.293231284381726,1.7437118,0.005510346,0.0047912025
volatility_scaled_momentum|vsmom_6m_1m_vol60,21,1,41.284620904089934,-1.7262002,0.011277747,0.010712396
volatility_scaled_momentum|vsmom_6m_1m_vol60,21,2,41.74360200908873,-1.0512561,0.013246193,0.012608891
volatility_scaled_momentum|vsmom_6m_1m_vol60,21,3,41.6663477636929,-0.68912226,0.012387512,0.011732603
volatility_scaled_momentum|vsmom_6m_1m_vol60,21,4,41.76321454197561,-0.3980262,0.012902417,0.012114824
volatility_scaled_momentum|vsmom_6m_1m_vol60,21,5,41.83903372398947,-0.13497673,0.012047537,0.011496041
volatility_scaled_momentum|vsmom_6m_1m_vol60,21,6,41.54723750298972,0.12029185,0.011863046,0.011053604
volatility_scaled_momentum|vsmom_6m_1m_vol60,21,7,41.674479789524035,0.38420054,0.011578273,0.010605601
volatility_scaled_momentum|vsmom_6m_1m_vol60,21,8,41.74862473092561,0.6764971,0.011436315,0.010761138
volatility_scaled_momentum|vsmom_6m_1m_vol60,21,9,41.65606314278881,1.0398865,0.011149592,0.010740702
volatility_scaled_momentum|vsmom_6m_1m_vol60,21,10,42.150442477876105,1.743801,0.011524395,0.00965505
volatility_scaled_momentum|vsmom_6m_1m_vol60,42,1,41.037550825161446,-1.7260348,0.02089177,0.01913278
volatility_scaled_momentum|vsmom_6m_1m_vol60,42,2,41.49055249940206,-1.0509093,0.024820218,0.022629453
volatility_scaled_momentum|vsmom_6m_1m_vol60,42,3,41.4140157856972,-0.68892795,0.024812773,0.023018999
volatility_scaled_momentum|vsmom_6m_1m_vol60,42,4,41.51112174121024,-0.39808232,0.025917137,0.024409372
volatility_scaled_momentum|vsmom_6m_1m_vol60,42,5,41.5859842143028,-0.13523014,0.024509374,0.02335697
volatility_scaled_momentum|vsmom_6m_1m_vol60,42,6,41.29514470222435,0.12005536,0.023951892,0.022542259
volatility_scaled_momentum|vsmom_6m_1m_vol60,42,7,41.419756039225064,0.3840121,0.023249654,0.021312699
volatility_scaled_momentum|vsmom_6m_1m_vol60,42,8,41.4943793350873,0.6762349,0.023199778,0.02143402
volatility_scaled_momentum|vsmom_6m_1m_vol60,42,9,41.40205692418082,1.0396339,0.021928092,0.020168846
volatility_scaled_momentum|vsmom_6m_1m_vol60,42,10,41.8816072709878,1.7441546,0.023481632,0.01945834
volatility_scaled_momentum|vsmom_6m_1m_vol60,63,1,40.786414733317386,-1.7259495,0.03128776,0.026910575
volatility_scaled_momentum|vsmom_6m_1m_vol60,63,2,41.23965558478833,-1.0505683,0.034961708,0.031366915
volatility_scaled_momentum|vsmom_6m_1m_vol60,63,3,41.15953121262856,-0.6888194,0.03603031,0.033077136
volatility_scaled_momentum|vsmom_6m_1m_vol60,63,4,41.255202104759626,-0.3981301,0.037865616,0.035128344
volatility_scaled_momentum|vsmom_6m_1m_vol60,63,5,41.3353264769194,-0.13532756,0.03639662,0.034292955
volatility_scaled_momentum|vsmom_6m_1m_vol60,63,6,41.046878737144226,0.11997828,0.035746068,0.033651665
volatility_scaled_momentum|vsmom_6m_1m_vol60,63,7,41.16383640277446,0.38378215,0.034520775,0.031185133
volatility_scaled_momentum|vsmom_6m_1m_vol60,63,8,41.23989476201866,0.67593586,0.034241922,0.030428313
volatility_scaled_momentum|vsmom_6m_1m_vol60,63,9,41.144702224348244,1.039348,0.032487698,0.029286375
volatility_scaled_momentum|vsmom_6m_1m_vol60,63,10,41.62162162162162,1.7446431,0.035769757,0.029866451
volatility_scaled_momentum|vsmom_6m_1m_vol60,126,1,40.034680698397516,-1.7262253,0.059810955,0.050031543
volatility_scaled_momentum|vsmom_6m_1m_vol60,126,2,40.47787610619469,-1.050649,0.06999101,0.061870996
volatility_scaled_momentum|vsmom_6m_1m_vol60,126,3,40.403731164793115,-0.6886993,0.07065356,0.063815795
volatility_scaled_momentum|vsmom_6m_1m_vol60,126,4,40.49605357569959,-0.39792085,0.07203433,0.064556
volatility_scaled_momentum|vsmom_6m_1m_vol60,126,5,40.56732839033724,-0.1352,0.06896426,0.06215106
volatility_scaled_momentum|vsmom_6m_1m_vol60,126,6,40.285338435780915,0.11982893,0.0695384,0.06290324
volatility_scaled_momentum|vsmom_6m_1m_vol60,126,7,40.41281989954556,0.38350028,0.068901256,0.061169192
volatility_scaled_momentum|vsmom_6m_1m_vol60,126,8,40.49222674001435,0.6758699,0.07054197,0.06336144
volatility_scaled_momentum|vsmom_6m_1m_vol60,126,9,40.38268356852428,1.0395876,0.068868145,0.06431142
volatility_scaled_momentum|vsmom_6m_1m_vol60,126,10,40.86199473810093,1.7446953,0.07455299,0.061871476
volatility_scaled_momentum|vsmom_6m_1m_vol60,252,1,38.51327433628319,-1.726307,0.13376708,0.10976131
volatility_scaled_momentum|vsmom_6m_1m_vol60,252,2,38.97225544128199,-1.0501308,0.14829195,0.12840039
volatility_scaled_momentum|vsmom_6m_1m_vol60,252,3,38.90815594355417,-0.6884373,0.14962904,0.12948257
volatility_scaled_momentum|vsmom_6m_1m_vol60,252,4,39.001674240612296,-0.39796394,0.14798835,0.12916581
volatility_scaled_momentum|vsmom_6m_1m_vol60,252,5,39.058359244199956,-0.1353583,0.14497228,0.12677579
volatility_scaled_momentum|vsmom_6m_1m_vol60,252,6,38.77373834011002,0.119391315,0.14363208,0.12647484
volatility_scaled_momentum|vsmom_6m_1m_vol60,252,7,38.91365701985171,0.38306862,0.14336114,0.12574388
volatility_scaled_momentum|vsmom_6m_1m_vol60,252,8,38.983975125568044,0.6757166,0.14220765,0.12430164
volatility_scaled_momentum|vsmom_6m_1m_vol60,252,9,38.884238220521404,1.0399238,0.13624133,0.12195464
volatility_scaled_momentum|vsmom_6m_1m_vol60,252,10,39.33676154030136,1.744865,0.14347222,0.12262755
volatility_scaled_momentum|vsmom_9m_1m_vol60,1,1,41.49318344893566,-1.7284793,0.0005723426,0.00035333692
volatility_scaled_momentum|vsmom_9m_1m_vol60,1,2,41.954317149007416,-1.0504665,0.00054323295,0.0004391196
volatility_scaled_momentum|vsmom_9m_1m_vol60,1,3,41.83855536952882,-0.69178987,0.0005924133,0.0005038931
volatility_scaled_momentum|vsmom_9m_1m_vol60,1,4,41.95120784501316,-0.396727,0.00052681746,0.000460395
volatility_scaled_momentum|vsmom_9m_1m_vol60,1,5,42.057163358048314,-0.13266402,0.00057989254,0.0004710515
volatility_scaled_momentum|vsmom_9m_1m_vol60,1,6,41.743362831858406,0.12309966,0.00064596476,0.0006123327
volatility_scaled_momentum|vsmom_9m_1m_vol60,1,7,41.880411384836165,0.38659447,0.0005487437,0.00056517834
volatility_scaled_momentum|vsmom_9m_1m_vol60,1,8,41.91006936139679,0.67705274,0.00060660177,0.0006543915
volatility_scaled_momentum|vsmom_9m_1m_vol60,1,9,41.88184644821813,1.0374871,0.0006088038,0.00059484516
volatility_scaled_momentum|vsmom_9m_1m_vol60,1,10,42.36833293470462,1.7421856,0.0006226,0.00067937095
volatility_scaled_momentum|vsmom_9m_1m_vol60,5,1,41.44654388902177,-1.7283103,0.0029085313,0.002481387
volatility_scaled_momentum|vsmom_9m_1m_vol60,5,2,41.90528581679024,-1.0504522,0.002646703,0.0024587065
volatility_scaled_momentum|vsmom_9m_1m_vol60,5,3,41.790719923463286,-0.69182026,0.002936002,0.002743702
volatility_scaled_momentum|vsmom_9m_1m_vol60,5,4,41.90241569002631,-0.3968024,0.0028139874,0.0025237766
volatility_scaled_momentum|vsmom_9m_1m_vol60,5,5,42.008849557522126,-0.13273518,0.0027397694,0.002577301
volatility_scaled_momentum|vsmom_9m_1m_vol60,5,6,41.695288208562545,0.12301452,0.0030113666,0.0028628649
volatility_scaled_momentum|vsmom_9m_1m_vol60,5,7,41.83257593877063,0.38653314,0.0028830757,0.0027147708
volatility_scaled_momentum|vsmom_9m_1m_vol60,5,8,41.861755560870606,0.67705506,0.0028662658,0.0028192832
volatility_scaled_momentum|vsmom_9m_1m_vol60,5,9,41.83329347046161,1.0375134,0.002978771,0.0027192817
volatility_scaled_momentum|vsmom_9m_1m_vol60,5,10,42.31643147572351,1.7420053,0.003065287,0.0028593133
volatility_scaled_momentum|vsmom_9m_1m_vol60,10,1,41.386749581439844,-1.7281216,0.0057446267,0.0049362048
volatility_scaled_momentum|vsmom_9m_1m_vol60,10,2,41.84549150920832,-1.0504587,0.0053348215,0.0053075436
volatility_scaled_momentum|vsmom_9m_1m_vol60,10,3,41.729729729729726,-0.6918201,0.005714979,0.0054264637
volatility_scaled_momentum|vsmom_9m_1m_vol60,10,4,41.84142549629275,-0.39684898,0.0056152698,0.005086204
volatility_scaled_momentum|vsmom_9m_1m_vol60,10,5,41.949294427170535,-0.13282625,0.005538097,0.0051485747
volatility_scaled_momentum|vsmom_9m_1m_vol60,10,6,41.6352547237503,0.12288669,0.005748941,0.005296572
volatility_scaled_momentum|vsmom_9m_1m_vol60,10,7,41.7718249222674,0.38641438,0.0056021814,0.0053450256
volatility_scaled_momentum|vsmom_9m_1m_vol60,10,8,41.802200430519015,0.67703295,0.005630484,0.0054201875
volatility_scaled_momentum|vsmom_9m_1m_vol60,10,9,41.77302080841904,1.0375545,0.0058805957,0.005436639
volatility_scaled_momentum|vsmom_9m_1m_vol60,10,10,42.25209280076537,1.7420794,0.006024705,0.0053191055
volatility_scaled_momentum|vsmom_9m_1m_vol60,21,1,41.257354699832575,-1.7277818,0.011216614,0.010027956
volatility_scaled_momentum|vsmom_9m_1m_vol60,21,2,41.711791437455155,-1.0504261,0.011941562,0.011208411
volatility_scaled_momentum|vsmom_9m_1m_vol60,21,3,41.5972255441282,-0.6918417,0.011983329,0.011157485
volatility_scaled_momentum|vsmom_9m_1m_vol60,21,4,41.70796460176991,-0.39691174,0.011888922,0.01134197
volatility_scaled_momentum|vsmom_9m_1m_vol60,21,5,41.81702941879933,-0.13296863,0.0122612,0.01143327
volatility_scaled_momentum|vsmom_9m_1m_vol60,21,6,41.50466395599139,0.12266739,0.011770747,0.01119349
volatility_scaled_momentum|vsmom_9m_1m_vol60,21,7,41.64027744558718,0.38623688,0.012128452,0.011374579
volatility_scaled_momentum|vsmom_9m_1m_vol60,21,8,41.6706529538388,0.6769224,0.011848742,0.011142122
volatility_scaled_momentum|vsmom_9m_1m_vol60,21,9,41.64051662281751,1.037555,0.011899007,0.010955693
volatility_scaled_momentum|vsmom_9m_1m_vol60,21,10,42.11097823487204,1.7421863,0.012377908,0.010736424
volatility_scaled_momentum|vsmom_9m_1m_vol60,42,1,41.01076297536475,-1.7275598,0.02058168,0.017705925
volatility_scaled_momentum|vsmom_9m_1m_vol60,42,2,41.456110978234875,-1.0502709,0.02362937,0.022082739
volatility_scaled_momentum|vsmom_9m_1m_vol60,42,3,41.344176034441524,-0.6918979,0.02392198,0.021866966
volatility_scaled_momentum|vsmom_9m_1m_vol60,42,4,41.45276249701028,-0.39702952,0.023719389,0.021951212
volatility_scaled_momentum|vsmom_9m_1m_vol60,42,5,41.56206649127003,-0.13312542,0.024620136,0.02264402
volatility_scaled_momentum|vsmom_9m_1m_vol60,42,6,41.25687634537192,0.12249125,0.023966854,0.02294471
volatility_scaled_momentum|vsmom_9m_1m_vol60,42,7,41.38770629036116,0.3861362,0.024373583,0.02311504
volatility_scaled_momentum|vsmom_9m_1m_vol60,42,8,41.41640755800048,0.6768215,0.023600705,0.021848207
volatility_scaled_momentum|vsmom_9m_1m_vol60,42,9,41.382205214063625,1.037656,0.02324166,0.020975892
volatility_scaled_momentum|vsmom_9m_1m_vol60,42,10,41.850275053814876,1.7420218,0.024968177,0.021276232
volatility_scaled_momentum|vsmom_9m_1m_vol60,63,1,40.76393207366659,-1.7281072,0.029738467,0.025024561
volatility_scaled_momentum|vsmom_9m_1m_vol60,63,2,41.193494379335085,-1.0505544,0.034915756,0.03214943
volatility_scaled_momentum|vsmom_9m_1m_vol60,63,3,41.09184405644583,-0.6920212,0.03566083,0.032630563
volatility_scaled_momentum|vsmom_9m_1m_vol60,63,4,41.20473570916049,-0.39709988,0.034820244,0.032138996
volatility_scaled_momentum|vsmom_9m_1m_vol60,63,5,41.30710356374073,-0.13302796,0.035686165,0.0328331
volatility_scaled_momentum|vsmom_9m_1m_vol60,63,6,41.005979430758195,0.12254462,0.035423208,0.03287866
volatility_scaled_momentum|vsmom_9m_1m_vol60,63,7,41.13513513513514,0.38624814,0.035793312,0.03282487
volatility_scaled_momentum|vsmom_9m_1m_vol60,63,8,41.15785697201626,0.6770452,0.034975402,0.03156554
volatility_scaled_momentum|vsmom_9m_1m_vol60,63,9,41.128916527146615,1.0381647,0.034757815,0.031211257
volatility_scaled_momentum|vsmom_9m_1m_vol60,63,10,41.59794307581918,1.741974,0.037409414,0.031666208
volatility_scaled_momentum|vsmom_9m_1m_vol60,126,1,40.005501076297534,-1.728689,0.05825806,0.045678537
volatility_scaled_momentum|vsmom_9m_1m_vol60,126,2,40.42549629275293,-1.0513599,0.07002146,0.063506305
volatility_scaled_momentum|vsmom_9m_1m_vol60,126,3,40.342023439368575,-0.692583,0.07275155,0.06491384
volatility_scaled_momentum|vsmom_9m_1m_vol60,126,4,40.43984692657259,-0.39722192,0.07113093,0.06471985
volatility_scaled_momentum|vsmom_9m_1m_vol60,126,5,40.551542693135616,-0.13286969,0.07014412,0.063926764
volatility_scaled_momentum|vsmom_9m_1m_vol60,126,6,40.25974647213585,0.12265892,0.06944765,0.06270277
volatility_scaled_momentum|vsmom_9m_1m_vol60,126,7,40.377900023917725,0.38634384,0.06975968,0.06247683
volatility_scaled_momentum|vsmom_9m_1m_vol60,126,8,40.39990432910787,0.677561,0.06911184,0.06251103
volatility_scaled_momentum|vsmom_9m_1m_vol60,126,9,40.3673762257833,1.0391631,0.070500344,0.06299617
volatility_scaled_momentum|vsmom_9m_1m_vol60,126,10,40.8435780913657,1.7420284,0.072948314,0.062241074
volatility_scaled_momentum|vsmom_9m_1m_vol60,252,1,38.471179143745516,-1.7279837,0.13485816,0.10642582
volatility_scaled_momentum|vsmom_9m_1m_vol60,252,2,38.93637885673284,-1.0509335,0.15372527,0.1313913
volatility_scaled_momentum|vsmom_9m_1m_vol60,252,3,38.84764410428127,-0.6922669,0.15174575,0.13034366
volatility_scaled_momentum|vsmom_9m_1m_vol60,252,4,38.94331499641234,-0.3968215,0.14483769,0.12526354
volatility_scaled_momentum|vsmom_9m_1m_vol60,252,5,39.04831380052619,-0.13270801,0.14443134,0.12444911
volatility_scaled_momentum|vsmom_9m_1m_vol60,252,6,38.76393207366659,0.12257139,0.14476518,0.12746355
volatility_scaled_momentum|vsmom_9m_1m_vol60,252,7,38.87299689069601,0.38566893,0.14239743,0.12730363
volatility_scaled_momentum|vsmom_9m_1m_vol60,252,8,38.88997847404927,0.67656136,0.13863814,0.1251528
volatility_scaled_momentum|vsmom_9m_1m_vol60,252,9,38.866778282707486,1.0386044,0.13606548,0.122276835
volatility_scaled_momentum|vsmom_9m_1m_vol60,252,10,39.31356134895958,1.7425758,0.14208189,0.12279233
volatility_scaled_momentum|vsmom_12m_1m_vol60,1,1,41.458981104998806,-1.7309055,0.0004821211,0.000298993
volatility_scaled_momentum|vsmom_12m_1m_vol60,1,2,41.90743841186319,-1.0481378,0.0006130909,0.00048967765
volatility_scaled_momentum|vsmom_12m_1m_vol60,1,3,41.79693853145181,-0.6860841,0.00058934203,0.0004660995
volatility_scaled_momentum|vsmom_12m_1m_vol60,1,4,41.90241569002631,-0.3996352,0.000545667,0.0004513095
volatility_scaled_momentum|vsmom_12m_1m_vol60,1,5,42.01291557043769,-0.13740973,0.000603384,0.0005480592
volatility_scaled_momentum|vsmom_12m_1m_vol60,1,6,41.72422865343219,0.12108664,0.00061119813,0.0005626745
volatility_scaled_momentum|vsmom_12m_1m_vol60,1,7,41.825878976321455,0.38624874,0.0006122207,0.00058688875
volatility_scaled_momentum|vsmom_12m_1m_vol60,1,8,41.87299689069601,0.6786664,0.0005901087,0.0006221257
volatility_scaled_momentum|vsmom_12m_1m_vol60,1,9,41.82994498923703,1.0418018,0.00057734275,0.0005955121
volatility_scaled_momentum|vsmom_12m_1m_vol60,1,10,42.35111217412102,1.7399701,0.00062370556,0.0006269981
volatility_scaled_momentum|vsmom_12m_1m_vol60,5,1,41.41234154508491,-1.7309293,0.002382427,0.0019573322
volatility_scaled_momentum|vsmom_12m_1m_vol60,5,2,41.85840707964602,-1.0481495,0.003099637,0.0027528165
volatility_scaled_momentum|vsmom_12m_1m_vol60,5,3,41.74886390815595,-0.6860563,0.0028457162,0.0026964382
volatility_scaled_momentum|vsmom_12m_1m_vol60,5,4,41.85410188950012,-0.3996291,0.002775822,0.0025462804
volatility_scaled_momentum|vsmom_12m_1m_vol60,5,5,41.9646017699115,-0.13741006,0.0030077994,0.002737141
volatility_scaled_momentum|vsmom_12m_1m_vol60,5,6,41.677349916287966,0.12106242,0.0029947057,0.0027238205
volatility_scaled_momentum|vsmom_12m_1m_vol60,5,7,41.777804353025594,0.3862247,0.0029146872,0.0028698216
volatility_scaled_momentum|vsmom_12m_1m_vol60,5,8,41.82468309016981,0.6786692,0.002981866,0.0028644672
volatility_scaled_momentum|vsmom_12m_1m_vol60,5,9,41.78019612532887,1.0418315,0.002785518,0.0026278228
volatility_scaled_momentum|vsmom_12m_1m_vol60,5,10,42.30136331021287,1.7397709,0.003060942,0.0029454879
volatility_scaled_momentum|vsmom_12m_1m_vol60,10,1,41.35374312365463,-1.7309037,0.004734782,0.0039580576
volatility_scaled_momentum|vsmom_12m_1m_vol60,10,2,41.796460176991154,-1.0481279,0.0060560415,0.005578762
volatility_scaled_momentum|vsmom_12m_1m_vol60,10,3,41.688830423343695,-0.6860696,0.0057373606,0.005384592
volatility_scaled_momentum|vsmom_12m_1m_vol60,10,4,41.79406840468788,-0.3996578,0.005498735,0.0052576964
volatility_scaled_momentum|vsmom_12m_1m_vol60,10,5,41.90385075340828,-0.1374509,0.0059063146,0.0053763627
volatility_scaled_momentum|vsmom_12m_1m_vol60,10,6,41.617794785936375,0.12101516,0.005898917,0.0055272765
volatility_scaled_momentum|vsmom_12m_1m_vol60,10,7,41.71801004544368,0.38619587,0.005813263,0.0054538655
volatility_scaled_momentum|vsmom_12m_1m_vol60,10,8,41.76464960535757,0.67868173,0.00572006,0.005418958
volatility_scaled_momentum|vsmom_12m_1m_vol60,10,9,41.71920593159531,1.041874,0.0054864264,0.0050508054
volatility_scaled_momentum|vsmom_12m_1m_vol60,10,10,42.239416407558004,1.7397993,0.0060017607,0.0056067253
volatility_scaled_momentum|vsmom_12m_1m_vol60,21,1,41.22315235589572,-1.730671,0.009858164,0.008811876
volatility_scaled_momentum|vsmom_12m_1m_vol60,21,2,41.66252092800765,-1.0481957,0.012347159,0.011464762
volatility_scaled_momentum|vsmom_12m_1m_vol60,21,3,41.554651997129874,-0.6861165,0.012204312,0.011752038
volatility_scaled_momentum|vsmom_12m_1m_vol60,21,4,41.66323845969864,-0.3997378,0.01214294,0.011427663
volatility_scaled_momentum|vsmom_12m_1m_vol60,21,5,41.77086821334609,-0.13756976,0.012297821,0.011204572
volatility_scaled_momentum|vsmom_12m_1m_vol60,21,6,41.4857689547955,0.1208996,0.012426276,0.011450551
volatility_scaled_momentum|vsmom_12m_1m_vol60,21,7,41.589093518297055,0.3861514,0.012137277,0.011233931
volatility_scaled_momentum|vsmom_12m_1m_vol60,21,8,41.63310212867735,0.6787011,0.012049075,0.011450297
volatility_scaled_momentum|vsmom_12m_1m_vol60,21,9,41.584070796460175,1.0419583,0.011696916,0.010734922
volatility_scaled_momentum|vsmom_12m_1m_vol60,21,10,42.10356374073188,1.7398648,0.0122133205,0.01100563
volatility_scaled_momentum|vsmom_12m_1m_vol60,42,1,40.97201626405166,-1.7308795,0.019117437,0.016385652
volatility_scaled_momentum|vsmom_12m_1m_vol60,42,2,41.40851470939967,-1.0486653,0.02335902,0.020786777
volatility_scaled_momentum|vsmom_12m_1m_vol60,42,3,41.29442717053337,-0.68636894,0.02419721,0.022474805
volatility_scaled_momentum|vsmom_12m_1m_vol60,42,4,41.41329825400622,-0.39988434,0.024784543,0.02253592
volatility_scaled_momentum|vsmom_12m_1m_vol60,42,5,41.51997129873236,-0.13767649,0.024594022,0.023066942
volatility_scaled_momentum|vsmom_12m_1m_vol60,42,6,41.235111217412104,0.12085751,0.024773706,0.022939535
volatility_scaled_momentum|vsmom_12m_1m_vol60,42,7,41.3422626165989,0.38634595,0.024649942,0.022717122
volatility_scaled_momentum|vsmom_12m_1m_vol60,42,8,41.38100932791198,0.67915034,0.023721924,0.02215616
volatility_scaled_momentum|vsmom_12m_1m_vol60,42,9,41.329107868930876,1.0425937,0.023932822,0.021380093
volatility_scaled_momentum|vsmom_12m_1m_vol60,42,10,41.84262138244439,1.7396909,0.023576979,0.020772131
volatility_scaled_momentum|vsmom_12m_1m_vol60,63,1,40.71633580483138,-1.7312815,0.027980777,0.023704095
volatility_scaled_momentum|vsmom_12m_1m_vol60,63,2,41.14900741449414,-1.0493085,0.03472149,0.030871505
volatility_scaled_momentum|vsmom_12m_1m_vol60,63,3,41.04113848361636,-0.68677694,0.036602158,0.032959986
volatility_scaled_momentum|vsmom_12m_1m_vol60,63,4,41.16551064338675,-0.4000641,0.036788534,0.033136085
volatility_scaled_momentum|vsmom_12m_1m_vol60,63,5,41.268835206888305,-0.1378186,0.036431942,0.032660257
volatility_scaled_momentum|vsmom_12m_1m_vol60,63,6,40.98564936618034,0.12092518,0.036430728,0.033177994
volatility_scaled_momentum|vsmom_12m_1m_vol60,63,7,41.09184405644583,0.38661814,0.036039636,0.032917596
volatility_scaled_momentum|vsmom_12m_1m_vol60,63,8,41.12341545084908,0.67964745,0.03499559,0.031587828
volatility_scaled_momentum|vsmom_12m_1m_vol60,63,9,41.0760583592442,1.0433325,0.035441134,0.03176753
volatility_scaled_momentum|vsmom_12m_1m_vol60,63,10,41.58765845491509,1.7398568,0.03393264,0.028922638
volatility_scaled_momentum|vsmom_12m_1m_vol60,126,1,39.94833771824922,-1.7312982,0.058587883,0.04532354
volatility_scaled_momentum|vsmom_12m_1m_vol60,126,2,40.380291796221,-1.0502671,0.07150923,0.062360875
volatility_scaled_momentum|vsmom_12m_1m_vol60,126,3,40.29705812006697,-0.68722326,0.07366715,0.06681153
volatility_scaled_momentum|vsmom_12m_1m_vol60,126,4,40.40923224109065,-0.40032613,0.07221502,0.06618714
volatility_scaled_momentum|vsmom_12m_1m_vol60,126,5,40.515187754125805,-0.13817947,0.071552165,0.065181054
volatility_scaled_momentum|vsmom_12m_1m_vol60,126,6,40.23391533126046,0.12076828,0.06872283,0.061555292
volatility_scaled_momentum|vsmom_12m_1m_vol60,126,7,40.33173881846448,0.38677052,0.068766244,0.06243962
volatility_scaled_momentum|vsmom_12m_1m_vol60,126,8,40.35972255441282,0.6801399,0.06958524,0.06220732
volatility_scaled_momentum|vsmom_12m_1m_vol60,126,9,40.31930160248744,1.0443467,0.07116299,0.06281311
volatility_scaled_momentum|vsmom_12m_1m_vol60,126,10,40.83353264769194,1.7404377,0.06822375,0.059865523
volatility_scaled_momentum|vsmom_12m_1m_vol60,252,1,38.414494140157856,-1.7318219,0.1401385,0.10568769
volatility_scaled_momentum|vsmom_12m_1m_vol60,252,2,38.88519492944272,-1.0507088,0.15463924,0.13101065
volatility_scaled_momentum|vsmom_12m_1m_vol60,252,3,38.799330303755085,-0.686199,0.15071876,0.13139917
volatility_scaled_momentum|vsmom_12m_1m_vol60,252,4,38.911982779239416,-0.39893383,0.14771247,0.12767564
volatility_scaled_momentum|vsmom_12m_1m_vol60,252,5,39.00215259507295,-0.13716896,0.1455159,0.12713015
volatility_scaled_momentum|vsmom_12m_1m_vol60,252,6,38.7337957426453,0.12096945,0.14037974,0.12443205
volatility_scaled_momentum|vsmom_12m_1m_vol60,252,7,38.837359483377185,0.38632524,0.13768375,0.12399008
volatility_scaled_momentum|vsmom_12m_1m_vol60,252,8,38.866778282707486,0.67928857,0.13639066,0.12290438
volatility_scaled_momentum|vsmom_12m_1m_vol60,252,9,38.83975125568046,1.0434937,0.13966565,0.12430178
volatility_scaled_momentum|vsmom_12m_1m_vol60,252,10,39.286055967471896,1.7395765,0.14040732,0.12635203
high_proximity|high_6m,1,1,41.522363071035635,-2.2338634,0.0007552185,0.0004476064
high_proximity|high_6m,1,2,41.9844534800287,-0.9574066,0.0006854525,0.000559231
high_proximity|high_6m,1,3,41.91724467830662,-0.45495087,0.00060366135,0.0005439977
high_proximity|high_6m,1,4,41.99880411384836,-0.11307155,0.00057098456,0.00054731325
high_proximity|high_6m,1,5,42.08777804353026,0.15319368,0.0006073691,0.000599352
high_proximity|high_6m,1,6,41.77947859363788,0.3734827,0.0005274098,0.0005125179
high_proximity|high_6m,1,7,41.735469983257595,0.5639382,0.00056563143,0.0005808835
high_proximity|high_6m,1,8,40.842382205214065,0.73408324,0.00061690755,0.0006029436
high_proximity|high_6m,1,9,42.062903611576175,0.8830164,0.0005410489,0.000586221
high_proximity|high_6m,1,10,43.605596747189665,1.0411901,0.0004861844,0.0005410098
high_proximity|high_6m,5,1,41.475484333891416,-2.2338161,0.003650555,0.0030626878
high_proximity|high_6m,5,2,41.93637885673284,-0.9572745,0.0031387769,0.0029102555
high_proximity|high_6m,5,3,41.86845252331978,-0.454973,0.0031121094,0.0027706258
high_proximity|high_6m,5,4,41.9507294905525,-0.113101386,0.0026937511,0.0025949182
high_proximity|high_6m,5,5,42.03994259746472,0.15314929,0.0029735942,0.0027785515
high_proximity|high_6m,5,6,41.73164314757235,0.37346834,0.0026618305,0.0025538087
high_proximity|high_6m,5,7,41.68763453719206,0.5639482,0.002850075,0.0027359999
high_proximity|high_6m,5,8,40.793590050227216,0.7340817,0.0028233943,0.0029718413
high_proximity|high_6m,5,9,42.013872279359006,0.882975,0.0027423652,0.0028098573
high_proximity|high_6m,5,10,43.553216933747905,1.0411875,0.0025323043,0.0026551532
high_proximity|high_6m,10,1,41.41688591246113,-2.2337832,0.0067231474,0.005902167
high_proximity|high_6m,10,2,41.87634537192059,-0.95708174,0.0062293913,0.005692988
high_proximity|high_6m,10,3,41.80770150681655,-0.4549568,0.0061596516,0.0054063518
high_proximity|high_6m,10,4,41.8902176512796,-0.11315142,0.005407036,0.00508522
high_proximity|high_6m,10,5,41.97990911265248,0.15311196,0.005785037,0.0054358263
high_proximity|high_6m,10,6,41.67184883999043,0.37343994,0.005392035,0.005138015
high_proximity|high_6m,10,7,41.627122697919155,0.56394684,0.0055624675,0.0054738815
high_proximity|high_6m,10,8,40.732121502033,0.73406595,0.0055644102,0.005650084
high_proximity|high_6m,10,9,41.95240373116479,0.88291216,0.005399945,0.00556614
high_proximity|high_6m,10,10,43.489834967711076,1.0411763,0.0051322146,0.005172741
high_proximity|high_6m,21,1,41.28796938531452,-2.2338214,0.013360007,0.012137246
high_proximity|high_6m,21,2,41.74527624970103,-0.95671815,0.013282292,0.011929454
high_proximity|high_6m,21,3,41.67687156182731,-0.45475364,0.012500144,0.011083043
high_proximity|high_6m,21,4,41.756995933987085,-0.11303567,0.011571082,0.01074329
high_proximity|high_6m,21,5,41.848122458741926,0.1530884,0.012137146,0.011335963
high_proximity|high_6m,21,6,41.54293231284382,0.3733341,0.011556182,0.0110793635
high_proximity|high_6m,21,7,41.49390098062664,0.5638304,0.011773996,0.011457063
high_proximity|high_6m,21,8,40.596268835206885,0.7339354,0.011878779,0.01168815
high_proximity|high_6m,21,9,41.82205214063621,0.8827834,0.011312314,0.011206573
high_proximity|high_6m,21,10,43.34465438890218,1.0411003,0.010831528,0.010557287
high_proximity|high_6m,42,1,41.04209519253767,-2.234272,0.025422392,0.020617086
high_proximity|high_6m,42,2,41.49390098062664,-0.9560483,0.026557729,0.023797248
high_proximity|high_6m,42,3,41.42238698875867,-0.4540167,0.024467714,0.022054147
high_proximity|high_6m,42,4,41.505859842143025,-0.11257551,0.023434948,0.022276524
high_proximity|high_6m,42,5,41.596747189667546,0.15323682,0.024701605,0.023700064
high_proximity|high_6m,42,6,41.29490552499402,0.37323192,0.023026364,0.021793945
high_proximity|high_6m,42,7,41.23989476201866,0.5635936,0.023044681,0.022073518
high_proximity|high_6m,42,8,40.337957426453,0.73352814,0.023097806,0.02246815
high_proximity|high_6m,42,9,41.56924180817986,0.88232917,0.022052828,0.021242013
high_proximity|high_6m,42,10,43.07127481463765,1.0408168,0.021966178,0.020828905
high_proximity|high_6m,63,1,40.79550346806984,-2.23496,0.03715404,0.028752625
high_proximity|high_6m,63,2,41.24348242047357,-0.9550229,0.038633574,0.034027122
high_proximity|high_6m,63,3,41.17268596029658,-0.45325994,0.036463264,0.03246172
high_proximity|high_6m,63,4,41.25257115522602,-0.11223465,0.034966867,0.03313382
high_proximity|high_6m,63,5,41.3422626165989,0.15337816,0.035591066,0.033909164
high_proximity|high_6m,63,6,41.04305190145898,0.37326896,0.033918526,0.03134535
high_proximity|high_6m,63,7,40.98469265725903,0.56355315,0.034230247,0.031993106
high_proximity|high_6m,63,8,40.07964601769911,0.73329955,0.033922907,0.03203784
high_proximity|high_6m,63,9,41.30997369050466,0.88180286,0.03265152,0.03047394
high_proximity|high_6m,63,10,42.810810810810814,1.0400395,0.032556694,0.029838707
high_proximity|high_6m,126,1,40.05692418081799,-2.2358906,0.072691336,0.05415856
high_proximity|high_6m,126,2,40.47955034680698,-0.9535828,0.074693374,0.06600472
high_proximity|high_6m,126,3,40.423822052140636,-0.4520235,0.072134316,0.06484869
high_proximity|high_6m,126,4,40.50035876584549,-0.11125788,0.068398856,0.06200524
high_proximity|high_6m,126,5,40.579048074623294,0.15413666,0.0697417,0.06338048
high_proximity|high_6m,126,6,40.29083951207845,0.3736635,0.068400815,0.06231174
high_proximity|high_6m,126,7,40.22506577373834,0.56356186,0.06784553,0.062140822
high_proximity|high_6m,126,8,39.31762736187515,0.7327307,0.06729125,0.06267872
high_proximity|high_6m,126,9,40.56015307342741,0.88053566,0.0662963,0.06184897
high_proximity|high_6m,126,10,42.021047596268836,1.0382193,0.06682999,0.059449945
high_proximity|high_6m,252,1,38.52499402056924,-2.2339077,0.15384,0.111040644
high_proximity|high_6m,252,2,38.97823487204018,-0.95353645,0.15512872,0.13221252
high_proximity|high_6m,252,3,38.91652714661564,-0.45108214,0.15195243,0.1318291
high_proximity|high_6m,252,4,38.99856493661803,-0.110661775,0.14289677,0.1267559
high_proximity|high_6m,252,5,39.064338674958144,0.1543757,0.14216857,0.12645692
high_proximity|high_6m,252,6,38.788567328390336,0.3733905,0.14030711,0.12569292
high_proximity|high_6m,252,7,38.726142071274815,0.5629528,0.13828798,0.1256414
high_proximity|high_6m,252,8,37.830901698158335,0.7320424,0.13769376,0.12571877
high_proximity|high_6m,252,9,39.14207127481464,0.87983835,0.13577257,0.12475769
high_proximity|high_6m,252,10,40.41473331738818,1.0389211,0.13597675,0.119599395
high_proximity|high_12m,1,1,41.466156421908636,-2.2522929,0.00073260226,0.00039837198
high_proximity|high_12m,1,2,41.91222195646974,-0.9595675,0.0006815484,0.0005771305
high_proximity|high_12m,1,3,41.79837359483377,-0.44463906,0.000635205,0.0005402069
high_proximity|high_12m,1,4,41.90959100693614,-0.10260052,0.0005685842,0.0005576077
high_proximity|high_12m,1,5,42.01745993781392,0.1621111,0.0006257943,0.00061108783
high_proximity|high_12m,1,6,41.71801004544368,0.37870142,0.0005514182,0.0005441521
high_proximity|high_12m,1,7,41.76321454197561,0.56569636,0.00050980435,0.000553862
high_proximity|high_12m,1,8,41.18010045443674,0.7322416,0.0005782488,0.0005689047
high_proximity|high_12m,1,9,41.39488160727099,0.8786732,0.00054623804,0.00057349354
high_proximity|high_12m,1,10,43.564697440803634,1.0253319,0.00048417487,0.0005283739
high_proximity|high_12m,5,1,41.41927768476441,-2.2522926,0.003551741,0.0028008365
high_proximity|high_12m,5,2,41.86438651040421,-0.95948374,0.0032918393,0.003042594
high_proximity|high_12m,5,3,41.750538148768236,-0.444565,0.003020138,0.0027836387
high_proximity|high_12m,5,4,41.861755560870606,-0.10264179,0.0027193427,0.0025160285
high_proximity|high_12m,5,5,41.969624491748384,0.16206044,0.002993658,0.0028612826
high_proximity|high_12m,5,6,41.67041377660847,0.3786652,0.0027551798,0.0026918065
high_proximity|high_12m,5,7,41.715379095910066,0.5656998,0.0027448372,0.0026396262
high_proximity|high_12m,5,8,41.131786653910545,0.7322643,0.002818631,0.0028099092
high_proximity|high_12m,5,9,41.34585027505381,0.87865794,0.0026588487,0.002774022
high_proximity|high_12m,5,10,43.5125568045922,1.0253055,0.002410791,0.002558905
high_proximity|high_12m,10,1,41.36067926333413,-2.2522979,0.0066453223,0.005365745
high_proximity|high_12m,10,2,41.80459220282229,-0.9593704,0.0062948787,0.0060439045
high_proximity|high_12m,10,3,41.69050466395599,-0.44444513,0.0060953577,0.005542239
high_proximity|high_12m,10,4,41.802200430519015,-0.102686666,0.0054497845,0.0050018374
high_proximity|high_12m,10,5,41.90959100693614,0.16198178,0.0056741955,0.005407629
high_proximity|high_12m,10,6,41.61038029179622,0.37861764,0.005631719,0.0052885395
high_proximity|high_12m,10,7,41.65534561109782,0.56568867,0.0053906296,0.005237651
high_proximity|high_12m,10,8,41.071513991867974,0.73228383,0.0056663705,0.0055075525
high_proximity|high_12m,10,9,41.28342501793829,0.8786362,0.0053672884,0.005600084
high_proximity|high_12m,10,10,43.4494140157857,1.0252846,0.0049936753,0.0050475863
high_proximity|high_12m,21,1,41.23176273618751,-2.252442,0.013437158,0.011491359
high_proximity|high_12m,21,2,41.673044726142074,-0.95899904,0.013081223,0.012294231
high_proximity|high_12m,21,3,41.5591963645061,-0.44418147,0.012740162,0.011757887
high_proximity|high_12m,21,4,41.6732839033724,-0.10259573,0.011674245,0.010628074
high_proximity|high_12m,21,5,41.77756517579527,0.16197817,0.011308393,0.010706351
high_proximity|high_12m,21,6,41.475484333891416,0.37851605,0.012136274,0.0113891065
high_proximity|high_12m,21,7,41.52595072949055,0.5655815,0.011739493,0.011254713
high_proximity|high_12m,21,8,40.93757474288448,0.73217833,0.011869264,0.011613124
high_proximity|high_12m,21,9,41.1494857689548,0.8785064,0.01131324,0.011160592
high_proximity|high_12m,21,10,43.3085386271227,1.0251912,0.010765693,0.010510786
high_proximity|high_12m,42,1,40.98564936618034,-2.2526062,0.024773609,0.019379713
high_proximity|high_12m,42,2,41.42190863429801,-0.9586634,0.02648002,0.024577172
high_proximity|high_12m,42,3,41.30495096866778,-0.44372702,0.02579195,0.02383331
high_proximity|high_12m,42,4,41.424778761061944,-0.10223461,0.023762995,0.021437552
high_proximity|high_12m,42,5,41.525711552260226,0.1621291,0.02288056,0.02206623
high_proximity|high_12m,42,6,41.2212389380531,0.3784421,0.024134928,0.022842651
high_proximity|high_12m,42,7,41.274575460416166,0.5653968,0.022849947,0.021902485
high_proximity|high_12m,42,8,40.68261181535518,0.7318913,0.023153722,0.02230853
high_proximity|high_12m,42,9,40.8928486008132,0.87815684,0.022119151,0.021461627
high_proximity|high_12m,42,10,43.04616120545324,1.0249963,0.021692652,0.020315727
high_proximity|high_12m,63,1,40.73690504663956,-2.2528415,0.035106223,0.026187718
high_proximity|high_12m,63,2,41.16742406122937,-0.9581177,0.038220778,0.03393713
high_proximity|high_12m,63,3,41.05261899067209,-0.44322953,0.037908584,0.034524705
high_proximity|high_12m,63,4,41.17579526429084,-0.102088645,0.036216747,0.033005614
high_proximity|high_12m,63,5,41.27003109303994,0.16213717,0.03476998,0.032495245
high_proximity|high_12m,63,6,40.969624491748384,0.37840426,0.034916777,0.032839697
high_proximity|high_12m,63,7,41.02511360918441,0.56535536,0.03425237,0.031726785
high_proximity|high_12m,63,8,40.42884477397752,0.7317878,0.03403458,0.031830557
high_proximity|high_12m,63,9,40.635733078210954,0.8778757,0.032547608,0.030694097
high_proximity|high_12m,63,10,42.78545802439608,1.0245343,0.032366365,0.029403819
high_proximity|high_12m,126,1,39.96938531451806,-2.2528148,0.06928041,0.04725335
high_proximity|high_12m,126,2,40.408753886629995,-0.95711637,0.07552461,0.066359825
high_proximity|high_12m,126,3,40.309016981583355,-0.44263014,0.073183954,0.06591946
high_proximity|high_12m,126,4,40.42334369767998,-0.10139715,0.0712233,0.06456689
high_proximity|high_12m,126,5,40.515187754125805,0.16271567,0.07029189,0.06411737
high_proximity|high_12m,126,6,40.21741210236785,0.37880397,0.069243,0.06272362
high_proximity|high_12m,126,7,40.26716096627601,0.5653338,0.06660164,0.060648236
high_proximity|high_12m,126,8,39.67041377660847,0.7312887,0.06763782,0.06336609
high_proximity|high_12m,126,9,39.88375986606075,0.87685823,0.06584105,0.06215624
high_proximity|high_12m,126,10,42.005979430758195,1.023118,0.06603212,0.05851694
high_proximity|high_12m,252,1,38.43004066012916,-2.2516325,0.1565591,0.10257817
high_proximity|high_12m,252,2,38.91796220999761,-0.9550015,0.15194161,0.13202748
high_proximity|high_12m,252,3,38.81989954556326,-0.440214,0.15209155,0.13333884
high_proximity|high_12m,252,4,38.9265725902894,-0.09957759,0.14606322,0.12795557
high_proximity|high_12m,252,5,39.00478354460655,0.16351612,0.14331941,0.12827545
high_proximity|high_12m,252,6,38.70916048792155,0.37857077,0.14115503,0.12846404
high_proximity|high_12m,252,7,38.76656302320019,0.5644136,0.13610874,0.1246917
high_proximity|high_12m,252,8,38.16957665630232,0.7297466,0.13661188,0.12617755
high_proximity|high_12m,252,9,38.43889021765128,0.8749603,0.13604951,0.12552682
high_proximity|high_12m,252,10,40.43434585027505,1.0220311,0.13420254,0.11944337
high_proximity|high_18m,1,1,41.379574264530014,-2.2641923,0.0007262419,0.00035655007
high_proximity|high_18m,1,2,41.81918201387228,-0.9659973,0.0006329434,0.00050713145
high_proximity|high_18m,1,3,41.76895479550347,-0.44069114,0.0006719227,0.00059526484
high_proximity|high_18m,1,4,41.78904568285099,-0.095112875,0.000560329,0.00050057936
high_proximity|high_18m,1,5,41.957665630232,0.1687992,0.00060302275,0.0005867269
high_proximity|high_18m,1,6,41.6706529538388,0.38459092,0.00057127204,0.0005641189
high_proximity|high_18m,1,7,41.63118871083473,0.56875956,0.0005311773,0.00056105474
high_proximity|high_18m,1,8,41.37670413776608,0.73209643,0.0005833112,0.00058253517
high_proximity|high_18m,1,9,41.15163836402775,0.87575626,0.00053754495,0.000571196
high_proximity|high_18m,1,10,43.4140157856972,1.0167036,0.00045817872,0.00051734515
high_proximity|high_18m,5,1,41.33197799569481,-2.2641888,0.00352119,0.002692035
high_proximity|high_18m,5,2,41.77110739057642,-0.9659546,0.0030432327,0.0028061958
high_proximity|high_18m,5,3,41.721119349437934,-0.44064534,0.003238334,0.0029680897
high_proximity|high_18m,5,4,41.74144941401578,-0.095132716,0.0027903349,0.0025436578
high_proximity|high_18m,5,5,41.909112652475486,0.16876231,0.0028366244,0.0027726828
high_proximity|high_18m,5,6,41.62281750777326,0.38455874,0.0028634325,0.0028037988
high_proximity|high_18m,5,7,41.583353264769194,0.56875634,0.0027285754,0.0026660745
high_proximity|high_18m,5,8,41.328390337239895,0.73211753,0.0028746172,0.0027823362
high_proximity|high_18m,5,9,41.10260703181057,0.87575036,0.0026691458,0.002751204
high_proximity|high_18m,5,10,43.36378856732839,1.0166919,0.0023544228,0.002488751
high_proximity|high_18m,10,1,41.27218368811289,-2.2642088,0.006621325,0.00526288
high_proximity|high_18m,10,2,41.7113130829945,-0.9658675,0.0058447425,0.005643255
high_proximity|high_18m,10,3,41.66132504185602,-0.4405613,0.0064830626,0.005864282
high_proximity|high_18m,10,4,41.680937574742885,-0.095136344,0.005554926,0.005204897
high_proximity|high_18m,10,5,41.84860081320258,0.16869324,0.005397888,0.0051182113
high_proximity|high_18m,10,6,41.56278402296101,0.38450873,0.005725891,0.00544627
high_proximity|high_18m,10,7,41.52331977995695,0.56873846,0.005456999,0.0052423542
high_proximity|high_18m,10,8,41.268117675197324,0.73213685,0.0056874044,0.0055147638
high_proximity|high_18m,10,9,41.04018177469505,0.87574184,0.0053801932,0.005566203
high_proximity|high_18m,10,10,43.30303755082516,1.0166692,0.004907563,0.004996492
high_proximity|high_18m,21,1,41.14063621143267,-2.2643967,0.013292795,0.011244268
high_proximity|high_18m,21,2,41.57785218847166,-0.9655628,0.012263664,0.011618942
high_proximity|high_18m,21,3,41.52906003348481,-0.4402719,0.013511884,0.012580267
high_proximity|high_18m,21,4,41.5522602248266,-0.09505088,0.011848734,0.010935918
high_proximity|high_18m,21,5,41.71729251375269,0.16870336,0.011175049,0.01060874
high_proximity|high_18m,21,6,41.42908395120784,0.38442886,0.011916482,0.01120002
high_proximity|high_18m,21,7,41.39320736665869,0.5686574,0.011731055,0.011287449
high_proximity|high_18m,21,8,41.13441760344415,0.73205626,0.011999945,0.011671388
high_proximity|high_18m,21,9,40.905764171250894,0.87560695,0.011323922,0.011265082
high_proximity|high_18m,21,10,43.16646735230806,1.0165484,0.010681537,0.010470251
high_proximity|high_18m,42,1,40.88567328390337,-2.2645743,0.02468464,0.018937824
high_proximity|high_18m,42,2,41.325520210475965,-0.9652451,0.025091175,0.023689711
high_proximity|high_18m,42,3,41.278163118871085,-0.439866,0.026333703,0.024464112
high_proximity|high_18m,42,4,41.304711791437455,-0.09474887,0.024681767,0.022544015
high_proximity|high_18m,42,5,41.46663477636929,0.16883987,0.022795241,0.021337328
high_proximity|high_18m,42,6,41.176991150442475,0.38441205,0.02378334,0.02281251
high_proximity|high_18m,42,7,41.142549629275294,0.568547,0.022809403,0.021758255
high_proximity|high_18m,42,8,40.87993303037551,0.73183066,0.023389475,0.022489417
high_proximity|high_18m,42,9,40.64888782587898,0.87525296,0.021953128,0.021310803
high_proximity|high_18m,42,10,42.90528581679024,1.0162934,0.02120463,0.019801294
high_proximity|high_18m,63,1,40.62951447022243,-2.264646,0.034875106,0.025026664
high_proximity|high_18m,63,2,41.07414494140158,-0.96464777,0.03606684,0.032859527
high_proximity|high_18m,63,3,41.027027027027025,-0.4394841,0.03887116,0.035336904
high_proximity|high_18m,63,4,41.05764171250897,-0.094626576,0.03741184,0.03485559
high_proximity|high_18m,63,5,41.21310691222196,0.16882348,0.03465291,0.0319885
high_proximity|high_18m,63,6,40.92489834967711,0.38438186,0.034521095,0.03284809
high_proximity|high_18m,63,7,40.89380530973451,0.56853074,0.03417767,0.031784967
high_proximity|high_18m,63,8,40.625687634537194,0.73175114,0.0344915,0.032176122
high_proximity|high_18m,63,9,40.39201148050706,0.8749889,0.032209866,0.030381313
high_proximity|high_18m,63,10,42.644104281272426,1.0158126,0.03190586,0.02895402
high_proximity|high_18m,126,1,39.861038029179625,-2.2646618,0.068712994,0.04614505
high_proximity|high_18m,126,2,40.323367615403015,-0.962831,0.073619604,0.06434129
high_proximity|high_18m,126,3,40.27696723271944,-0.43901777,0.07284526,0.067008935
high_proximity|high_18m,126,4,40.30806027266204,-0.09395541,0.0717943,0.06532964
high_proximity|high_18m,126,5,40.46376464960536,0.16942294,0.069925755,0.06329573
high_proximity|high_18m,126,6,40.16646735230806,0.38487527,0.06948145,0.06330607
high_proximity|high_18m,126,7,40.14446304711792,0.5685879,0.066785276,0.061215084
high_proximity|high_18m,126,8,39.859602965797656,0.73119706,0.068265736,0.06351336
high_proximity|high_18m,126,9,39.64099497727816,0.8737703,0.065799996,0.06201066
high_proximity|high_18m,126,10,41.871083472853385,1.0140707,0.06595195,0.058823936
high_proximity|high_18m,252,1,38.32432432432432,-2.265529,0.15684147,0.103611596
high_proximity|high_18m,252,2,38.83903372398947,-0.9597701,0.15261355,0.13253736
high_proximity|high_18m,252,3,38.7847404927051,-0.43532348,0.15088123,0.13178866
high_proximity|high_18m,252,4,38.807940684046876,-0.09137152,0.14597555,0.12670219
high_proximity|high_18m,252,5,38.9394881607271,0.17069633,0.14342894,0.12717284
high_proximity|high_18m,252,6,38.66491270031093,0.3847724,0.14015499,0.12751094
high_proximity|high_18m,252,7,38.63908155943554,0.5673407,0.1347213,0.122650355
high_proximity|high_18m,252,8,38.35900502272184,0.7292186,0.13710469,0.1258753
high_proximity|high_18m,252,9,38.187754125807224,0.8713387,0.13566649,0.1252365
high_proximity|high_18m,252,10,40.31236546280794,1.0121974,0.13555658,0.12118119
trend_slope|slope_50d,1,1,41.56326237742167,-1.8398042,0.0006974777,0.00049333705
trend_slope|slope_50d,1,2,42.02989715379096,-0.92813367,0.00064678845,0.00059098226
trend_slope|slope_50d,1,3,41.96555847883282,-0.57322395,0.00068330375,0.00062413374
trend_slope|slope_50d,1,4,42.02870126763932,-0.3092798,0.00053652044,0.0005426948
trend_slope|slope_50d,1,5,42.18225304950969,-0.08139375,0.0005640219,0.000569467
trend_slope|slope_50d,1,6,41.833054293231285,0.13468415,0.0005241362,0.0005489037
trend_slope|slope_50d,1,7,41.96842860559675,0.3543756,0.00056273665,0.0005668113
trend_slope|slope_50d,1,8,42.02654867256637,0.5981112,0.00054663356,0.00054637453
trend_slope|slope_50d,1,9,41.96986366897871,0.9152322,0.00055612787,0.00055340806
trend_slope|slope_50d,1,10,42.45252331977996,1.6940508,0.0005490155,0.00041643353
trend_slope|slope_50d,5,1,41.51542693135613,-1.8395392,0.0033102771,0.0029761216
trend_slope|slope_50d,5,2,41.98038746711313,-0.92821664,0.0033780136,0.0029764376
trend_slope|slope_50d,5,3,41.9170055010763,-0.57331765,0.0031861966,0.002908661
trend_slope|slope_50d,5,4,41.97990911265248,-0.30936137,0.0027411736,0.0028241659
trend_slope|slope_50d,5,5,42.13441760344415,-0.08147281,0.002809821,0.0027655996
trend_slope|slope_50d,5,6,41.78450131547476,0.13460997,0.0026576803,0.002779824
trend_slope|slope_50d,5,7,41.920114805070554,0.35432464,0.0027628324,0.002805455
trend_slope|slope_50d,5,8,41.97703898588854,0.5981057,0.0026897092,0.0026546607
trend_slope|slope_50d,5,9,41.921310691222196,0.9152841,0.0027593435,0.0026800798
trend_slope|slope_50d,5,10,42.4027744558718,1.6941657,0.0026325658,0.0021474576
trend_slope|slope_50d,10,1,41.45587180100454,-1.8391957,0.006222255,0.005800558
trend_slope|slope_50d,10,2,41.91820138722794,-0.92829186,0.006714637,0.0060702087
trend_slope|slope_50d,10,3,41.856015307342744,-0.5734626,0.0061422605,0.005489556
trend_slope|slope_50d,10,4,41.91987562784023,-0.30948526,0.0055887927,0.0054984284
trend_slope|slope_50d,10,5,42.073666586940924,-0.081570856,0.005441079,0.0053547546
trend_slope|slope_50d,10,6,41.724707007892846,0.13450214,0.0055784867,0.0055014635
trend_slope|slope_50d,10,7,41.86008132025831,0.35423967,0.0053951656,0.005239793
trend_slope|slope_50d,10,8,41.91485290600335,0.59805065,0.0053287325,0.0051849154
trend_slope|slope_50d,10,9,41.8607988519493,0.9153125,0.005364474,0.0048902542
trend_slope|slope_50d,10,10,42.34130590767759,1.694411,0.0052146465,0.004233618
trend_slope|slope_50d,21,1,41.32743362831859,-1.8387362,0.012955048,0.01212502
trend_slope|slope_50d,21,2,41.78402296101411,-0.92804146,0.014261684,0.013471667
trend_slope|slope_50d,21,3,41.725424539583834,-0.5735018,0.012972824,0.011840605
trend_slope|slope_50d,21,4,41.78617555608706,-0.30975008,0.011788637,0.011255985
trend_slope|slope_50d,21,5,41.93805309734513,-0.08183151,0.011501306,0.011483963
trend_slope|slope_50d,21,6,41.59363788567328,0.13430387,0.011194466,0.010851241
trend_slope|slope_50d,21,7,41.72877302080842,0.3539975,0.011059171,0.010959384
trend_slope|slope_50d,21,8,41.77971777086821,0.5979178,0.011182102,0.010904517
trend_slope|slope_50d,21,9,41.726859602965796,0.9153642,0.011259107,0.010453074
trend_slope|slope_50d,21,10,42.20401817746951,1.6948016,0.011446826,0.009151399
trend_slope|slope_50d,42,1,41.080841903850754,-1.8397888,0.025555592,0.02186255
trend_slope|slope_50d,42,2,41.53264769193973,-0.9281271,0.026274525,0.02449857
trend_slope|slope_50d,42,3,41.4718966754365,-0.57366294,0.0250137,0.023578726
trend_slope|slope_50d,42,4,41.5281033245635,-0.30981985,0.023464411,0.02259868
trend_slope|slope_50d,42,5,41.685242764888784,-0.08164566,0.022850284,0.021628775
trend_slope|slope_50d,42,6,41.34585027505381,0.13472742,0.02235831,0.021680012
trend_slope|slope_50d,42,7,41.4745276249701,0.35464454,0.022026835,0.021713585
trend_slope|slope_50d,42,8,41.522841425496296,0.59870476,0.022742886,0.021877687
trend_slope|slope_50d,42,9,41.47357091604879,0.91622704,0.022070853,0.020541782
trend_slope|slope_50d,42,10,41.93685721119349,1.6929872,0.024844239,0.01958448
trend_slope|slope_50d,63,1,40.83281511600096,-1.8421267,0.03630495,0.030213509
trend_slope|slope_50d,63,2,41.28007653671371,-0.92868876,0.038733307,0.035134725
trend_slope|slope_50d,63,3,41.21884716574982,-0.5735791,0.036001697,0.033537988
trend_slope|slope_50d,63,4,41.27433628318584,-0.30933875,0.03464768,0.033158798
trend_slope|slope_50d,63,5,41.43075819182014,-0.08087012,0.03373539,0.032422222
trend_slope|slope_50d,63,6,41.095192537670414,0.13575554,0.03302973,0.031872164
trend_slope|slope_50d,63,7,41.2195646974408,0.35581112,0.03321112,0.031880427
trend_slope|slope_50d,63,8,41.26476919397273,0.59986717,0.03385219,0.031502627
trend_slope|slope_50d,63,9,41.2195646974408,0.91682637,0.03315698,0.029680263
trend_slope|slope_50d,63,10,41.67639320736666,1.6903603,0.037266623,0.02933729
trend_slope|slope_50d,126,1,40.088734752451565,-1.8436168,0.069388084,0.05561397
trend_slope|slope_50d,126,2,40.52618990672088,-0.92826635,0.07278149,0.066004865
trend_slope|slope_50d,126,3,40.46687395359962,-0.5732993,0.06972863,0.06291507
trend_slope|slope_50d,126,4,40.522841425496296,-0.30905828,0.06749343,0.06371959
trend_slope|slope_50d,126,5,40.66850035876585,-0.08057303,0.068177894,0.06420822
trend_slope|slope_50d,126,6,40.333413059076776,0.13604806,0.066366374,0.062155038
trend_slope|slope_50d,126,7,40.464960535756994,0.35644963,0.06821719,0.063356414
trend_slope|slope_50d,126,8,40.497010284620906,0.60068494,0.068666585,0.06350131
trend_slope|slope_50d,126,9,40.455632623774214,0.9174289,0.067286104,0.06038667
trend_slope|slope_50d,126,10,40.89428366419517,1.6877823,0.07670062,0.058036312
trend_slope|slope_50d,252,1,38.57976560631428,-1.8462996,0.14752185,0.115661465
trend_slope|slope_50d,252,2,39.006696962449176,-0.9298258,0.14904681,0.12832582
trend_slope|slope_50d,252,3,38.96818942836642,-0.57349193,0.14382377,0.12745339
trend_slope|slope_50d,252,4,39.01745993781392,-0.30830094,0.13804835,0.12571113
trend_slope|slope_50d,252,5,39.139440325281036,-0.079239294,0.13822486,0.12646984
trend_slope|slope_50d,252,6,38.82755321693375,0.13777208,0.13612358,0.124658756
trend_slope|slope_50d,252,7,38.96723271944511,0.35848635,0.13839427,0.12758446
trend_slope|slope_50d,252,8,39.006696962449176,0.6026921,0.1423032,0.12813656
trend_slope|slope_50d,252,9,38.96292752929921,0.9184324,0.1445717,0.1278995
trend_slope|slope_50d,252,10,39.36259268117675,1.6838645,0.15646884,0.11932377
trend_slope|slope_100d,1,1,41.53551781870366,-1.8456775,0.00069071335,0.00045337505
trend_slope|slope_100d,1,2,41.986845252331975,-0.93519163,0.00061656965,0.00051146466
trend_slope|slope_100d,1,3,41.95288208562545,-0.57576954,0.00068762334,0.0006021999
trend_slope|slope_100d,1,4,41.99712987323607,-0.30970576,0.0005913885,0.0005558726
trend_slope|slope_100d,1,5,42.12843817268596,-0.07823212,0.0005285504,0.0005281348
trend_slope|slope_100d,1,6,41.795742645300166,0.13887976,0.00049924396,0.00051102205
trend_slope|slope_100d,1,7,41.9394881607271,0.35971248,0.0005080663,0.00055477454
trend_slope|slope_100d,1,8,42.01171968428606,0.6059528,0.00057205,0.000583898
trend_slope|slope_100d,1,9,41.931595312126284,0.9202536,0.00055080804,0.00054947287
trend_slope|slope_100d,1,10,42.42334369767998,1.684387,0.0006141796,0.0005058452
trend_slope|slope_100d,5,1,41.488639081559434,-1.8458643,0.0034154088,0.0030080965
trend_slope|slope_100d,5,2,41.93900980626644,-0.935241,0.0030698804,0.00278743
trend_slope|slope_100d,5,3,41.90361157617795,-0.57577765,0.0032945753,0.0030328396
trend_slope|slope_100d,5,4,41.949294427170535,-0.30968145,0.0029651178,0.0030654636
trend_slope|slope_100d,5,5,42.07964601769911,-0.07819485,0.0026846442,0.0027329833
trend_slope|slope_100d,5,6,41.74718966754365,0.1389579,0.0025046747,0.0026336997
trend_slope|slope_100d,5,7,41.890456828509926,0.35984242,0.0025086806,0.0025207917
trend_slope|slope_100d,5,8,41.96388423822052,0.6060789,0.0026667835,0.002733226
trend_slope|slope_100d,5,9,41.88280315713944,0.9203742,0.0027411636,0.002548058
trend_slope|slope_100d,5,10,42.37263812485052,1.6840826,0.003030402,0.002407168
trend_slope|slope_100d,10,1,41.43004066012916,-1.8461243,0.006604291,0.005973946
trend_slope|slope_100d,10,2,41.87873714422387,-0.93530816,0.0059740464,0.0055928905
trend_slope|slope_100d,10,3,41.84262138244439,-0.5757992,0.0064913975,0.006060074
trend_slope|slope_100d,10,4,41.88950011958862,-0.30966735,0.005989558,0.006110758
trend_slope|slope_100d,10,5,42.01865582396556,-0.07813359,0.005271504,0.005356273
trend_slope|slope_100d,10,6,41.68643865104042,0.13905789,0.005106418,0.005123474
trend_slope|slope_100d,10,7,41.829705812006694,0.35999957,0.0049933605,0.0046737297
trend_slope|slope_100d,10,8,41.90385075340828,0.60627604,0.005376324,0.005399456
trend_slope|slope_100d,10,9,41.82181296340588,0.92055446,0.0051194713,0.0046292082
trend_slope|slope_100d,10,10,42.30925615881368,1.6836817,0.0059830174,0.004834431
trend_slope|slope_100d,21,1,41.30112413298254,-1.8468661,0.013610825,0.0129183
trend_slope|slope_100d,21,2,41.747668022004305,-0.9355212,0.012970316,0.0120998835
trend_slope|slope_100d,21,3,41.71083472853385,-0.5759504,0.0132403355,0.011969689
trend_slope|slope_100d,21,4,41.757713465678066,-0.30960545,0.012726792,0.012606129
trend_slope|slope_100d,21,5,41.88639081559435,-0.07792927,0.011452407,0.011528116
trend_slope|slope_100d,21,6,41.556565414972496,0.1393751,0.010903088,0.010727892
trend_slope|slope_100d,21,7,41.69433149964124,0.3604359,0.010563508,0.010281095
trend_slope|slope_100d,21,8,41.76871561827314,0.6067634,0.011068963,0.010609465
trend_slope|slope_100d,21,9,41.68715618273141,0.9211001,0.010349677,0.009557775
trend_slope|slope_100d,21,10,42.17077254245396,1.6826705,0.012577143,0.009999753
trend_slope|slope_100d,42,1,41.05477158574504,-1.8487755,0.025692733,0.022636157
trend_slope|slope_100d,42,2,41.49724946185123,-0.936046,0.026335537,0.024649879
trend_slope|slope_100d,42,3,41.45802439607749,-0.5763162,0.025206445,0.02351354
trend_slope|slope_100d,42,4,41.50538148768237,-0.30951333,0.02506906,0.024565818
trend_slope|slope_100d,42,5,41.63190624252571,-0.07738397,0.022897521,0.02261695
trend_slope|slope_100d,42,6,41.309016981583355,0.14031436,0.022051917,0.021753136
trend_slope|slope_100d,42,7,41.44152116718488,0.36164638,0.021135729,0.020829903
trend_slope|slope_100d,42,8,41.505859842143025,0.60806835,0.021736234,0.020531453
trend_slope|slope_100d,42,9,41.43075819182014,0.9220003,0.02115715,0.018280663
trend_slope|slope_100d,42,10,41.905764171250894,1.6803428,0.025629578,0.020646047
trend_slope|slope_100d,63,1,40.80841903850754,-1.8502015,0.035703007,0.030076098
trend_slope|slope_100d,63,2,41.2463525472375,-0.93614817,0.03802935,0.035083674
trend_slope|slope_100d,63,3,41.2083233676154,-0.5762933,0.03673966,0.034168392
trend_slope|slope_100d,63,4,41.25209280076537,-0.30931064,0.03707384,0.03615539
trend_slope|slope_100d,63,5,41.37718249222674,-0.07688768,0.03404696,0.03304035
trend_slope|slope_100d,63,6,41.05692418081799,0.14097653,0.03285715,0.0314647
trend_slope|slope_100d,63,7,41.18799330303755,0.3624069,0.03191317,0.030537996
trend_slope|slope_100d,63,8,41.24778761061947,0.6088407,0.032106142,0.028788231
trend_slope|slope_100d,63,9,41.17316431475724,0.922448,0.032546967,0.027913002
trend_slope|slope_100d,63,10,41.6421908634298,1.6783841,0.038549304,0.03166533
trend_slope|slope_100d,126,1,40.06027266204257,-1.851441,0.06753734,0.054003414
trend_slope|slope_100d,126,2,40.48959579048075,-0.93629503,0.07005107,0.0640788
trend_slope|slope_100d,126,3,40.457785218847164,-0.5763691,0.07043051,0.06315458
trend_slope|slope_100d,126,4,40.50227218368811,-0.3092534,0.0700958,0.06533122
trend_slope|slope_100d,126,5,40.60822769672327,-0.07668595,0.06938529,0.06485523
trend_slope|slope_100d,126,6,40.303994259746474,0.14147468,0.06741216,0.061528705
trend_slope|slope_100d,126,7,40.433149964123416,0.3631022,0.06628335,0.060856603
trend_slope|slope_100d,126,8,40.48026787849797,0.6100937,0.067137375,0.06189214
trend_slope|slope_100d,126,9,40.40349198756278,0.92341465,0.06498012,0.05827595
trend_slope|slope_100d,126,10,40.87275771346568,1.6758918,0.08070401,0.06464331
trend_slope|slope_100d,252,1,38.54699832575939,-1.8561432,0.14679018,0.11739086
trend_slope|slope_100d,252,2,38.97536474527625,-0.93803155,0.14888169,0.13227978
trend_slope|slope_100d,252,3,38.95599138961971,-0.57589257,0.14911841,0.12974925
trend_slope|slope_100d,252,4,38.98469265725903,-0.30791682,0.142822,0.12805569
trend_slope|slope_100d,252,5,39.084907916766326,-0.074893735,0.13933127,0.12612453
trend_slope|slope_100d,252,6,38.81200669696245,0.14382772,0.13805096,0.12816991
trend_slope|slope_100d,252,7,38.94068404687874,0.36570886,0.13520208,0.12431327
trend_slope|slope_100d,252,8,38.97608227696723,0.6128636,0.14078325,0.1278301
trend_slope|slope_100d,252,9,38.92178904568285,0.92513055,0.13979974,0.1238485
trend_slope|slope_100d,252,10,39.342740971059555,1.6705768,0.15302828,0.11392541
trend_slope|slope_200d,1,1,41.49127003109304,-1.8492421,0.0005944954,0.00035707824
trend_slope|slope_200d,1,2,41.95192537670414,-0.9330932,0.0006172517,0.0004986624
trend_slope|slope_200d,1,3,41.83999043291079,-0.5696284,0.000583823,0.0005449544
trend_slope|slope_200d,1,4,41.94259746472136,-0.30215958,0.00055707025,0.00048641907
trend_slope|slope_200d,1,5,42.057163358048314,-0.07223991,0.00058953435,0.0005384249
trend_slope|slope_200d,1,6,41.74384118631906,0.1406901,0.0005897837,0.0006040826
trend_slope|slope_200d,1,7,41.87251853623535,0.35685006,0.0005870097,0.0006060176
trend_slope|slope_200d,1,8,41.909112652475486,0.5949113,0.00051807193,0.00055936765
trend_slope|slope_200d,1,9,41.88136809375747,0.90945935,0.0005337064,0.0005903326
trend_slope|slope_200d,1,10,42.366419516861995,1.6902477,0.0006784098,0.00058495643
trend_slope|slope_200d,5,1,41.44439129394882,-1.8493992,0.0029608225,0.002522145
trend_slope|slope_200d,5,2,41.904089930638605,-0.9331406,0.002984222,0.0026717414
trend_slope|slope_200d,5,3,41.79119827792394,-0.5696542,0.0029891292,0.0028731793
trend_slope|slope_200d,5,4,41.894762018655825,-0.3021748,0.002739186,0.0025638407
trend_slope|slope_200d,5,5,42.00789284860081,-0.07222495,0.0029325795,0.002777189
trend_slope|slope_200d,5,6,41.6957665630232,0.14075693,0.0028225812,0.002797233
trend_slope|slope_200d,5,7,41.82492226740014,0.35696945,0.0029178679,0.0028692666
trend_slope|slope_200d,5,8,41.86151638364028,0.59506917,0.0025880784,0.002512646
trend_slope|slope_200d,5,9,41.83066252092801,0.90960205,0.0025892812,0.002561245
trend_slope|slope_200d,5,10,42.31571394403253,1.6899849,0.00331138,0.002822658
trend_slope|slope_200d,10,1,41.385792872518536,-1.8496026,0.0057218526,0.0050447015
trend_slope|slope_200d,10,2,41.84429562305669,-0.9331917,0.0057239938,0.0052321167
trend_slope|slope_200d,10,3,41.73020808419039,-0.56967634,0.006018638,0.00594814
trend_slope|slope_200d,10,4,41.83496771107391,-0.30219382,0.0053984607,0.005159021
trend_slope|slope_200d,10,5,41.947141832097586,-0.07220602,0.005768405,0.0054872343
trend_slope|slope_200d,10,6,41.636450609901935,0.1408383,0.005655858,0.0054803737
trend_slope|slope_200d,10,7,41.76512795981822,0.35711235,0.005739619,0.0055931373
trend_slope|slope_200d,10,8,41.80028701267639,0.59525675,0.0051337196,0.0047195
trend_slope|slope_200d,10,9,41.76871561827314,0.9097849,0.0052526337,0.0050831707
trend_slope|slope_200d,10,10,42.252331977995695,1.6896678,0.0064049936,0.0052255364
trend_slope|slope_200d,21,1,41.25687634537192,-1.8500884,0.011985727,0.010695622
trend_slope|slope_200d,21,2,41.71203061468548,-0.9333168,0.011590825,0.011258799
trend_slope|slope_200d,21,3,41.596747189667546,-0.569717,0.012357108,0.012077812
trend_slope|slope_200d,21,4,41.703181057163356,-0.30222303,0.011508972,0.0110936845
trend_slope|slope_200d,21,5,41.816551064338675,-0.07215349,0.012267393,0.01175661
trend_slope|slope_200d,21,6,41.50609901937336,0.14101392,0.01199715,0.011697786
trend_slope|slope_200d,21,7,41.631427888065055,0.35744116,0.011707316,0.011502996
trend_slope|slope_200d,21,8,41.66563023200192,0.5956684,0.010791771,0.009996515
trend_slope|slope_200d,21,9,41.63453719205932,0.9102081,0.011781757,0.011436091
trend_slope|slope_200d,21,10,42.11289165271466,1.6889777,0.013311441,0.010337973
trend_slope|slope_200d,42,1,41.01076297536475,-1.8512228,0.02319562,0.019218199
trend_slope|slope_200d,42,2,41.45587180100454,-0.9335469,0.022357013,0.021232234
trend_slope|slope_200d,42,3,41.345611097823486,-0.56987345,0.024078712,0.02290546
trend_slope|slope_200d,42,4,41.45228414254963,-0.30225864,0.022253564,0.021161327
trend_slope|slope_200d,42,5,41.56302320019134,-0.07203444,0.024680767,0.023861218
trend_slope|slope_200d,42,6,41.25615881368094,0.14143145,0.024443544,0.022979876
trend_slope|slope_200d,42,7,41.376464960535756,0.3581449,0.022705723,0.02143629
trend_slope|slope_200d,42,8,41.41018895001196,0.5965406,0.021733742,0.020200988
trend_slope|slope_200d,42,9,41.37885673283903,0.9110775,0.023796268,0.022065919
trend_slope|slope_200d,42,10,41.84907916766324,1.6875776,0.027357062,0.021984762
trend_slope|slope_200d,63,1,40.76464960535757,-1.8526016,0.033887375,0.027603112
trend_slope|slope_200d,63,2,41.19971298732361,-0.9338035,0.032975495,0.031065423
trend_slope|slope_200d,63,3,41.094235828749106,-0.5701589,0.0342533,0.032612305
trend_slope|slope_200d,63,4,41.199234632862954,-0.30227503,0.033424567,0.03236099
trend_slope|slope_200d,63,5,41.31140875388663,-0.07175592,0.036065705,0.03442232
trend_slope|slope_200d,63,6,41.004544367376226,0.1419181,0.035397388,0.03243181
trend_slope|slope_200d,63,7,41.12341545084908,0.35892177,0.033635043,0.030741783
trend_slope|slope_200d,63,8,41.155465199712985,0.59735334,0.03297577,0.029031835
trend_slope|slope_200d,63,9,41.12150203300646,0.9119805,0.03563369,0.03274949
trend_slope|slope_200d,63,10,41.59244199952165,1.686324,0.040892992,0.033050366
trend_slope|slope_200d,126,1,40.01411145658933,-1.8568398,0.0665709,0.0512993
trend_slope|slope_200d,126,2,40.42573546998326,-0.9358003,0.068405874,0.062656224
trend_slope|slope_200d,126,3,40.33245635015547,-0.5711897,0.06861074,0.06501275
trend_slope|slope_200d,126,4,40.44654388902177,-0.3023672,0.06721991,0.061449267
trend_slope|slope_200d,126,5,40.55513035159053,-0.07104085,0.06929907,0.06349285
trend_slope|slope_200d,126,6,40.247309256158815,0.14343609,0.06754733,0.06249623
trend_slope|slope_200d,126,7,40.37120306146855,0.36105895,0.06727641,0.062440805
trend_slope|slope_200d,126,8,40.40062186079885,0.6001705,0.06818503,0.06274412
trend_slope|slope_200d,126,9,40.35972255441282,0.9154213,0.07067206,0.0641709
trend_slope|slope_200d,126,10,40.83903372398947,1.6830335,0.08013496,0.062916584
trend_slope|slope_200d,252,1,38.477636928964365,-1.859512,0.15230091,0.112672366
trend_slope|slope_200d,252,2,38.93853145180579,-0.93657607,0.14708862,0.12782086
trend_slope|slope_200d,252,3,38.84429562305669,-0.5712277,0.1445602,0.12994236
trend_slope|slope_200d,252,4,38.949294427170535,-0.3016061,0.13834281,0.12290408
trend_slope|slope_200d,252,5,39.02989715379096,-0.069437794,0.14267895,0.12656023
trend_slope|slope_200d,252,6,38.75436498445348,0.14525677,0.14040391,0.12672976
trend_slope|slope_200d,252,7,38.871083472853385,0.36350867,0.13817915,0.12500517
trend_slope|slope_200d,252,8,38.887586701745995,0.6030697,0.13948303,0.12832798
trend_slope|slope_200d,252,9,38.86510404209519,0.9170813,0.14205776,0.12862565
trend_slope|slope_200d,252,10,39.314039703420235,1.6776471,0.14849015,0.11732911
trend_slope|slope_250d,1,1,41.46806983975126,-1.8464139,0.00058953435,0.00036046567
trend_slope|slope_250d,1,2,41.915092083233674,-0.93043625,0.00054577563,0.00043621723
trend_slope|slope_250d,1,3,41.79813441760344,-0.5644284,0.00059858774,0.0005512299
trend_slope|slope_250d,1,4,41.91222195646974,-0.2989987,0.0005542962,0.0005297058
trend_slope|slope_250d,1,5,42.019134178426214,-0.07374988,0.00057651574,0.0005832209
trend_slope|slope_250d,1,6,41.72303276728056,0.13792907,0.00054516416,0.00053017103
trend_slope|slope_250d,1,7,41.8392729012198,0.35278004,0.00062189205,0.0006254915
trend_slope|slope_250d,1,8,41.87132265008371,0.58870924,0.0005394717,0.0005445953
trend_slope|slope_250d,1,9,41.84214302798374,0.90332556,0.000609123,0.0006124235
trend_slope|slope_250d,1,10,42.35254723750299,1.6966912,0.0006679691,0.0005815522
trend_slope|slope_250d,5,1,41.42119110260703,-1.8466247,0.0029333301,0.002496992
trend_slope|slope_250d,5,2,41.866778282707486,-0.93050957,0.0027235833,0.0025163523
trend_slope|slope_250d,5,3,41.749820617077255,-0.5644672,0.002893786,0.0028729897
trend_slope|slope_250d,5,4,41.86438651040421,-0.29899132,0.0027484377,0.002669577
trend_slope|slope_250d,5,5,41.97129873236068,-0.073721364,0.0029196867,0.0026703496
trend_slope|slope_250d,5,6,41.67567567567568,0.13800566,0.002673852,0.0026829955
trend_slope|slope_250d,5,7,41.790719923463286,0.35289505,0.003075142,0.0029242195
trend_slope|slope_250d,5,8,41.82133460894523,0.58885676,0.0026238027,0.0024878331
trend_slope|slope_250d,5,9,41.79382922745754,0.9035069,0.0029902097,0.0030253269
trend_slope|slope_250d,5,10,42.30232001913418,1.6964695,0.0032530061,0.0029054044
trend_slope|slope_250d,10,1,41.36259268117675,-1.8469049,0.0057182787,0.0049907747
trend_slope|slope_250d,10,2,41.80578808897393,-0.9306047,0.00531868,0.0050929426
trend_slope|slope_250d,10,3,41.69002630949534,-0.56452054,0.0055973176,0.005748857
trend_slope|slope_250d,10,4,41.80459220282229,-0.29898298,0.0054896693,0.0054056942
trend_slope|slope_250d,10,5,41.91150442477876,-0.073682636,0.005850088,0.0053130453
trend_slope|slope_250d,10,6,41.61683807701507,0.13810314,0.0053293807,0.0053319773
trend_slope|slope_250d,10,7,41.72996890696006,0.3530518,0.006049221,0.005573281
trend_slope|slope_250d,10,8,41.759148529060035,0.5890478,0.0051650424,0.0047533903
trend_slope|slope_250d,10,9,41.73283903372399,0.9037399,0.0058963676,0.005873622
trend_slope|slope_250d,10,10,42.240133939248985,1.696185,0.0064106775,0.005380984
trend_slope|slope_250d,21,1,41.233676154030135,-1.8475819,0.011914838,0.01023064
trend_slope|slope_250d,21,2,41.671609662760105,-0.93083966,0.010957998,0.010452432
trend_slope|slope_250d,21,3,41.558718010045446,-0.56465715,0.011407115,0.01147832
trend_slope|slope_250d,21,4,41.67567567567568,-0.29897144,0.01170512,0.011431781
trend_slope|slope_250d,21,5,41.7787610619469,-0.07357591,0.012381155,0.011716638
trend_slope|slope_250d,21,6,41.48385553695288,0.13832635,0.011617436,0.011351375
trend_slope|slope_250d,21,7,41.60129155704377,0.35342383,0.012312283,0.011687532
trend_slope|slope_250d,21,8,41.62090408993064,0.5895158,0.010977061,0.010153626
trend_slope|slope_250d,21,9,41.59818225304951,0.9042891,0.012514016,0.011977462
trend_slope|slope_250d,21,10,42.10499880411385,1.6955289,0.013536613,0.011106476
trend_slope|slope_250d,42,1,40.98756278402296,-1.8490473,0.022958107,0.018952532
trend_slope|slope_250d,42,2,41.415450849079164,-0.93135214,0.021922356,0.021478707
trend_slope|slope_250d,42,3,41.306146854819424,-0.565018,0.022570683,0.021996627
trend_slope|slope_250d,42,4,41.42621382444391,-0.29901564,0.023551378,0.022386326
trend_slope|slope_250d,42,5,41.52595072949055,-0.07334224,0.023828926,0.022498118
trend_slope|slope_250d,42,6,41.23056685003588,0.13881221,0.023393158,0.022350084
trend_slope|slope_250d,42,7,41.34585027505381,0.35420692,0.024035646,0.022388592
trend_slope|slope_250d,42,8,41.3673762257833,0.59053975,0.022573827,0.020776408
trend_slope|slope_250d,42,9,41.34082755321693,0.9054756,0.024582123,0.022475574
trend_slope|slope_250d,42,10,41.850275053814876,1.6941803,0.02722482,0.02324972
trend_slope|slope_250d,63,1,40.74097105955513,-1.8505561,0.03317587,0.027310813
trend_slope|slope_250d,63,2,41.15450849079168,-0.9319678,0.033166453,0.03218588
trend_slope|slope_250d,63,3,41.05166228175078,-0.5653951,0.033250976,0.03160276
trend_slope|slope_250d,63,4,41.17531690983019,-0.29908502,0.035113253,0.032413747
trend_slope|slope_250d,63,5,41.27194451088256,-0.073085606,0.034633104,0.03329249
trend_slope|slope_250d,63,6,40.98062664434346,0.13930641,0.034629922,0.032080226
trend_slope|slope_250d,63,7,41.09327911982779,0.35499263,0.03519138,0.031248778
trend_slope|slope_250d,63,8,41.11647931116958,0.5915116,0.034003504,0.030894417
trend_slope|slope_250d,63,9,41.079406840468785,0.9067951,0.035965506,0.03228405
trend_slope|slope_250d,63,10,41.59913896197082,1.6928937,0.04014033,0.033036955
trend_slope|slope_250d,126,1,39.97273379574265,-1.8552204,0.06595453,0.048418187
trend_slope|slope_250d,126,2,40.39105477158574,-0.93377423,0.071004026,0.06565985
trend_slope|slope_250d,126,3,40.29227457546042,-0.56605,0.06883959,0.065390356
trend_slope|slope_250d,126,4,40.423104520449655,-0.29881284,0.06940403,0.062229827
trend_slope|slope_250d,126,5,40.52140636211433,-0.07196503,0.066645384,0.06242807
trend_slope|slope_250d,126,6,40.237263812485054,0.14117554,0.06885967,0.06435454
trend_slope|slope_250d,126,7,40.326955273857926,0.35723966,0.06806711,0.06159075
trend_slope|slope_250d,126,8,40.35685242764889,0.59413844,0.06663009,0.061149593
trend_slope|slope_250d,126,9,40.31882324802679,0.9098567,0.0713078,0.06288288
trend_slope|slope_250d,126,10,40.84573068643865,1.6890626,0.077308066,0.061215676
trend_slope|slope_250d,252,1,38.436259268117674,-1.8572459,0.15566246,0.11108244
trend_slope|slope_250d,252,2,38.905764171250894,-0.93427145,0.14986002,0.1330533
trend_slope|slope_250d,252,3,38.80100454436737,-0.5661777,0.14578867,0.13125041
trend_slope|slope_250d,252,4,38.907916766323844,-0.29799423,0.14183834,0.12503834
trend_slope|slope_250d,252,5,39.019134178426214,-0.070613295,0.13635215,0.121668525
trend_slope|slope_250d,252,6,38.74790719923463,0.14265294,0.13818884,0.12533626
trend_slope|slope_250d,252,7,38.82898828031571,0.35913968,0.13758865,0.12468229
trend_slope|slope_250d,252,8,38.839512078450134,0.5963634,0.1383754,0.12675811
trend_slope|slope_250d,252,9,38.821573786175556,0.91117424,0.14161408,0.1283282
trend_slope|slope_250d,252,10,39.32504185601531,1.6847879,0.14800727,0.12037781
risk_adjusted_trend|risk_trend_50d,1,1,41.56302320019134,-1.7518265,0.00066718453,0.00052919134
risk_adjusted_trend|risk_trend_50d,1,2,42.028222913178666,-1.0591244,0.0006690614,0.0005781174
risk_adjusted_trend|risk_trend_50d,1,3,41.96340588375987,-0.69008464,0.0006561254,0.00056210044
risk_adjusted_trend|risk_trend_50d,1,4,42.02894044486965,-0.39342743,0.0005829834,0.000566935
risk_adjusted_trend|risk_trend_50d,1,5,42.18177469504903,-0.12648846,0.0005511015,0.0004803937
risk_adjusted_trend|risk_trend_50d,1,6,41.83185840707964,0.13152266,0.0005337633,0.0005375151
risk_adjusted_trend|risk_trend_50d,1,7,41.96914613728773,0.39771318,0.0005755028,0.0005509038
risk_adjusted_trend|risk_trend_50d,1,8,42.02367854580244,0.6897949,0.00056207157,0.000565836
risk_adjusted_trend|risk_trend_50d,1,9,41.96914613728773,1.0483073,0.0005512596,0.00057663897
risk_adjusted_trend|risk_trend_50d,1,10,42.45156661085865,1.7190197,0.00051520544,0.00050492847
risk_adjusted_trend|risk_trend_50d,5,1,41.515187754125805,-1.7518306,0.0030975104,0.0028748258
risk_adjusted_trend|risk_trend_50d,5,2,41.978952403731164,-1.0591111,0.0032780797,0.0030006568
risk_adjusted_trend|risk_trend_50d,5,3,41.91365701985171,-0.69006515,0.003230105,0.0029217752
risk_adjusted_trend|risk_trend_50d,5,4,41.98110499880411,-0.39343148,0.0029389202,0.0027902515
risk_adjusted_trend|risk_trend_50d,5,5,42.133939248983495,-0.12649752,0.0028928518,0.0028166198
risk_adjusted_trend|risk_trend_50d,5,6,41.78402296101411,0.13150886,0.002673723,0.0025612395
risk_adjusted_trend|risk_trend_50d,5,7,41.92154986845252,0.39768845,0.003007391,0.0029166199
risk_adjusted_trend|risk_trend_50d,5,8,41.97416885912461,0.6898128,0.0026266188,0.0025980535
risk_adjusted_trend|risk_trend_50d,5,9,41.920114805070554,1.0483062,0.0026554184,0.0025924556
risk_adjusted_trend|risk_trend_50d,5,10,42.401100215259504,1.718993,0.0025203363,0.0024254853
risk_adjusted_trend|risk_trend_50d,10,1,41.45587180100454,-1.7518109,0.0058870194,0.0056509557
risk_adjusted_trend|risk_trend_50d,10,2,41.9170055010763,-1.0591309,0.0065018227,0.0060275923
risk_adjusted_trend|risk_trend_50d,10,3,41.8521884716575,-0.69007,0.0062539843,0.0054362244
risk_adjusted_trend|risk_trend_50d,10,4,41.92107151399187,-0.39342484,0.005855745,0.005562125
risk_adjusted_trend|risk_trend_50d,10,5,42.07414494140158,-0.12648828,0.0057818475,0.0054037436
risk_adjusted_trend|risk_trend_50d,10,6,41.72446783066252,0.13150258,0.005490152,0.0053143525
risk_adjusted_trend|risk_trend_50d,10,7,41.86151638364028,0.39768124,0.005793038,0.005599875
risk_adjusted_trend|risk_trend_50d,10,8,41.91246113370007,0.6898106,0.0052274032,0.0050779884
risk_adjusted_trend|risk_trend_50d,10,9,41.859124611337,1.0482433,0.0051779943,0.004866938
risk_adjusted_trend|risk_trend_50d,10,10,42.338435780913656,1.7190219,0.0050171986,0.00472014
risk_adjusted_trend|risk_trend_50d,21,1,41.326955273857926,-1.751624,0.012153174,0.011638367
risk_adjusted_trend|risk_trend_50d,21,2,41.78330542932313,-1.0589428,0.013933194,0.013465136
risk_adjusted_trend|risk_trend_50d,21,3,41.71920593159531,-0.6900022,0.013035466,0.011670649
risk_adjusted_trend|risk_trend_50d,21,4,41.78808897392968,-0.3935496,0.012207272,0.011393756
risk_adjusted_trend|risk_trend_50d,21,5,41.94187993303038,-0.12666655,0.012347119,0.011672469
risk_adjusted_trend|risk_trend_50d,21,6,41.59387706290361,0.13135187,0.011438863,0.010519646
risk_adjusted_trend|risk_trend_50d,21,7,41.7294905524994,0.39749816,0.011595633,0.011025183
risk_adjusted_trend|risk_trend_50d,21,8,41.777086821334606,0.6896543,0.011294068,0.010746742
risk_adjusted_trend|risk_trend_50d,21,9,41.723989476201865,1.0482537,0.010852218,0.010224978
risk_adjusted_trend|risk_trend_50d,21,10,42.2013872279359,1.7193965,0.010762162,0.009713659
risk_adjusted_trend|risk_trend_50d,42,1,41.08060272662043,-1.7513708,0.023998594,0.021535836
risk_adjusted_trend|risk_trend_50d,42,2,41.531690983018414,-1.0587913,0.026195854,0.024133593
risk_adjusted_trend|risk_trend_50d,42,3,41.46591724467831,-0.690174,0.025390258,0.023826752
risk_adjusted_trend|risk_trend_50d,42,4,41.533843578091364,-0.39380106,0.023694053,0.022356879
risk_adjusted_trend|risk_trend_50d,42,5,41.68548194211911,-0.1268714,0.024353717,0.022518149
risk_adjusted_trend|risk_trend_50d,42,6,41.344176034441524,0.1312327,0.022971822,0.021532444
risk_adjusted_trend|risk_trend_50d,42,7,41.4762018655824,0.39750504,0.023276057,0.022192853
risk_adjusted_trend|risk_trend_50d,42,8,41.521645539344654,0.6897017,0.022914032,0.02097643
risk_adjusted_trend|risk_trend_50d,42,9,41.46567806744798,1.0483602,0.022389555,0.021107469
risk_adjusted_trend|risk_trend_50d,42,10,41.93829227457546,1.7195553,0.022040702,0.019211795
risk_adjusted_trend|risk_trend_50d,63,1,40.833771824922266,-1.7519422,0.0343647,0.029901635
risk_adjusted_trend|risk_trend_50d,63,2,41.27840229610141,-1.0590324,0.037997067,0.033792898
risk_adjusted_trend|risk_trend_50d,63,3,41.2126285577613,-0.6901099,0.036942057,0.034164872
risk_adjusted_trend|risk_trend_50d,63,4,41.280315713944034,-0.39354733,0.03556142,0.033711825
risk_adjusted_trend|risk_trend_50d,63,5,41.430997369050466,-0.12658395,0.035841204,0.03326419
risk_adjusted_trend|risk_trend_50d,63,6,41.09327911982779,0.13161688,0.03469247,0.032887246
risk_adjusted_trend|risk_trend_50d,63,7,41.22171729251375,0.39788234,0.034777906,0.032255124
risk_adjusted_trend|risk_trend_50d,63,8,41.26476919397273,0.6899686,0.03447129,0.03122261
risk_adjusted_trend|risk_trend_50d,63,9,41.208562544845734,1.048298,0.033041228,0.02978337
risk_adjusted_trend|risk_trend_50d,63,10,41.67902415690026,1.7187756,0.032314513,0.026953055
risk_adjusted_trend|risk_trend_50d,126,1,40.090887347524514,-1.7527328,0.06533365,0.056339942
risk_adjusted_trend|risk_trend_50d,126,2,40.524515666108584,-1.0587995,0.07280752,0.06403756
risk_adjusted_trend|risk_trend_50d,126,3,40.46137287730208,-0.68980336,0.0710349,0.06344847
risk_adjusted_trend|risk_trend_50d,126,4,40.5297775651758,-0.3931472,0.06908101,0.063642934
risk_adjusted_trend|risk_trend_50d,126,5,40.666586940923224,-0.12632263,0.072218664,0.06671118
risk_adjusted_trend|risk_trend_50d,126,6,40.33293470461612,0.13179283,0.06945209,0.0633967
risk_adjusted_trend|risk_trend_50d,126,7,40.461851231762736,0.39803392,0.070775524,0.06330509
risk_adjusted_trend|risk_trend_50d,126,8,40.49892370246353,0.6900557,0.06955185,0.062497668
risk_adjusted_trend|risk_trend_50d,126,9,40.433149964123416,1.047804,0.06753377,0.059248775
risk_adjusted_trend|risk_trend_50d,126,10,40.90959100693614,1.7182968,0.06711263,0.05614946
risk_adjusted_trend|risk_trend_50d,252,1,38.5816790241569,-1.7535554,0.139282,0.115709275
risk_adjusted_trend|risk_trend_50d,252,2,39.00717531690983,-1.0584042,0.14846373,0.12673286
risk_adjusted_trend|risk_trend_50d,252,3,38.965797656063145,-0.6889439,0.14736372,0.12856689
risk_adjusted_trend|risk_trend_50d,252,4,39.02224348242047,-0.39254737,0.14064299,0.12529254
risk_adjusted_trend|risk_trend_50d,252,5,39.14685481942119,-0.12598427,0.14386885,0.12800945
risk_adjusted_trend|risk_trend_50d,252,6,38.82683568524276,0.13162702,0.1435368,0.12820898
risk_adjusted_trend|risk_trend_50d,252,7,38.95264290839512,0.39768636,0.14380941,0.12759693
risk_adjusted_trend|risk_trend_50d,252,8,39.00119588615164,0.68938446,0.14170569,0.12522405
risk_adjusted_trend|risk_trend_50d,252,9,38.93637885673284,1.0474063,0.14304817,0.12649569
risk_adjusted_trend|risk_trend_50d,252,10,39.389380530973455,1.7182813,0.14286502,0.119342856
risk_adjusted_trend|risk_trend_100d,1,1,41.53456110978235,-1.758594,0.0006864017,0.00046421916
risk_adjusted_trend|risk_trend_100d,1,2,41.98804113848362,-1.0600333,0.0005653102,0.0005202352
risk_adjusted_trend|risk_trend_100d,1,3,41.95120784501316,-0.6899892,0.00067798584,0.0005611521
risk_adjusted_trend|risk_trend_100d,1,4,41.99593398708443,-0.3929456,0.00059026346,0.0005416299
risk_adjusted_trend|risk_trend_100d,1,5,42.12652475484334,-0.12325755,0.000578244,0.0005382491
risk_adjusted_trend|risk_trend_100d,1,6,41.796460176991154,0.1354372,0.00052792294,0.00047189323
risk_adjusted_trend|risk_trend_100d,1,7,41.93613967950251,0.4011491,0.00056114304,0.00056312926
risk_adjusted_trend|risk_trend_100d,1,8,42.012676393207364,0.69378227,0.0005708274,0.00058924354
risk_adjusted_trend|risk_trend_100d,1,9,41.92872518536235,1.0516622,0.0005818083,0.000575585
risk_adjusted_trend|risk_trend_100d,1,10,42.42334369767998,1.7083262,0.00051837164,0.00054512447
risk_adjusted_trend|risk_trend_100d,5,1,41.487682372638126,-1.7585646,0.003248692,0.0028081387
risk_adjusted_trend|risk_trend_100d,5,2,41.939966515187756,-1.0600663,0.0029627944,0.0026897679
risk_adjusted_trend|risk_trend_100d,5,3,41.90289404448696,-0.69001055,0.0032241682,0.0030643174
risk_adjusted_trend|risk_trend_100d,5,4,41.94762018655824,-0.39295992,0.0030112006,0.002935757
risk_adjusted_trend|risk_trend_100d,5,5,42.07892848600813,-0.12327909,0.002839706,0.002704968
risk_adjusted_trend|risk_trend_100d,5,6,41.745515426931355,0.13547501,0.0027581246,0.0025953269
risk_adjusted_trend|risk_trend_100d,5,7,41.887586701745995,0.40117848,0.002666917,0.0026321018
risk_adjusted_trend|risk_trend_100d,5,8,41.9646017699115,0.6938101,0.0027376015,0.0026796616
risk_adjusted_trend|risk_trend_100d,5,9,41.88088973929682,1.0516797,0.0029415549,0.0028156373
risk_adjusted_trend|risk_trend_100d,5,10,42.37263812485052,1.7082736,0.002495163,0.0022515382
risk_adjusted_trend|risk_trend_100d,10,1,41.42908395120784,-1.7585306,0.006225007,0.005723369
risk_adjusted_trend|risk_trend_100d,10,2,41.87969385314518,-1.0601138,0.005897131,0.0053964197
risk_adjusted_trend|risk_trend_100d,10,3,41.84214302798374,-0.6900485,0.0062915166,0.0061831125
risk_adjusted_trend|risk_trend_100d,10,4,41.88782587897632,-0.39301446,0.0059618056,0.0057988795
risk_adjusted_trend|risk_trend_100d,10,5,42.01793829227458,-0.12329824,0.0056204796,0.005381239
risk_adjusted_trend|risk_trend_100d,10,6,41.68476441042813,0.13550428,0.0057715713,0.0052759796
risk_adjusted_trend|risk_trend_100d,10,7,41.826596508012436,0.40126547,0.0051830653,0.005007727
risk_adjusted_trend|risk_trend_100d,10,8,41.90361157617795,0.69388545,0.005318232,0.005077549
risk_adjusted_trend|risk_trend_100d,10,9,41.820856254484575,1.0517141,0.005749969,0.0053488193
risk_adjusted_trend|risk_trend_100d,10,10,42.30949533604401,1.7081735,0.0048997165,0.0044414313
risk_adjusted_trend|risk_trend_100d,21,1,41.30016742406123,-1.7584182,0.012581039,0.0121937115
risk_adjusted_trend|risk_trend_100d,21,2,41.7493422626166,-1.0602621,0.012842248,0.011812927
risk_adjusted_trend|risk_trend_100d,21,3,41.709638842382205,-0.6902218,0.013449493,0.012483098
risk_adjusted_trend|risk_trend_100d,21,4,41.75603922506578,-0.39310977,0.012707835,0.012291954
risk_adjusted_trend|risk_trend_100d,21,5,41.885434106673046,-0.12331911,0.011962648,0.011410653
risk_adjusted_trend|risk_trend_100d,21,6,41.55297775651758,0.135527,0.011766515,0.01114036
risk_adjusted_trend|risk_trend_100d,21,7,41.69337479071992,0.40144444,0.011206201,0.010794802
risk_adjusted_trend|risk_trend_100d,21,8,41.76536713704855,0.69411963,0.01127854,0.010528323
risk_adjusted_trend|risk_trend_100d,21,9,41.68691700550108,1.0519123,0.011188927,0.010249856
risk_adjusted_trend|risk_trend_100d,21,10,42.173403491987564,1.707857,0.010504583,0.009034842
risk_adjusted_trend|risk_trend_100d,42,1,41.05381487682373,-1.7582693,0.023565123,0.021838618
risk_adjusted_trend|risk_trend_100d,42,2,41.49724946185123,-1.0604682,0.026031347,0.023899099
risk_adjusted_trend|risk_trend_100d,42,3,41.45922028222913,-0.690698,0.026304973,0.024249012
risk_adjusted_trend|risk_trend_100d,42,4,41.502989715379094,-0.39336535,0.0253039,0.024026737
risk_adjusted_trend|risk_trend_100d,42,5,41.63047117914375,-0.12327533,0.023554001,0.022934675
risk_adjusted_trend|risk_trend_100d,42,6,41.304711791437455,0.13580282,0.023821874,0.022776702
risk_adjusted_trend|risk_trend_100d,42,7,41.43841186319062,0.4018048,0.022644984,0.021520555
risk_adjusted_trend|risk_trend_100d,42,8,41.506338196603686,0.6946154,0.02239096,0.021235464
risk_adjusted_trend|risk_trend_100d,42,9,41.42717053336522,1.0521344,0.02192259,0.019367542
risk_adjusted_trend|risk_trend_100d,42,10,41.91054771585745,1.707236,0.02139046,0.01770648
risk_adjusted_trend|risk_trend_100d,63,1,40.80746232958622,-1.7583159,0.032676205,0.028416943
risk_adjusted_trend|risk_trend_100d,63,2,41.24754843338914,-1.0604452,0.03767344,0.034379024
risk_adjusted_trend|risk_trend_100d,63,3,41.209280076536714,-0.6908372,0.038421284,0.035706893
risk_adjusted_trend|risk_trend_100d,63,4,41.2463525472375,-0.39329562,0.037536398,0.035777368
risk_adjusted_trend|risk_trend_100d,63,5,41.37718249222674,-0.12295486,0.03543725,0.034530167
risk_adjusted_trend|risk_trend_100d,63,6,41.05094475005979,0.1361296,0.03515409,0.033511993
risk_adjusted_trend|risk_trend_100d,63,7,41.18512317627362,0.40187278,0.033754256,0.030481147
risk_adjusted_trend|risk_trend_100d,63,8,41.25041856015307,0.6943617,0.033856653,0.030375589
risk_adjusted_trend|risk_trend_100d,63,9,41.16670652953839,1.0517737,0.032298923,0.028295385
risk_adjusted_trend|risk_trend_100d,63,10,41.650083712030614,1.7072015,0.032783445,0.027195234
risk_adjusted_trend|risk_trend_100d,126,1,40.05931595312126,-1.7583245,0.063222274,0.053732812
risk_adjusted_trend|risk_trend_100d,126,2,40.490791676632384,-1.0598752,0.06914534,0.062180046
risk_adjusted_trend|risk_trend_100d,126,3,40.454675914852906,-0.69028157,0.07177269,0.064497
risk_adjusted_trend|risk_trend_100d,126,4,40.49677110739058,-0.39274538,0.07345222,0.06703398
risk_adjusted_trend|risk_trend_100d,126,5,40.611097823487206,-0.12281161,0.071248636,0.06565716
risk_adjusted_trend|risk_trend_100d,126,6,40.292513752690745,0.13585512,0.06940863,0.06272092
risk_adjusted_trend|risk_trend_100d,126,7,40.42836641951686,0.40108332,0.06868127,0.06152326
risk_adjusted_trend|risk_trend_100d,126,8,40.491987562784026,0.69334173,0.06783017,0.061268553
risk_adjusted_trend|risk_trend_100d,126,9,40.38985888543411,1.0507683,0.067960896,0.06233268
risk_adjusted_trend|risk_trend_100d,126,10,40.88734752451567,1.7083652,0.07139905,0.059132345
risk_adjusted_trend|risk_trend_100d,252,1,38.55202104759627,-1.759017,0.13860309,0.1170904
risk_adjusted_trend|risk_trend_100d,252,2,38.9844534800287,-1.0590822,0.14493412,0.12721707
risk_adjusted_trend|risk_trend_100d,252,3,38.937813920114806,-0.68927664,0.15157849,0.13081393
risk_adjusted_trend|risk_trend_100d,252,4,38.97990911265248,-0.3921663,0.14874782,0.12989873
risk_adjusted_trend|risk_trend_100d,252,5,39.10380291796221,-0.12310115,0.14594412,0.12802464
risk_adjusted_trend|risk_trend_100d,252,6,38.78163118871083,0.13509613,0.14316076,0.13013816
risk_adjusted_trend|risk_trend_100d,252,7,38.92585505859842,0.4003713,0.14182694,0.12568545
risk_adjusted_trend|risk_trend_100d,252,8,38.992346328629516,0.6931194,0.13975845,0.124528326
risk_adjusted_trend|risk_trend_100d,252,9,38.90648170294188,1.0507606,0.14138079,0.12322571
risk_adjusted_trend|risk_trend_100d,252,10,39.36881128916527,1.7086061,0.13792458,0.117951326
risk_adjusted_trend|risk_trend_200d,1,1,41.49031332217173,-1.7698107,0.0005974698,0.00037543484
risk_adjusted_trend|risk_trend_200d,1,2,41.950968667782824,-1.0619102,0.000590586,0.00047794246
risk_adjusted_trend|risk_trend_200d,1,3,41.83640277445587,-0.6879065,0.00057898334,0.00052072
risk_adjusted_trend|risk_trend_200d,1,4,41.94403252810332,-0.38539404,0.0006253129,0.0004810764
risk_adjusted_trend|risk_trend_200d,1,5,42.05692418081799,-0.115997024,0.0005231648,0.00048920664
risk_adjusted_trend|risk_trend_200d,1,6,41.741927768476444,0.14402476,0.00059650256,0.000592662
risk_adjusted_trend|risk_trend_200d,1,7,41.87347524515666,0.4073952,0.0006121252,0.00059296715
risk_adjusted_trend|risk_trend_200d,1,8,41.90504663955991,0.69327354,0.0006104445,0.0005918999
risk_adjusted_trend|risk_trend_200d,1,9,41.881128916527146,1.0418528,0.00053047994,0.00058455084
risk_adjusted_trend|risk_trend_200d,1,10,42.36594116240134,1.700999,0.000585866,0.0006114346
risk_adjusted_trend|risk_trend_200d,5,1,41.443434585027504,-1.7697071,0.0029444974,0.0024776014
risk_adjusted_trend|risk_trend_200d,5,2,41.90313322171729,-1.0618829,0.0029064496,0.0026054126
risk_adjusted_trend|risk_trend_200d,5,3,41.78761061946903,-0.6879039,0.0029450243,0.0026405547
risk_adjusted_trend|risk_trend_200d,5,4,41.89619708203779,-0.3854257,0.0030499264,0.0027275775
risk_adjusted_trend|risk_trend_200d,5,5,42.00789284860081,-0.116065085,0.002595416,0.0024339058
risk_adjusted_trend|risk_trend_200d,5,6,41.69265725902894,0.14398065,0.002872582,0.0028291917
risk_adjusted_trend|risk_trend_200d,5,7,41.82563979909113,0.40734243,0.0030308643,0.0028238113
risk_adjusted_trend|risk_trend_200d,5,8,41.85625448457307,0.69322675,0.0029638829,0.0028110815
risk_adjusted_trend|risk_trend_200d,5,9,41.832336761540304,1.04184,0.0027155255,0.0026885376
risk_adjusted_trend|risk_trend_200d,5,10,42.31523558957187,1.7011181,0.0028231235,0.0025972307
risk_adjusted_trend|risk_trend_200d,10,1,41.38483616359723,-1.7695855,0.0056723664,0.005092908
risk_adjusted_trend|risk_trend_200d,10,2,41.84333891413537,-1.0618477,0.005693705,0.005200278
risk_adjusted_trend|risk_trend_200d,10,3,41.72662042573547,-0.6878836,0.0058897478,0.005497355
risk_adjusted_trend|risk_trend_200d,10,4,41.83640277445587,-0.38545498,0.005859744,0.0053902506
risk_adjusted_trend|risk_trend_200d,10,5,41.947141832097586,-0.11615019,0.0053751967,0.005037946
risk_adjusted_trend|risk_trend_200d,10,6,41.63214541975604,0.14391501,0.005555346,0.005357498
risk_adjusted_trend|risk_trend_200d,10,7,41.76512795981822,0.40727663,0.006120575,0.0055712825
risk_adjusted_trend|risk_trend_200d,10,8,41.79598182253049,0.6931671,0.0057749404,0.0055057635
risk_adjusted_trend|risk_trend_200d,10,9,41.771346567806745,1.041804,0.005315037,0.0050820694
risk_adjusted_trend|risk_trend_200d,10,10,42.25185362353504,1.7012845,0.0055886377,0.0048783002
risk_adjusted_trend|risk_trend_200d,21,1,41.25615881368094,-1.7693286,0.011398254,0.010374805
risk_adjusted_trend|risk_trend_200d,21,2,41.70916048792155,-1.0617638,0.0118948,0.0109079
risk_adjusted_trend|risk_trend_200d,21,3,41.59483377182492,-0.6878356,0.0125544965,0.011730069
risk_adjusted_trend|risk_trend_200d,21,4,41.704616120545325,-0.3855077,0.011873483,0.011211837
risk_adjusted_trend|risk_trend_200d,21,5,41.81631188710835,-0.116332576,0.011663992,0.010897712
risk_adjusted_trend|risk_trend_200d,21,6,41.49748863908156,0.14376485,0.011905491,0.011838816
risk_adjusted_trend|risk_trend_200d,21,7,41.6326237742167,0.40713924,0.012751455,0.011840876
risk_adjusted_trend|risk_trend_200d,21,8,41.6646735230806,0.69302356,0.012161867,0.011581481
risk_adjusted_trend|risk_trend_200d,21,9,41.63764649605358,1.0416502,0.011300013,0.010581583
risk_adjusted_trend|risk_trend_200d,21,10,42.11193494379335,1.7017404,0.0118481815,0.010044679
risk_adjusted_trend|risk_trend_200d,42,1,41.009806266443434,-1.7690208,0.021377347,0.018123912
risk_adjusted_trend|risk_trend_200d,42,2,41.45324085147094,-1.0615067,0.023418134,0.021499114
risk_adjusted_trend|risk_trend_200d,42,3,41.34369767998086,-0.68775433,0.024802756,0.022682775
risk_adjusted_trend|risk_trend_200d,42,4,41.45276249701028,-0.38557026,0.023073373,0.02219957
risk_adjusted_trend|risk_trend_200d,42,5,41.55847883281512,-0.11659587,0.023993315,0.022441216
risk_adjusted_trend|risk_trend_200d,42,6,41.24778761061947,0.14362422,0.024166483,0.02338388
risk_adjusted_trend|risk_trend_200d,42,7,41.38148768237264,0.40687904,0.02513438,0.023601694
risk_adjusted_trend|risk_trend_200d,42,8,41.41281989954556,0.69265014,0.024183663,0.022318628
risk_adjusted_trend|risk_trend_200d,42,9,41.3759866060751,1.041427,0.022243267,0.02145073
risk_adjusted_trend|risk_trend_200d,42,10,41.85194929442717,1.7024624,0.024290558,0.02038063
risk_adjusted_trend|risk_trend_200d,63,1,40.75867017459938,-1.769077,0.030923417,0.02573167
risk_adjusted_trend|risk_trend_200d,63,2,41.2013872279359,-1.0612934,0.034519147,0.03149238
risk_adjusted_trend|risk_trend_200d,63,3,41.08969146137288,-0.6877414,0.035514884,0.032012258
risk_adjusted_trend|risk_trend_200d,63,4,41.19971298732361,-0.38551536,0.03415396,0.032947127
risk_adjusted_trend|risk_trend_200d,63,5,41.30877780435303,-0.116426475,0.035419278,0.033567175
risk_adjusted_trend|risk_trend_200d,63,6,40.99689069600574,0.14362052,0.035791874,0.03352987
risk_adjusted_trend|risk_trend_200d,63,7,41.13130829944989,0.40665802,0.036721695,0.033423476
risk_adjusted_trend|risk_trend_200d,63,8,41.1494857689548,0.69233155,0.03608909,0.031920556
risk_adjusted_trend|risk_trend_200d,63,9,41.12006696962449,1.0413023,0.03350847,0.031299017
risk_adjusted_trend|risk_trend_200d,63,10,41.600574025352785,1.7026972,0.03661118,0.030268507
risk_adjusted_trend|risk_trend_200d,126,1,40.00574025352786,-1.7690642,0.060158648,0.048450764
risk_adjusted_trend|risk_trend_200d,126,2,40.43697679980866,-1.0615108,0.069566816,0.060386308
risk_adjusted_trend|risk_trend_200d,126,3,40.32791198277924,-0.6879646,0.071317874,0.06434001
risk_adjusted_trend|risk_trend_200d,126,4,40.439129394881604,-0.3855346,0.069791466,0.063402265
risk_adjusted_trend|risk_trend_200d,126,5,40.550346806983974,-0.11621404,0.0686885,0.062100753
risk_adjusted_trend|risk_trend_200d,126,6,40.24396077493422,0.14367779,0.069441095,0.06419432
risk_adjusted_trend|risk_trend_200d,126,7,40.37192059315953,0.4065162,0.07048631,0.063585855
risk_adjusted_trend|risk_trend_200d,126,8,40.39248983496771,0.6923195,0.07151507,0.06389932
risk_adjusted_trend|risk_trend_200d,126,9,40.36594116240134,1.0417849,0.06814617,0.06379701
risk_adjusted_trend|risk_trend_200d,126,10,40.84716574982062,1.7023461,0.0749835,0.06178867
risk_adjusted_trend|risk_trend_200d,252,1,38.469026548672566,-1.767382,0.13702638,0.1102747
risk_adjusted_trend|risk_trend_200d,252,2,38.95025113609184,-1.0612135,0.1505903,0.12583174
risk_adjusted_trend|risk_trend_200d,252,3,38.83855536952882,-0.6882658,0.15042177,0.13060832
risk_adjusted_trend|risk_trend_200d,252,4,38.93924898349677,-0.38611645,0.14643763,0.12683111
risk_adjusted_trend|risk_trend_200d,252,5,39.04042095192538,-0.116827734,0.14311565,0.12426249
risk_adjusted_trend|risk_trend_200d,252,6,38.7536474527625,0.14298621,0.14631166,0.12842323
risk_adjusted_trend|risk_trend_200d,252,7,38.85123176273619,0.4055645,0.14585572,0.12878294
risk_adjusted_trend|risk_trend_200d,252,8,38.88352068883042,0.6920542,0.1398501,0.12491697
risk_adjusted_trend|risk_trend_200d,252,9,38.86366897871323,1.0425973,0.13145587,0.12288327
risk_adjusted_trend|risk_trend_200d,252,10,39.33460894522842,1.7033602,0.14254975,0.12074992
risk_adjusted_trend|risk_trend_250d,1,1,41.46424300406601,-1.7758266,0.0005690304,0.00038086867
risk_adjusted_trend|risk_trend_250d,1,2,41.91461372877302,-1.0596823,0.00058774056,0.0004266214
risk_adjusted_trend|risk_trend_250d,1,3,41.79837359483377,-0.68377763,0.0005716278,0.00050144654
risk_adjusted_trend|risk_trend_250d,1,4,41.90959100693614,-0.38007125,0.0005536143,0.0005180676
risk_adjusted_trend|risk_trend_250d,1,5,42.01865582396556,-0.11575912,0.0006257534,0.00057523657
risk_adjusted_trend|risk_trend_250d,1,6,41.72375029897154,0.14208663,0.000563406,0.0005345873
risk_adjusted_trend|risk_trend_250d,1,7,41.8366419516862,0.40803966,0.00060024497,0.00057992013
risk_adjusted_trend|risk_trend_250d,1,8,41.87132265008371,0.69291896,0.0006487623,0.00063484034
risk_adjusted_trend|risk_trend_250d,1,9,41.84046878737144,1.0380287,0.0005065114,0.00054766727
risk_adjusted_trend|risk_trend_250d,1,10,42.351351351351354,1.6999967,0.0006206195,0.00066883356
risk_adjusted_trend|risk_trend_250d,5,1,41.41736426692179,-1.7757603,0.0028261587,0.0023309577
risk_adjusted_trend|risk_trend_250d,5,2,41.86582157378618,-1.0596545,0.002904801,0.00248296
risk_adjusted_trend|risk_trend_250d,5,3,41.750538148768236,-0.6837666,0.0028073303,0.002695229
risk_adjusted_trend|risk_trend_250d,5,4,41.861755560870606,-0.38005787,0.0027645214,0.0027084793
risk_adjusted_trend|risk_trend_250d,5,5,41.96986366897871,-0.11581542,0.0030929646,0.0027950872
risk_adjusted_trend|risk_trend_250d,5,6,41.675914852906004,0.14204231,0.0027750868,0.0026114106
risk_adjusted_trend|risk_trend_250d,5,7,41.78761061946903,0.40798315,0.0030123075,0.002859185
risk_adjusted_trend|risk_trend_250d,5,8,41.82348720401818,0.692869,0.0031291263,0.0029109442
risk_adjusted_trend|risk_trend_250d,5,9,41.79191580961493,1.0379943,0.0024704924,0.0025732657
risk_adjusted_trend|risk_trend_250d,5,10,42.30136331021287,1.7001302,0.0030515164,0.0028763593
risk_adjusted_trend|risk_trend_250d,10,1,41.35900502272184,-1.7756895,0.0054641482,0.0046425993
risk_adjusted_trend|risk_trend_250d,10,2,41.80459220282229,-1.0596108,0.0057718675,0.005148455
risk_adjusted_trend|risk_trend_250d,10,3,41.69074384118632,-0.68375427,0.0054491586,0.005206465
risk_adjusted_trend|risk_trend_250d,10,4,41.802200430519015,-0.38003924,0.0054776915,0.0052626943
risk_adjusted_trend|risk_trend_250d,10,5,41.90887347524516,-0.115870506,0.0060748146,0.005635025
risk_adjusted_trend|risk_trend_250d,10,6,41.61588136809376,0.14199185,0.0056063025,0.005222004
risk_adjusted_trend|risk_trend_250d,10,7,41.726859602965796,0.40791306,0.0058836634,0.005456809
risk_adjusted_trend|risk_trend_250d,10,8,41.76369289643626,0.69280356,0.006138434,0.005558955
risk_adjusted_trend|risk_trend_250d,10,9,41.729729729729726,1.0379406,0.00503363,0.0048909443
risk_adjusted_trend|risk_trend_250d,10,10,42.24037311647931,1.7002836,0.0059290826,0.005272039
risk_adjusted_trend|risk_trend_250d,21,1,41.230088495575224,-1.7755544,0.0112423,0.00971214
risk_adjusted_trend|risk_trend_250d,21,2,41.67041377660847,-1.0595243,0.012056307,0.010954499
risk_adjusted_trend|risk_trend_250d,21,3,41.5591963645061,-0.6837505,0.011093478,0.010786904
risk_adjusted_trend|risk_trend_250d,21,4,41.671609662760105,-0.38001806,0.0120426435,0.011552897
risk_adjusted_trend|risk_trend_250d,21,5,41.774455871801,-0.115944035,0.012351083,0.011398092
risk_adjusted_trend|risk_trend_250d,21,6,41.48218129634059,0.14187859,0.012139999,0.011440728
risk_adjusted_trend|risk_trend_250d,21,7,41.596747189667546,0.40778854,0.01226938,0.0114041185
risk_adjusted_trend|risk_trend_250d,21,8,41.63214541975604,0.6926617,0.012500972,0.011712073
risk_adjusted_trend|risk_trend_250d,21,9,41.591246113370005,1.0378782,0.011210498,0.010877055
risk_adjusted_trend|risk_trend_250d,21,10,42.10786893087778,1.7005519,0.012434996,0.010554329
risk_adjusted_trend|risk_trend_250d,42,1,40.98373594833772,-1.7753552,0.021181578,0.01822875
risk_adjusted_trend|risk_trend_250d,42,2,41.414494140157856,-1.0594269,0.023681505,0.021541031
risk_adjusted_trend|risk_trend_250d,42,3,41.30710356374073,-0.68379027,0.022223027,0.020625854
risk_adjusted_trend|risk_trend_250d,42,4,41.415450849079164,-0.38007966,0.024360685,0.022747707
risk_adjusted_trend|risk_trend_250d,42,5,41.520210475962685,-0.1159888,0.0240337,0.022221092
risk_adjusted_trend|risk_trend_250d,42,6,41.23032767280555,0.1418154,0.024666833,0.023035845
risk_adjusted_trend|risk_trend_250d,42,7,41.349916287969386,0.4075646,0.024078328,0.022308907
risk_adjusted_trend|risk_trend_250d,42,8,41.37670413776608,0.69251996,0.024812808,0.023329156
risk_adjusted_trend|risk_trend_250d,42,9,41.329825400621864,1.03798,0.02265515,0.021087203
risk_adjusted_trend|risk_trend_250d,42,10,41.8564936618034,1.700725,0.024999576,0.021511655
risk_adjusted_trend|risk_trend_250d,63,1,40.73523080602727,-1.7753412,0.03071437,0.026953818
risk_adjusted_trend|risk_trend_250d,63,2,41.15833532647692,-1.0593536,0.034918465,0.03130791
risk_adjusted_trend|risk_trend_250d,63,3,41.04592202822291,-0.68390095,0.032590073,0.03011883
risk_adjusted_trend|risk_trend_250d,63,4,41.16527146615642,-0.38014144,0.036097378,0.03253777
risk_adjusted_trend|risk_trend_250d,63,5,41.26907438411863,-0.11587101,0.035500504,0.032835677
risk_adjusted_trend|risk_trend_250d,63,6,40.98062664434346,0.14179537,0.036471706,0.033880528
risk_adjusted_trend|risk_trend_250d,63,7,41.09997608227697,0.4074927,0.035845913,0.032076865
risk_adjusted_trend|risk_trend_250d,63,8,41.12006696962449,0.69249517,0.03647139,0.033035424
risk_adjusted_trend|risk_trend_250d,63,9,41.071513991867974,1.0381626,0.033363674,0.030594185
risk_adjusted_trend|risk_trend_250d,63,10,41.60535756995934,1.7006186,0.037370384,0.031718113
risk_adjusted_trend|risk_trend_250d,126,1,39.972494618512314,-1.7748461,0.06005489,0.046411965
risk_adjusted_trend|risk_trend_250d,126,2,40.38818464482181,-1.0596522,0.07273905,0.06391834
risk_adjusted_trend|risk_trend_250d,126,3,40.28701267639321,-0.6844379,0.069092326,0.06218378
risk_adjusted_trend|risk_trend_250d,126,4,40.413776608466875,-0.38048613,0.07059916,0.063625365
risk_adjusted_trend|risk_trend_250d,126,5,40.518536235350396,-0.116082385,0.0703676,0.062475394
risk_adjusted_trend|risk_trend_250d,126,6,40.23678545802439,0.14158109,0.06988113,0.06484441
risk_adjusted_trend|risk_trend_250d,126,7,40.3267160966276,0.40759608,0.070677616,0.063818686
risk_adjusted_trend|risk_trend_250d,126,8,40.35972255441282,0.69281274,0.07081706,0.063329466
risk_adjusted_trend|risk_trend_250d,126,9,40.319062425257115,1.0390021,0.06557701,0.059829563
risk_adjusted_trend|risk_trend_250d,126,10,40.85194929442717,1.7003121,0.074326724,0.06320408
risk_adjusted_trend|risk_trend_250d,252,1,38.43578091365702,-1.7739149,0.14096272,0.108892605
risk_adjusted_trend|risk_trend_250d,252,2,38.90337239894762,-1.0594747,0.1553957,0.12927896
risk_adjusted_trend|risk_trend_250d,252,3,38.792872518536235,-0.68431765,0.14871153,0.12968978
risk_adjusted_trend|risk_trend_250d,252,4,38.90217651279598,-0.3802975,0.14654659,0.1262184
risk_adjusted_trend|risk_trend_250d,252,5,39.01722076058359,-0.11606926,0.14540172,0.12615563
risk_adjusted_trend|risk_trend_250d,252,6,38.743362831858406,0.14120516,0.14004497,0.12251507
risk_adjusted_trend|risk_trend_250d,252,7,38.82396555847883,0.4071225,0.13869329,0.12454432
risk_adjusted_trend|risk_trend_250d,252,8,38.859602965797656,0.6926017,0.14429273,0.12965202
risk_adjusted_trend|risk_trend_250d,252,9,38.80674479789524,1.038796,0.12892412,0.118134454
risk_adjusted_trend|risk_trend_250d,252,10,39.336283185840706,1.7006885,0.14433101,0.12517127
liquidity_change|liq_5d_60d,1,1,41.55608706051184,-1.5957668,0.0006545555,0.0005721
liquidity_change|liq_5d_60d,1,2,42.01506816551064,-0.946587,0.0006094154,0.00055898115
liquidity_change|liq_5d_60d,1,3,41.951447022243485,-0.64214617,0.0005835459,0.0005482839
liquidity_change|liq_5d_60d,1,4,42.032049748863905,-0.40243182,0.0005736974,0.00058976386
liquidity_change|liq_5d_60d,1,5,42.16670652953839,-0.18366659,0.000510525,0.0005070155
liquidity_change|liq_5d_60d,1,6,41.81702941879933,0.0347601,0.0006164568,0.0006162364
liquidity_change|liq_5d_60d,1,7,41.980865821573786,0.2709666,0.00054817006,0.0005891442
liquidity_change|liq_5d_60d,1,8,42.003348481224585,0.5519146,0.00065010716,0.00059199845
liquidity_change|liq_5d_60d,1,9,41.963645060990196,0.94317335,0.0006110018,0.0005511319
liquidity_change|liq_5d_60d,1,10,42.44486964840947,1.931177,0.0005069631,0.00033879696
liquidity_change|liq_5d_60d,5,1,41.50777325998565,-1.5957547,0.0031405033,0.003003937
liquidity_change|liq_5d_60d,5,2,41.96675436498445,-0.9465849,0.0029849694,0.0028849733
liquidity_change|liq_5d_60d,5,3,41.90337239894762,-0.6421172,0.0029169382,0.0026889597
liquidity_change|liq_5d_60d,5,4,41.98421430279837,-0.40239525,0.002774899,0.0026913986
liquidity_change|liq_5d_60d,5,5,42.11863190624253,-0.18365528,0.0026463158,0.0025321404
liquidity_change|liq_5d_60d,5,6,41.76871561827314,0.034748524,0.0030604212,0.0028611796
liquidity_change|liq_5d_60d,5,7,41.93303037550825,0.27094862,0.0029992196,0.0028693243
liquidity_change|liq_5d_60d,5,8,41.954317149007416,0.5518733,0.0028997057,0.0027180985
liquidity_change|liq_5d_60d,5,9,41.91580961492466,0.9431011,0.0028929282,0.0026361183
liquidity_change|liq_5d_60d,5,10,42.392250657737385,1.9311529,0.0026050317,0.0021932817
liquidity_change|liq_5d_60d,10,1,41.447500597943076,-1.5957539,0.0060683032,0.0057156202
liquidity_change|liq_5d_60d,10,2,41.90600334848123,-0.9465732,0.0057518957,0.0052456334
liquidity_change|liq_5d_60d,10,3,41.84286055967472,-0.6420668,0.005841291,0.005402568
liquidity_change|liq_5d_60d,10,4,41.9239416407558,-0.40236488,0.0057958523,0.005596674
liquidity_change|liq_5d_60d,10,5,42.05764171250897,-0.18364556,0.0054575694,0.0049928254
liquidity_change|liq_5d_60d,10,6,41.708203779000236,0.03473938,0.00590555,0.005420642
liquidity_change|liq_5d_60d,10,7,41.871801004544366,0.27091464,0.0058062305,0.0054910122
liquidity_change|liq_5d_60d,10,8,41.89404448696484,0.5517934,0.0054932097,0.0050765444
liquidity_change|liq_5d_60d,10,9,41.855297775651756,0.94298404,0.0055411793,0.005130505
liquidity_change|liq_5d_60d,10,10,42.33006457785219,1.9312042,0.0053192857,0.0046661673
liquidity_change|liq_5d_60d,21,1,41.314757235111216,-1.5954674,0.0126370825,0.011696151
liquidity_change|liq_5d_60d,21,2,41.77469504903133,-0.94652224,0.012210529,0.011442326
liquidity_change|liq_5d_60d,21,3,41.71083472853385,-0.6420335,0.012698799,0.011767083
liquidity_change|liq_5d_60d,21,4,41.7916766323846,-0.4023763,0.012205926,0.011544371
liquidity_change|liq_5d_60d,21,5,41.92513752690744,-0.18365404,0.011510271,0.010609167
liquidity_change|liq_5d_60d,21,6,41.57809136570199,0.034716748,0.011827838,0.010929397
liquidity_change|liq_5d_60d,21,7,41.73953599617317,0.27085313,0.011823397,0.011115736
liquidity_change|liq_5d_60d,21,8,41.76010523798134,0.55167234,0.011377818,0.010593803
liquidity_change|liq_5d_60d,21,9,41.71992346328629,0.94279975,0.011814153,0.010722718
liquidity_change|liq_5d_60d,21,10,42.19397273379574,1.9313163,0.011524959,0.010256395
liquidity_change|liq_5d_60d,42,1,41.055010762975364,-1.5951824,0.024371894,0.022925643
liquidity_change|liq_5d_60d,42,2,41.51901458981105,-0.94644356,0.024734516,0.022933628
liquidity_change|liq_5d_60d,42,3,41.45826357330782,-0.64202386,0.024859793,0.022866609
liquidity_change|liq_5d_60d,42,4,41.53695288208563,-0.40236863,0.024186462,0.022234771
liquidity_change|liq_5d_60d,42,5,41.670174599378136,-0.18367827,0.023725426,0.021797085
liquidity_change|liq_5d_60d,42,6,41.32862951447022,0.034655508,0.023572607,0.021439774
liquidity_change|liq_5d_60d,42,7,41.4857689547955,0.27081236,0.023343371,0.021587215
liquidity_change|liq_5d_60d,42,8,41.50609901937336,0.5516339,0.022451695,0.020510051
liquidity_change|liq_5d_60d,42,9,41.46639559913896,0.9427754,0.023059264,0.020878384
liquidity_change|liq_5d_60d,42,10,41.94068404687874,1.9313014,0.0228986,0.020488475
liquidity_change|liq_5d_60d,63,1,40.79669935422148,-1.5950518,0.035991527,0.03298694
liquidity_change|liq_5d_60d,63,2,41.265965080124374,-0.94630104,0.036014818,0.03264698
liquidity_change|liq_5d_60d,63,3,41.203539823008846,-0.6420091,0.03622337,0.03296366
liquidity_change|liq_5d_60d,63,4,41.28366419516862,-0.40233764,0.035288066,0.03192215
liquidity_change|liq_5d_60d,63,5,41.41903850753408,-0.18363787,0.034988068,0.03158647
liquidity_change|liq_5d_60d,63,6,41.07916766323846,0.03462907,0.03437367,0.03134562
liquidity_change|liq_5d_60d,63,7,41.23200191341784,0.27074856,0.034464728,0.03105607
liquidity_change|liq_5d_60d,63,8,41.25185362353504,0.5515797,0.03362838,0.029757809
liquidity_change|liq_5d_60d,63,9,41.211432671609664,0.94281775,0.034331534,0.030319318
liquidity_change|liq_5d_60d,63,10,41.68356852427649,1.930985,0.034650397,0.030445399
liquidity_change|liq_5d_60d,126,1,40.04089930638603,-1.5956566,0.07043171,0.061892834
liquidity_change|liq_5d_60d,126,2,40.50107629753647,-0.94603133,0.07076048,0.06323725
liquidity_change|liq_5d_60d,126,3,40.446304711791434,-0.6417045,0.070509195,0.062781975
liquidity_change|liq_5d_60d,126,4,40.532886869170056,-0.40197003,0.06954105,0.062120665
liquidity_change|liq_5d_60d,126,5,40.657259028940445,-0.18321384,0.06880334,0.06131698
liquidity_change|liq_5d_60d,126,6,40.32504185601531,0.035007853,0.06787018,0.060873486
liquidity_change|liq_5d_60d,126,7,40.479311169576654,0.27103522,0.068151586,0.060835596
liquidity_change|liq_5d_60d,126,8,40.49557522123894,0.55171484,0.06854959,0.060170345
liquidity_change|liq_5d_60d,126,9,40.44821812963406,0.9423039,0.06915009,0.061133564
liquidity_change|liq_5d_60d,126,10,40.90648170294188,1.9299315,0.07094168,0.06049664
liquidity_change|liq_5d_60d,252,1,38.50968667782827,-1.5943784,0.1452332,0.123282276
liquidity_change|liq_5d_60d,252,2,39.00215259507295,-0.9458655,0.14526774,0.12669246
liquidity_change|liq_5d_60d,252,3,38.94881607270988,-0.6416069,0.14445911,0.12545568
liquidity_change|liq_5d_60d,252,4,39.03013633102129,-0.40204108,0.14217237,0.12588294
liquidity_change|liq_5d_60d,252,5,39.145419756039225,-0.18322814,0.14192626,0.12378843
liquidity_change|liq_5d_60d,252,6,38.82850992585506,0.035000633,0.14116554,0.12282466
liquidity_change|liq_5d_60d,252,7,38.983975125568044,0.27092794,0.14159563,0.12352575
liquidity_change|liq_5d_60d,252,8,38.993303037550824,0.55158484,0.14262174,0.12313788
liquidity_change|liq_5d_60d,252,9,38.94403252810332,0.942267,0.14410666,0.12387219
liquidity_change|liq_5d_60d,252,10,39.369289643625926,1.9293905,0.14590576,0.1251041
liquidity_change|liq_20d_126d,1,1,41.51614446304712,-1.6859145,0.00069409615,0.0006290278
liquidity_change|liq_20d_126d,1,2,41.98469265725903,-0.94884634,0.00059291115,0.0005861605
liquidity_change|liq_20d_126d,1,3,41.90887347524516,-0.62118185,0.0006809822,0.000656093
liquidity_change|liq_20d_126d,1,4,42.00119588615164,-0.3687758,0.000498536,0.0005404212
liquidity_change|liq_20d_126d,1,5,42.07486247309256,-0.1441001,0.0005877262,0.0005432074
liquidity_change|liq_20d_126d,1,6,41.78234872040182,0.073491596,0.0005356828,0.0005131915
liquidity_change|liq_20d_126d,1,7,41.91987562784023,0.30396932,0.0006092081,0.00058129424
liquidity_change|liq_20d_126d,1,8,41.990193733556566,0.5703381,0.0005505362,0.0005309617
liquidity_change|liq_20d_126d,1,9,41.90169815833533,0.93210936,0.00055466685,0.000513222
liquidity_change|liq_20d_126d,1,10,42.41353743123655,1.8516902,0.0005524465,0.00040829644
liquidity_change|liq_20d_126d,5,1,41.46735230806027,-1.6857587,0.0032829877,0.003025663
liquidity_change|liq_20d_126d,5,2,41.936618033963164,-0.9487782,0.0029481626,0.0028860432
liquidity_change|liq_20d_126d,5,3,41.8607988519493,-0.62120384,0.003262154,0.0031225896
liquidity_change|liq_20d_126d,5,4,41.9533604400861,-0.3688272,0.002712596,0.0027375524
liquidity_change|liq_20d_126d,5,5,42.0267878497967,-0.1441552,0.0028700866,0.0026492637
liquidity_change|liq_20d_126d,5,6,41.73427409710595,0.073412135,0.0027220766,0.0025235268
liquidity_change|liq_20d_126d,5,7,41.87132265008371,0.30384237,0.002857253,0.0028059678
liquidity_change|liq_20d_126d,5,8,41.94116240133939,0.5702478,0.0027325333,0.0025306644
liquidity_change|liq_20d_126d,5,9,41.85290600334848,0.9320831,0.002688282,0.0023133955
liquidity_change|liq_20d_126d,5,10,42.363549390098065,1.8518722,0.00280009,0.002265799
liquidity_change|liq_20d_126d,10,1,41.40636211432672,-1.6854951,0.006303229,0.005953588
liquidity_change|liq_20d_126d,10,2,41.87634537192059,-0.94866925,0.0058270823,0.005676575
liquidity_change|liq_20d_126d,10,3,41.800765367137046,-0.62122744,0.0062770015,0.0059702294
liquidity_change|liq_20d_126d,10,4,41.89332695527386,-0.3689001,0.0057427287,0.0054762033
liquidity_change|liq_20d_126d,10,5,41.9662760105238,-0.14424986,0.0057502748,0.0054454883
liquidity_change|liq_20d_126d,10,6,41.673044726142074,0.07330142,0.005348552,0.0051852847
liquidity_change|liq_20d_126d,10,7,41.81033245635015,0.3037223,0.005351584,0.004915473
liquidity_change|liq_20d_126d,10,8,41.87993303037551,0.57014793,0.005375008,0.0049143536
liquidity_change|liq_20d_126d,10,9,41.792872518536235,0.93202376,0.0054229046,0.0046229386
liquidity_change|liq_20d_126d,10,10,42.302559196364506,1.8520919,0.005491759,0.004375968
liquidity_change|liq_20d_126d,21,1,41.27361875149486,-1.6851914,0.012431665,0.011788408
liquidity_change|liq_20d_126d,21,2,41.74384118631906,-0.948442,0.012694536,0.011982967
liquidity_change|liq_20d_126d,21,3,41.66778282707486,-0.6211407,0.012886244,0.012130177
liquidity_change|liq_20d_126d,21,4,41.76106194690266,-0.36888736,0.012118826,0.01156778
liquidity_change|liq_20d_126d,21,5,41.83138005261899,-0.14435676,0.011753668,0.011205242
liquidity_change|liq_20d_126d,21,6,41.54030136331021,0.07313408,0.011814807,0.01115692
liquidity_change|liq_20d_126d,21,7,41.67639320736666,0.30352888,0.011538038,0.010540618
liquidity_change|liq_20d_126d,21,8,41.746950490313324,0.57001966,0.011579873,0.0106720235
liquidity_change|liq_20d_126d,21,9,41.66060751016503,0.9319093,0.011051439,0.010025704
liquidity_change|liq_20d_126d,21,10,42.17053336522363,1.8522714,0.011559888,0.00986029
liquidity_change|liq_20d_126d,42,1,41.016981583353264,-1.6857857,0.025947433,0.023920543
liquidity_change|liq_20d_126d,42,2,41.48529060033485,-0.9485069,0.025320876,0.023852639
liquidity_change|liq_20d_126d,42,3,41.41066730447261,-0.6210364,0.024014464,0.022554165
liquidity_change|liq_20d_126d,42,4,41.507294905524994,-0.3687039,0.023491018,0.022325484
liquidity_change|liq_20d_126d,42,5,41.578330542932314,-0.14418395,0.023008367,0.021646013
liquidity_change|liq_20d_126d,42,6,41.29083951207845,0.07336258,0.022827093,0.020666316
liquidity_change|liq_20d_126d,42,7,41.423104520449655,0.30381826,0.022755465,0.02085031
liquidity_change|liq_20d_126d,42,8,41.49390098062664,0.57037824,0.023050958,0.021060774
liquidity_change|liq_20d_126d,42,9,41.4070796460177,0.9320524,0.022420036,0.019835386
liquidity_change|liq_20d_126d,42,10,41.91748385553695,1.8514998,0.023991926,0.020798272
liquidity_change|liq_20d_126d,63,1,40.764171250896915,-1.6863835,0.037577502,0.034334987
liquidity_change|liq_20d_126d,63,2,41.231523558957186,-0.94848263,0.036728885,0.034410283
liquidity_change|liq_20d_126d,63,3,41.15713944032528,-0.6208919,0.035038754,0.03251049
liquidity_change|liq_20d_126d,63,4,41.25352786414733,-0.36853144,0.035212062,0.032296143
liquidity_change|liq_20d_126d,63,5,41.32312843817269,-0.14401154,0.03427922,0.031254996
liquidity_change|liq_20d_126d,63,6,41.04113848361636,0.07354056,0.03362004,0.03060645
liquidity_change|liq_20d_126d,63,7,41.17101171968429,0.30405125,0.033534892,0.030288154
liquidity_change|liq_20d_126d,63,8,41.240851470939965,0.57065046,0.033529516,0.030670315
liquidity_change|liq_20d_126d,63,9,41.15235589571873,0.9321966,0.032804053,0.02914372
liquidity_change|liq_20d_126d,63,10,41.656541497249464,1.8502096,0.037061628,0.030243201
liquidity_change|liq_20d_126d,126,1,40.00741449414016,-1.686451,0.071962036,0.063472435
liquidity_change|liq_20d_126d,126,2,40.47141832097584,-0.94897795,0.07145175,0.0630246
liquidity_change|liq_20d_126d,126,3,40.4054054054054,-0.621139,0.06864643,0.061397348
liquidity_change|liq_20d_126d,126,4,40.49940205692418,-0.36865985,0.06863693,0.061925706
liquidity_change|liq_20d_126d,126,5,40.56445826357331,-0.1440157,0.0671659,0.06107501
liquidity_change|liq_20d_126d,126,6,40.295383879454675,0.07382603,0.06737139,0.06110877
liquidity_change|liq_20d_126d,126,7,40.41688591246113,0.30466586,0.06579586,0.059992306
liquidity_change|liq_20d_126d,126,8,40.4857689547955,0.5713934,0.06741704,0.060038567
liquidity_change|liq_20d_126d,126,9,40.38531451805788,0.93251663,0.06793578,0.060233574
liquidity_change|liq_20d_126d,126,10,40.87969385314518,1.8488396,0.07754325,0.062401023
liquidity_change|liq_20d_126d,252,1,38.45945945945946,-1.6859173,0.150172,0.12232614
liquidity_change|liq_20d_126d,252,2,38.97034202343937,-0.9488362,0.14667153,0.125837
liquidity_change|liq_20d_126d,252,3,38.91580961492466,-0.620621,0.14254867,0.12494486
liquidity_change|liq_20d_126d,252,4,39.00191341784262,-0.36832225,0.14101778,0.12389682
liquidity_change|liq_20d_126d,252,5,39.05907677589094,-0.14384869,0.1396004,0.124687225
liquidity_change|liq_20d_126d,252,6,38.79885194929443,0.07414723,0.13998283,0.12469688
liquidity_change|liq_20d_126d,252,7,38.92705094475006,0.30502853,0.13922903,0.123611964
liquidity_change|liq_20d_126d,252,8,38.983018416646736,0.5720187,0.13996802,0.123527035
liquidity_change|liq_20d_126d,252,9,38.891891891891895,0.93275446,0.14049691,0.123572454
liquidity_change|liq_20d_126d,252,10,39.33436976799808,1.8468868,0.15388356,0.1273813
liquidity_change|liq_20d_252d,1,1,41.46519971298732,-1.6526493,0.0006702708,0.0005859435
liquidity_change|liq_20d_252d,1,2,41.909112652475486,-0.94083387,0.0006163798,0.00056969695
liquidity_change|liq_20d_252d,1,3,41.78832815116001,-0.6211272,0.0005745039,0.0005673957
liquidity_change|liq_20d_252d,1,4,41.91006936139679,-0.37467727,0.00060261827,0.0006007648
liquidity_change|liq_20d_252d,1,5,41.9775173403492,-0.15511924,0.0005907179,0.0006113618
liquidity_change|liq_20d_252d,1,6,41.73427409710595,0.059754454,0.0005552138,0.00053889834
liquidity_change|liq_20d_252d,1,7,41.823008849557525,0.28727543,0.0005247019,0.00054742536
liquidity_change|liq_20d_252d,1,8,41.87514948576896,0.55527085,0.00056332094,0.0005371435
liquidity_change|liq_20d_252d,1,9,41.82253049509686,0.9207654,0.0005342163,0.00047134658
liquidity_change|liq_20d_252d,1,10,42.33891413537431,1.884539,0.0006170286,0.0004632134
liquidity_change|liq_20d_252d,5,1,41.4183209758431,-1.6525191,0.0031963957,0.0029474648
liquidity_change|liq_20d_252d,5,2,41.86127720640995,-0.940794,0.002988931,0.0029783456
liquidity_change|liq_20d_252d,5,3,41.73953599617317,-0.62111723,0.002903482,0.0028478482
liquidity_change|liq_20d_252d,5,4,41.86199473810093,-0.37468505,0.0029272141,0.0028048046
liquidity_change|liq_20d_252d,5,5,41.92968189428366,-0.15513347,0.002855937,0.002684587
liquidity_change|liq_20d_252d,5,6,41.68691700550108,0.059703212,0.0029366454,0.0027459695
liquidity_change|liq_20d_252d,5,7,41.77469504903133,0.2871697,0.0027213392,0.002645371
liquidity_change|liq_20d_252d,5,8,41.82731403970342,0.5551511,0.0026219457,0.0025064438
liquidity_change|liq_20d_252d,5,9,41.773499162879695,0.92069435,0.0026330643,0.0024333242
liquidity_change|liq_20d_252d,5,10,42.28773020808419,1.884745,0.0030602422,0.0023138202
liquidity_change|liq_20d_252d,10,1,41.359244199952165,-1.6523547,0.006003703,0.0057253726
liquidity_change|liq_20d_252d,10,2,41.800765367137046,-0.9407686,0.0059563247,0.0056842747
liquidity_change|liq_20d_252d,10,3,41.67854580243961,-0.62109554,0.0058715087,0.0055189407
liquidity_change|liq_20d_252d,10,4,41.801482898828034,-0.37468532,0.0058085765,0.0057003633
liquidity_change|liq_20d_252d,10,5,41.86964840947142,-0.15517318,0.005700394,0.0055901166
liquidity_change|liq_20d_252d,10,6,41.62807940684047,0.059623335,0.0056581954,0.0051983083
liquidity_change|liq_20d_252d,10,7,41.71490074144941,0.28705052,0.0053911433,0.005121307
liquidity_change|liq_20d_252d,10,8,41.76608466873954,0.5550339,0.0051545585,0.0048607164
liquidity_change|liq_20d_252d,10,9,41.7113130829945,0.92061913,0.005429243,0.00487809
liquidity_change|liq_20d_252d,10,10,42.22697919158096,1.8849628,0.00587067,0.0043697096
liquidity_change|liq_20d_252d,21,1,41.22745754604162,-1.6520998,0.012209688,0.011249128
liquidity_change|liq_20d_252d,21,2,41.66826118153552,-0.94083965,0.012136291,0.01173957
liquidity_change|liq_20d_252d,21,3,41.5436498445348,-0.62110525,0.012060169,0.011627478
liquidity_change|liq_20d_252d,21,4,41.67041377660847,-0.37468556,0.012378571,0.011605369
liquidity_change|liq_20d_252d,21,5,41.73714422386989,-0.15521677,0.012265481,0.011742977
liquidity_change|liq_20d_252d,21,6,41.49557522123894,0.059515636,0.012125097,0.011582514
liquidity_change|liq_20d_252d,21,7,41.58526668261182,0.28696,0.011698223,0.011060771
liquidity_change|liq_20d_252d,21,8,41.62975364745276,0.55499727,0.011008052,0.010038342
liquidity_change|liq_20d_252d,21,9,41.57856972016264,0.9206528,0.011164099,0.0101045715
liquidity_change|liq_20d_252d,21,10,42.09543171490074,1.8850486,0.012324727,0.010055715
liquidity_change|liq_20d_252d,42,1,40.970820377900026,-1.6525651,0.025018442,0.022426657
liquidity_change|liq_20d_252d,42,2,41.41281989954556,-0.941184,0.02394168,0.022808017
liquidity_change|liq_20d_252d,42,3,41.28773020808419,-0.62133133,0.024150923,0.022593444
liquidity_change|liq_20d_252d,42,4,41.42047357091605,-0.37473863,0.023758503,0.02242866
liquidity_change|liq_20d_252d,42,5,41.48337718249223,-0.15507442,0.023601322,0.021994594
liquidity_change|liq_20d_252d,42,6,41.24180817986128,0.059827287,0.023918057,0.022486545
liquidity_change|liq_20d_252d,42,7,41.337718249222675,0.28738755,0.022818094,0.021355605
liquidity_change|liq_20d_252d,42,8,41.37813920114805,0.5556668,0.021860445,0.020525374
liquidity_change|liq_20d_252d,42,9,41.327672805548914,0.92121094,0.022281474,0.020261692
liquidity_change|liq_20d_252d,42,10,41.8392729012198,1.8839705,0.025412487,0.020898066
liquidity_change|liq_20d_252d,63,1,40.71848839990433,-1.6530858,0.035883352,0.03161222
liquidity_change|liq_20d_252d,63,2,41.15929203539823,-0.94152755,0.035401173,0.03252037
liquidity_change|liq_20d_252d,63,3,41.034202343936855,-0.62143224,0.035470996,0.03359197
liquidity_change|liq_20d_252d,63,4,41.171250896914614,-0.37471864,0.03498669,0.032279085
liquidity_change|liq_20d_252d,63,5,41.228653432193255,-0.15492022,0.03435854,0.031655613
liquidity_change|liq_20d_252d,63,6,40.9887586701746,0.060098577,0.034709312,0.031996116
liquidity_change|liq_20d_252d,63,7,41.08682133460894,0.2878259,0.033659562,0.031183755
liquidity_change|liq_20d_252d,63,8,41.12556804592203,0.5563458,0.03275649,0.030744158
liquidity_change|liq_20d_252d,63,9,41.07462329586223,0.9216812,0.03354756,0.029771022
liquidity_change|liq_20d_252d,63,10,41.57928725185362,1.8823978,0.03865016,0.030337416
liquidity_change|liq_20d_252d,126,1,39.967471896675434,-1.6538014,0.07180186,0.061023034
liquidity_change|liq_20d_252d,126,2,40.37813920114805,-0.94236773,0.06955666,0.061638728
liquidity_change|liq_20d_252d,126,3,40.286055967471896,-0.62196445,0.068576664,0.06159336
liquidity_change|liq_20d_252d,126,4,40.41425496292753,-0.3748393,0.06745777,0.06112718
liquidity_change|liq_20d_252d,126,5,40.47404927050945,-0.15473455,0.06706586,0.060598772
liquidity_change|liq_20d_252d,126,6,40.239416407558004,0.060422104,0.06765394,0.06232945
liquidity_change|liq_20d_252d,126,7,40.33293470461612,0.28856486,0.066953816,0.06057682
liquidity_change|liq_20d_252d,126,8,40.37670413776608,0.55756164,0.066445716,0.060426917
liquidity_change|liq_20d_252d,126,9,40.31356134895958,0.9230476,0.06853119,0.06086503
liquidity_change|liq_20d_252d,126,10,40.807223152355895,1.8805476,0.08013304,0.063404344
liquidity_change|liq_20d_252d,252,1,38.44797895240373,-1.6565031,0.15535161,0.121519394
liquidity_change|liq_20d_252d,252,2,38.87012676393207,-0.9431666,0.1450063,0.12316806
liquidity_change|liq_20d_252d,252,3,38.78378378378378,-0.6220105,0.1413791,0.123829395
liquidity_change|liq_20d_252d,252,4,38.911982779239416,-0.37442648,0.13910101,0.12313855
liquidity_change|liq_20d_252d,252,5,38.96436259268118,-0.1538049,0.13805965,0.12227705
liquidity_change|liq_20d_252d,252,6,38.74216694570677,0.06176986,0.13970675,0.12469209
liquidity_change|liq_20d_252d,252,7,38.839512078450134,0.29035628,0.13878457,0.12475116
liquidity_change|liq_20d_252d,252,8,38.878258789763215,0.5593574,0.13865876,0.12594128
liquidity_change|liq_20d_252d,252,9,38.82779239416408,0.92415786,0.14180794,0.12538362
liquidity_change|liq_20d_252d,252,10,39.27122697919158,1.8764812,0.15559201,0.12960866
price_volume_confirmation|pvc_6m_1m_liq5_60,1,1,41.51877541258072,-1.8162327,0.00061970315,0.00037210013
price_volume_confirmation|pvc_6m_1m_liq5_60,1,2,41.98254006218608,-0.90735584,0.00062015763,0.00053712644
price_volume_confirmation|pvc_6m_1m_liq5_60,1,3,41.904089930638605,-0.55863684,0.0005834674,0.00051868806
price_volume_confirmation|pvc_6m_1m_liq5_60,1,4,42.00287012676393,-0.3034186,0.00061159645,0.00056896365
price_volume_confirmation|pvc_6m_1m_liq5_60,1,5,42.06409949772782,-0.08606488,0.0005569831,0.0005610485
price_volume_confirmation|pvc_6m_1m_liq5_60,1,6,41.78761061946903,0.11781348,0.00053933327,0.0005675101
price_volume_confirmation|pvc_6m_1m_liq5_60,1,7,41.91724467830662,0.32751197,0.0005652884,0.0005766388
price_volume_confirmation|pvc_6m_1m_liq5_60,1,8,41.98923702463525,0.56736827,0.00052910385,0.0005732505
price_volume_confirmation|pvc_6m_1m_liq5_60,1,9,41.89811049988041,0.8916552,0.0005673977,0.0005790423
price_volume_confirmation|pvc_6m_1m_liq5_60,1,10,42.40899306386032,1.7325641,0.00066253846,0.00056607754
price_volume_confirmation|pvc_6m_1m_liq5_60,5,1,41.4718966754365,-1.8163326,0.0031600269,0.0027419897
price_volume_confirmation|pvc_6m_1m_liq5_60,5,2,41.93470461612055,-0.90743226,0.0031100356,0.0027709173
price_volume_confirmation|pvc_6m_1m_liq5_60,5,3,41.85553695288208,-0.5586887,0.0029077646,0.002781701
price_volume_confirmation|pvc_6m_1m_liq5_60,5,4,41.9550346806984,-0.30343542,0.002976117,0.0029146422
price_volume_confirmation|pvc_6m_1m_liq5_60,5,5,42.01650322889261,-0.08604014,0.0026890894,0.0027937228
price_volume_confirmation|pvc_6m_1m_liq5_60,5,6,41.738340110021525,0.117884375,0.0028794466,0.0028287459
price_volume_confirmation|pvc_6m_1m_liq5_60,5,7,41.86964840947142,0.32762134,0.0026855532,0.0026587048
price_volume_confirmation|pvc_6m_1m_liq5_60,5,8,41.94020569241808,0.56749165,0.0025627832,0.0026002035
price_volume_confirmation|pvc_6m_1m_liq5_60,5,9,41.850275053814876,0.89178145,0.002696023,0.002614414
price_volume_confirmation|pvc_6m_1m_liq5_60,5,10,42.35613489595791,1.732308,0.0032058388,0.0025870828
price_volume_confirmation|pvc_6m_1m_liq5_60,10,1,41.41329825400622,-1.8165153,0.0064179846,0.0058503016
price_volume_confirmation|pvc_6m_1m_liq5_60,10,2,41.874910308538624,-0.9075037,0.006115253,0.0058614486
price_volume_confirmation|pvc_6m_1m_liq5_60,10,3,41.79478593637886,-0.55871737,0.005969717,0.0057999957
price_volume_confirmation|pvc_6m_1m_liq5_60,10,4,41.89500119588615,-0.30342442,0.005863165,0.0056771697
price_volume_confirmation|pvc_6m_1m_liq5_60,10,5,41.956469744080366,-0.085996106,0.0053526247,0.0053559714
price_volume_confirmation|pvc_6m_1m_liq5_60,10,6,41.67902415690026,0.11796244,0.0056397123,0.0053317742
price_volume_confirmation|pvc_6m_1m_liq5_60,10,7,41.80841903850754,0.32775167,0.005342799,0.0051798844
price_volume_confirmation|pvc_6m_1m_liq5_60,10,8,41.88017220760584,0.56764054,0.005156809,0.005171721
price_volume_confirmation|pvc_6m_1m_liq5_60,10,9,41.78761061946903,0.8919355,0.0051128664,0.0048260293
price_volume_confirmation|pvc_6m_1m_liq5_60,10,10,42.29227457546042,1.7320073,0.0059260284,0.004460094
price_volume_confirmation|pvc_6m_1m_liq5_60,21,1,41.2843817268596,-1.8168769,0.012631927,0.011558801
price_volume_confirmation|pvc_6m_1m_liq5_60,21,2,41.74312365462808,-0.9075239,0.012746864,0.012233692
price_volume_confirmation|pvc_6m_1m_liq5_60,21,3,41.66347763692897,-0.5587414,0.012472801,0.012112632
price_volume_confirmation|pvc_6m_1m_liq5_60,21,4,41.763453719205934,-0.3035032,0.012459377,0.011874623
price_volume_confirmation|pvc_6m_1m_liq5_60,21,5,41.82492226740014,-0.08604667,0.0116872685,0.011329218
price_volume_confirmation|pvc_6m_1m_liq5_60,21,6,41.54962927529299,0.11803333,0.011794092,0.011604992
price_volume_confirmation|pvc_6m_1m_liq5_60,21,7,41.67543649844535,0.32796103,0.011332495,0.010909761
price_volume_confirmation|pvc_6m_1m_liq5_60,21,8,41.7450370724707,0.56799126,0.010754898,0.010298206
price_volume_confirmation|pvc_6m_1m_liq5_60,21,9,41.65056206649127,0.8923761,0.011122738,0.010042853
price_volume_confirmation|pvc_6m_1m_liq5_60,21,10,42.153312604640035,1.731353,0.012431616,0.009529583
price_volume_confirmation|pvc_6m_1m_liq5_60,42,1,41.03826835685243,-1.8187351,0.022886781,0.019608214
price_volume_confirmation|pvc_6m_1m_liq5_60,42,2,41.491509208323365,-0.9076975,0.024209347,0.022604601
price_volume_confirmation|pvc_6m_1m_liq5_60,42,3,41.40899306386032,-0.558627,0.024247466,0.023090776
price_volume_confirmation|pvc_6m_1m_liq5_60,42,4,41.51160009567089,-0.30342364,0.024829522,0.02374346
price_volume_confirmation|pvc_6m_1m_liq5_60,42,5,41.57163358048314,-0.08580481,0.024069753,0.02320314
price_volume_confirmation|pvc_6m_1m_liq5_60,42,6,41.300406601291556,0.11856693,0.023406677,0.022780221
price_volume_confirmation|pvc_6m_1m_liq5_60,42,7,41.418799330303756,0.32876292,0.023022125,0.022204041
price_volume_confirmation|pvc_6m_1m_liq5_60,42,8,41.48624730925616,0.569033,0.02189861,0.019775108
price_volume_confirmation|pvc_6m_1m_liq5_60,42,9,41.39272901219804,0.8933718,0.022206783,0.019427111
price_volume_confirmation|pvc_6m_1m_liq5_60,42,10,41.89165271466156,1.7294483,0.025986347,0.021407658
price_volume_confirmation|pvc_6m_1m_liq5_60,63,1,40.78880650562066,-1.8199954,0.03440034,0.027802618
price_volume_confirmation|pvc_6m_1m_liq5_60,63,2,41.23774216694571,-0.9080894,0.03429085,0.031512663
price_volume_confirmation|pvc_6m_1m_liq5_60,63,3,41.15785697201626,-0.55882555,0.034978073,0.03274659
price_volume_confirmation|pvc_6m_1m_liq5_60,63,4,41.25472375029897,-0.3034814,0.03599034,0.034134332
price_volume_confirmation|pvc_6m_1m_liq5_60,63,5,41.31954077971777,-0.0855903,0.035524722,0.034590784
price_volume_confirmation|pvc_6m_1m_liq5_60,63,6,41.050705572829465,0.119059734,0.034575596,0.03261468
price_volume_confirmation|pvc_6m_1m_liq5_60,63,7,41.16527146615642,0.32943678,0.03421568,0.032168765
price_volume_confirmation|pvc_6m_1m_liq5_60,63,8,41.227935900502274,0.56998074,0.03284958,0.028641118
price_volume_confirmation|pvc_6m_1m_liq5_60,63,9,41.133939248983495,0.8944539,0.0331603,0.02876848
price_volume_confirmation|pvc_6m_1m_liq5_60,63,10,41.63621143267161,1.7279227,0.039319552,0.03175319
price_volume_confirmation|pvc_6m_1m_liq5_60,126,1,40.045682850992584,-1.8240001,0.06735972,0.05255994
price_volume_confirmation|pvc_6m_1m_liq5_60,126,2,40.46543889021765,-0.9098158,0.06764922,0.061330862
price_volume_confirmation|pvc_6m_1m_liq5_60,126,3,40.40181774695049,-0.55974925,0.068376854,0.063274726
price_volume_confirmation|pvc_6m_1m_liq5_60,126,4,40.495814398469264,-0.30373603,0.068838604,0.06374774
price_volume_confirmation|pvc_6m_1m_liq5_60,126,5,40.55393446543889,-0.0852404,0.06693587,0.061708726
price_volume_confirmation|pvc_6m_1m_liq5_60,126,6,40.294666347763695,0.11999849,0.06721313,0.06200256
price_volume_confirmation|pvc_6m_1m_liq5_60,126,7,40.410428127242284,0.33121508,0.06813727,0.0627052
price_volume_confirmation|pvc_6m_1m_liq5_60,126,8,40.48002870126764,0.57255435,0.067637116,0.061177336
price_volume_confirmation|pvc_6m_1m_liq5_60,126,9,40.37694331499641,0.89740044,0.068875186,0.062350992
price_volume_confirmation|pvc_6m_1m_liq5_60,126,10,40.868930877780436,1.7260923,0.082773864,0.06643088
price_volume_confirmation|pvc_6m_1m_liq5_60,252,1,38.51614446304712,-1.8310306,0.1493665,0.11607866
price_volume_confirmation|pvc_6m_1m_liq5_60,252,2,38.967950251136095,-0.91175544,0.14462484,0.12642288
price_volume_confirmation|pvc_6m_1m_liq5_60,252,3,38.90241569002631,-0.5597013,0.14463608,0.12835483
price_volume_confirmation|pvc_6m_1m_liq5_60,252,4,38.99258550585984,-0.30254728,0.14199944,0.1271535
price_volume_confirmation|pvc_6m_1m_liq5_60,252,5,39.04161683807701,-0.08318634,0.13897385,0.1261518
price_volume_confirmation|pvc_6m_1m_liq5_60,252,6,38.792872518536235,0.12250434,0.14038059,0.12724923
price_volume_confirmation|pvc_6m_1m_liq5_60,252,7,38.90767758909352,0.33419302,0.14048778,0.1284702
price_volume_confirmation|pvc_6m_1m_liq5_60,252,8,38.9775173403492,0.57581127,0.13732314,0.123137385
price_volume_confirmation|pvc_6m_1m_liq5_60,252,9,38.87658454915092,0.90027434,0.13969111,0.122326165
price_volume_confirmation|pvc_6m_1m_liq5_60,252,10,39.34967711073906,1.7208749,0.1560621,0.12211713
price_volume_confirmation|pvc_9m_1m_liq20_126,1,1,41.49342262616599,-1.7611028,0.0006344748,0.00038859452
price_volume_confirmation|pvc_9m_1m_liq20_126,1,2,41.95455632623774,-0.89085597,0.00054188445,0.00044167947
price_volume_confirmation|pvc_9m_1m_liq20_126,1,3,41.82994498923703,-0.554586,0.0005837885,0.00054432993
price_volume_confirmation|pvc_9m_1m_liq20_126,1,4,41.95790480746233,-0.3110787,0.00053351896,0.0005471283
price_volume_confirmation|pvc_9m_1m_liq20_126,1,5,42.02894044486965,-0.10304266,0.00059616315,0.0005279446
price_volume_confirmation|pvc_9m_1m_liq20_126,1,6,41.74599378139201,0.09387496,0.0005540855,0.0005916034
price_volume_confirmation|pvc_9m_1m_liq20_126,1,7,41.87873714422387,0.29715657,0.0005948457,0.00059122365
price_volume_confirmation|pvc_9m_1m_liq20_126,1,8,41.909830184166466,0.53535604,0.0005691564,0.0006071861
price_volume_confirmation|pvc_9m_1m_liq20_126,1,9,41.87443195407797,0.8673192,0.00053006096,0.00054924766
price_volume_confirmation|pvc_9m_1m_liq20_126,1,10,42.363071035637404,1.7928923,0.0007097059,0.00057734665
price_volume_confirmation|pvc_9m_1m_liq20_126,5,1,41.44654388902177,-1.7611108,0.0032549954,0.0026278726
price_volume_confirmation|pvc_9m_1m_liq20_126,5,2,41.905764171250894,-0.89091337,0.0026266025,0.0026064755
price_volume_confirmation|pvc_9m_1m_liq20_126,5,3,41.78210954317149,-0.55468106,0.0029118124,0.0027256743
price_volume_confirmation|pvc_9m_1m_liq20_126,5,4,41.91006936139679,-0.31114197,0.0026219443,0.002627204
price_volume_confirmation|pvc_9m_1m_liq20_126,5,5,41.979669935422145,-0.10305756,0.0028567514,0.0027084886
price_volume_confirmation|pvc_9m_1m_liq20_126,5,6,41.69863668978713,0.0938989,0.0029285743,0.0028570443
price_volume_confirmation|pvc_9m_1m_liq20_126,5,7,41.83066252092801,0.29721108,0.0026725598,0.002675734
price_volume_confirmation|pvc_9m_1m_liq20_126,5,8,41.86151638364028,0.53546304,0.002895637,0.002708415
price_volume_confirmation|pvc_9m_1m_liq20_126,5,9,41.82420473570916,0.86745536,0.0027125315,0.002516825
price_volume_confirmation|pvc_9m_1m_liq20_126,5,10,42.31236546280794,1.7928158,0.0033626063,0.0027312757
price_volume_confirmation|pvc_9m_1m_liq20_126,10,1,41.38818464482181,-1.7612512,0.0064038145,0.005378585
price_volume_confirmation|pvc_9m_1m_liq20_126,10,2,41.844534800287015,-0.8909995,0.0052325344,0.005304689
price_volume_confirmation|pvc_9m_1m_liq20_126,10,3,41.72231523558957,-0.5547605,0.0055273282,0.0054373164
price_volume_confirmation|pvc_9m_1m_liq20_126,10,4,41.84907916766324,-0.31118667,0.005343875,0.005178803
price_volume_confirmation|pvc_9m_1m_liq20_126,10,5,41.920593159531215,-0.1030622,0.005660889,0.0053143855
price_volume_confirmation|pvc_9m_1m_liq20_126,10,6,41.63812485051423,0.09393003,0.0056577465,0.005447534
price_volume_confirmation|pvc_9m_1m_liq20_126,10,7,41.77086821334609,0.29729545,0.0053984364,0.005160864
price_volume_confirmation|pvc_9m_1m_liq20_126,10,8,41.79980865821574,0.5356036,0.005678917,0.0054434743
price_volume_confirmation|pvc_9m_1m_liq20_126,10,9,41.76154030136331,0.8676696,0.00542641,0.005007526
price_volume_confirmation|pvc_9m_1m_liq20_126,10,10,42.25041856015307,1.7927276,0.0064970353,0.0051833875
price_volume_confirmation|pvc_9m_1m_liq20_126,21,1,41.2592681176752,-1.7621591,0.01274998,0.011163634
price_volume_confirmation|pvc_9m_1m_liq20_126,21,2,41.711073905764174,-0.89131784,0.011245693,0.011039219
price_volume_confirmation|pvc_9m_1m_liq20_126,21,3,41.59005022721837,-0.55488795,0.011700889,0.011537605
price_volume_confirmation|pvc_9m_1m_liq20_126,21,4,41.71585745037073,-0.31122985,0.011414133,0.011198725
price_volume_confirmation|pvc_9m_1m_liq20_126,21,5,41.78952403731165,-0.10296841,0.012188176,0.0115661565
price_volume_confirmation|pvc_9m_1m_liq20_126,21,6,41.50872996890696,0.09415697,0.012143598,0.011821032
price_volume_confirmation|pvc_9m_1m_liq20_126,21,7,41.63668978713226,0.29769462,0.011448094,0.011243055
price_volume_confirmation|pvc_9m_1m_liq20_126,21,8,41.665151877541255,0.5361321,0.011531124,0.010909646
price_volume_confirmation|pvc_9m_1m_liq20_126,21,9,41.626405166228174,0.8683791,0.011267452,0.010505294
price_volume_confirmation|pvc_9m_1m_liq20_126,21,10,42.1140875388663,1.7921885,0.013621257,0.010446277
price_volume_confirmation|pvc_9m_1m_liq20_126,42,1,41.012676393207364,-1.7644271,0.023794837,0.019718375
price_volume_confirmation|pvc_9m_1m_liq20_126,42,2,41.45945945945946,-0.89204603,0.021900477,0.020863075
price_volume_confirmation|pvc_9m_1m_liq20_126,42,3,41.33508729968907,-0.5551666,0.02303395,0.022169594
price_volume_confirmation|pvc_9m_1m_liq20_126,42,4,41.46424300406601,-0.31123364,0.022703232,0.021519575
price_volume_confirmation|pvc_9m_1m_liq20_126,42,5,41.53527864147333,-0.102621645,0.023817057,0.02284988
price_volume_confirmation|pvc_9m_1m_liq20_126,42,6,41.26046400382683,0.09487993,0.024375815,0.02325653
price_volume_confirmation|pvc_9m_1m_liq20_126,42,7,41.380291796221,0.29875812,0.023123536,0.021804327
price_volume_confirmation|pvc_9m_1m_liq20_126,42,8,41.40612293709639,0.53743297,0.02283763,0.021227542
price_volume_confirmation|pvc_9m_1m_liq20_126,42,9,41.366419516861995,0.8698984,0.02276282,0.020997975
price_volume_confirmation|pvc_9m_1m_liq20_126,42,10,41.85768954795503,1.7905298,0.028241947,0.023419222
price_volume_confirmation|pvc_9m_1m_liq20_126,63,1,40.76584549150921,-1.7669708,0.034085784,0.027663771
price_volume_confirmation|pvc_9m_1m_liq20_126,63,2,41.2013872279359,-0.8930862,0.032937422,0.030683381
price_volume_confirmation|pvc_9m_1m_liq20_126,63,3,41.07916766323846,-0.5555806,0.034311127,0.033204142
price_volume_confirmation|pvc_9m_1m_liq20_126,63,4,41.21406362114327,-0.31131065,0.033185255,0.031761084
price_volume_confirmation|pvc_9m_1m_liq20_126,63,5,41.28198995455632,-0.10230603,0.034651827,0.032698788
price_volume_confirmation|pvc_9m_1m_liq20_126,63,6,41.00932791198278,0.09555678,0.035465628,0.033503663
price_volume_confirmation|pvc_9m_1m_liq20_126,63,7,41.12867734991629,0.29982206,0.033674087,0.031119874
price_volume_confirmation|pvc_9m_1m_liq20_126,63,8,41.15283425017938,0.53885,0.03397112,0.030616332
price_volume_confirmation|pvc_9m_1m_liq20_126,63,9,41.107390576417124,0.8717171,0.034672394,0.031068282
price_volume_confirmation|pvc_9m_1m_liq20_126,63,10,41.60464003826836,1.7892956,0.042157713,0.034474004
price_volume_confirmation|pvc_9m_1m_liq20_126,126,1,40.00956708921311,-1.773114,0.065112256,0.05039386
price_volume_confirmation|pvc_9m_1m_liq20_126,126,2,40.436498445348,-0.89609617,0.06909942,0.06280767
price_volume_confirmation|pvc_9m_1m_liq20_126,126,3,40.31714900741449,-0.55707204,0.0713518,0.06666608
price_volume_confirmation|pvc_9m_1m_liq20_126,126,4,40.45324085147094,-0.31168306,0.06696704,0.062222447
price_volume_confirmation|pvc_9m_1m_liq20_126,126,5,40.52858167902416,-0.10166559,0.067790955,0.06276326
price_volume_confirmation|pvc_9m_1m_liq20_126,126,6,40.25974647213585,0.09707135,0.068932325,0.0639415
price_volume_confirmation|pvc_9m_1m_liq20_126,126,7,40.37311647931117,0.302219,0.06697497,0.061689034
price_volume_confirmation|pvc_9m_1m_liq20_126,126,8,40.40397034202344,0.54245675,0.06746006,0.06119648
price_volume_confirmation|pvc_9m_1m_liq20_126,126,9,40.34848122458742,0.87635136,0.06871991,0.061319824
price_volume_confirmation|pvc_9m_1m_liq20_126,126,10,40.840947141832096,1.78767,0.08151387,0.06432881
price_volume_confirmation|pvc_9m_1m_liq20_126,252,1,38.470461612054535,-1.7775192,0.1485378,0.11170197
price_volume_confirmation|pvc_9m_1m_liq20_126,252,2,38.948098541018894,-0.89762944,0.1510933,0.13032551
price_volume_confirmation|pvc_9m_1m_liq20_126,252,3,38.82324802678785,-0.5577271,0.14846423,0.13303122
price_volume_confirmation|pvc_9m_1m_liq20_126,252,4,38.957665630232,-0.31127357,0.1375837,0.1218371
price_volume_confirmation|pvc_9m_1m_liq20_126,252,5,39.01291557043769,-0.10050462,0.13716552,0.12221407
price_volume_confirmation|pvc_9m_1m_liq20_126,252,6,38.752690743841185,0.09869638,0.14036325,0.12713857
price_volume_confirmation|pvc_9m_1m_liq20_126,252,7,38.87658454915092,0.30432972,0.13863958,0.124723285
price_volume_confirmation|pvc_9m_1m_liq20_126,252,8,38.901458981105,0.5451912,0.13983227,0.12693849
price_volume_confirmation|pvc_9m_1m_liq20_126,252,9,38.8505142310452,0.8792423,0.13788192,0.123205684
price_volume_confirmation|pvc_9m_1m_liq20_126,252,10,39.31882324802679,1.7844245,0.15392822,0.12287636
price_volume_confirmation|pvc_12m_1m_liq20_252,1,1,41.45850275053815,-1.6945553,0.00057260727,0.00033973603
price_volume_confirmation|pvc_12m_1m_liq20_252,1,2,41.90552499402057,-0.8706429,0.0005020971,0.00040149677
price_volume_confirmation|pvc_12m_1m_liq20_252,1,3,41.7847404927051,-0.5530682,0.00060043595,0.0005377763
price_volume_confirmation|pvc_12m_1m_liq20_252,1,4,41.90672088017221,-0.3259247,0.00058743305,0.000561227
price_volume_confirmation|pvc_12m_1m_liq20_252,1,5,41.97034202343937,-0.12763958,0.0005806575,0.00054243754
price_volume_confirmation|pvc_12m_1m_liq20_252,1,6,41.736187514948575,0.06468015,0.0006218106,0.00061814854
price_volume_confirmation|pvc_12m_1m_liq20_252,1,7,41.816551064338675,0.26727298,0.0005503919,0.00056409766
price_volume_confirmation|pvc_12m_1m_liq20_252,1,8,41.873953599617316,0.50784904,0.00055707817,0.00058879715
price_volume_confirmation|pvc_12m_1m_liq20_252,1,9,41.81487682372638,0.8485125,0.0005742489,0.00062012684
price_volume_confirmation|pvc_12m_1m_liq20_252,1,10,42.33676154030136,1.8489621,0.0007030171,0.0006142509
price_volume_confirmation|pvc_12m_1m_liq20_252,5,1,41.411624013393926,-1.6949303,0.0029465342,0.0024400426
price_volume_confirmation|pvc_12m_1m_liq20_252,5,2,41.85721119349438,-0.8708128,0.0027165122,0.0025873475
price_volume_confirmation|pvc_12m_1m_liq20_252,5,3,41.7364266921789,-0.5531457,0.0027521187,0.002631048
price_volume_confirmation|pvc_12m_1m_liq20_252,5,4,41.85792872518536,-0.3259408,0.0028922588,0.0027194978
price_volume_confirmation|pvc_12m_1m_liq20_252,5,5,41.92250657737383,-0.12759611,0.0028939666,0.002754882
price_volume_confirmation|pvc_12m_1m_liq20_252,5,6,41.68930877780436,0.06477628,0.0029816837,0.002868487
price_volume_confirmation|pvc_12m_1m_liq20_252,5,7,41.76871561827314,0.2674329,0.002780486,0.0027902636
price_volume_confirmation|pvc_12m_1m_liq20_252,5,8,41.825161444630474,0.50805694,0.0026664743,0.002593231
price_volume_confirmation|pvc_12m_1m_liq20_252,5,9,41.765606314278884,0.84878165,0.0028125762,0.0026291152
price_volume_confirmation|pvc_12m_1m_liq20_252,5,10,42.28653432193255,1.8488306,0.0034101964,0.0030229818
price_volume_confirmation|pvc_12m_1m_liq20_252,10,1,41.35326476919397,-1.6954367,0.0056965062,0.0049384953
price_volume_confirmation|pvc_12m_1m_liq20_252,10,2,41.797177708682135,-0.87101847,0.00562702,0.0053041833
price_volume_confirmation|pvc_12m_1m_liq20_252,10,3,41.67543649844535,-0.55325824,0.0054338253,0.00540757
price_volume_confirmation|pvc_12m_1m_liq20_252,10,4,41.797177708682135,-0.32596758,0.005713064,0.0054891417
price_volume_confirmation|pvc_12m_1m_liq20_252,10,5,41.86199473810093,-0.12754595,0.0057208007,0.0053850412
price_volume_confirmation|pvc_12m_1m_liq20_252,10,6,41.63023200191342,0.06490447,0.0058289757,0.0055907867
price_volume_confirmation|pvc_12m_1m_liq20_252,10,7,41.7086821334609,0.26764232,0.005536939,0.005494534
price_volume_confirmation|pvc_12m_1m_liq20_252,10,8,41.763453719205934,0.5083391,0.0052027507,0.0050521297
price_volume_confirmation|pvc_12m_1m_liq20_252,10,9,41.70509447500598,0.8491325,0.005565846,0.00497145
price_volume_confirmation|pvc_12m_1m_liq20_252,10,10,42.22482659650801,1.848671,0.006528807,0.0054862984
price_volume_confirmation|pvc_12m_1m_liq20_252,21,1,41.224348242047355,-1.696707,0.01169422,0.0104217
price_volume_confirmation|pvc_12m_1m_liq20_252,21,2,41.66563023200192,-0.87152445,0.011509246,0.01113283
price_volume_confirmation|pvc_12m_1m_liq20_252,21,3,41.540062186079886,-0.5535326,0.011829714,0.0117278835
price_volume_confirmation|pvc_12m_1m_liq20_252,21,4,41.66563023200192,-0.32604527,0.012340947,0.011643305
price_volume_confirmation|pvc_12m_1m_liq20_252,21,5,41.729012198038745,-0.12742203,0.011930075,0.011230199
price_volume_confirmation|pvc_12m_1m_liq20_252,21,6,41.498684525233195,0.06522359,0.01241909,0.012255095
price_volume_confirmation|pvc_12m_1m_liq20_252,21,7,41.57809136570199,0.26817274,0.0116039915,0.011069038
price_volume_confirmation|pvc_12m_1m_liq20_252,21,8,41.6309495336044,0.50904775,0.01131716,0.010798155
price_volume_confirmation|pvc_12m_1m_liq20_252,21,9,41.57091604879216,0.8500772,0.011498122,0.010278669
price_volume_confirmation|pvc_12m_1m_liq20_252,21,10,42.088017220760584,1.84821,0.0132381115,0.010838339
price_volume_confirmation|pvc_12m_1m_liq20_252,42,1,40.97775651757953,-1.6993123,0.021539893,0.018150015
price_volume_confirmation|pvc_12m_1m_liq20_252,42,2,41.410428127242284,-0.8726063,0.022559889,0.021521352
price_volume_confirmation|pvc_12m_1m_liq20_252,42,3,41.282468309016984,-0.553993,0.023847215,0.02305324
price_volume_confirmation|pvc_12m_1m_liq20_252,42,4,41.41497249461851,-0.32609117,0.024693472,0.022742094
price_volume_confirmation|pvc_12m_1m_liq20_252,42,5,41.47787610619469,-0.12710923,0.024350626,0.023127731
price_volume_confirmation|pvc_12m_1m_liq20_252,42,6,41.248026787849795,0.06593586,0.024382075,0.023160981
price_volume_confirmation|pvc_12m_1m_liq20_252,42,7,41.331260464003826,0.26932392,0.02332546,0.022088943
price_volume_confirmation|pvc_12m_1m_liq20_252,42,8,41.375029897153794,0.51056415,0.022760475,0.021568956
price_volume_confirmation|pvc_12m_1m_liq20_252,42,9,41.30949533604401,0.85184306,0.022917666,0.019654099
price_volume_confirmation|pvc_12m_1m_liq20_252,42,10,41.832336761540304,1.8469496,0.026328867,0.021823028
price_volume_confirmation|pvc_12m_1m_liq20_252,63,1,40.72638124850514,-1.7016938,0.031726822,0.02676958
price_volume_confirmation|pvc_12m_1m_liq20_252,63,2,41.1494857689548,-0.8736725,0.034488417,0.031875018
price_volume_confirmation|pvc_12m_1m_liq20_252,63,3,41.026309495336044,-0.5545377,0.03581372,0.033881303
price_volume_confirmation|pvc_12m_1m_liq20_252,63,4,41.16742406122937,-0.3261752,0.03600962,0.032644253
price_volume_confirmation|pvc_12m_1m_liq20_252,63,5,41.22674001435063,-0.12689206,0.035188846,0.032609098
price_volume_confirmation|pvc_12m_1m_liq20_252,63,6,40.99808658215738,0.066562496,0.03545437,0.033303652
price_volume_confirmation|pvc_12m_1m_liq20_252,63,7,41.08108108108108,0.2704024,0.034232326,0.031679455
price_volume_confirmation|pvc_12m_1m_liq20_252,63,8,41.12198038746711,0.5120867,0.03347113,0.030559072
price_volume_confirmation|pvc_12m_1m_liq20_252,63,9,41.05429323128438,0.85361654,0.03408591,0.03039801
price_volume_confirmation|pvc_12m_1m_liq20_252,63,10,41.57498206170772,1.8458359,0.038877994,0.0310046
price_volume_confirmation|pvc_12m_1m_liq20_252,126,1,39.958622339153315,-1.7079809,0.06511205,0.04979751
price_volume_confirmation|pvc_12m_1m_liq20_252,126,2,40.37933508729969,-0.8761927,0.07138394,0.06534608
price_volume_confirmation|pvc_12m_1m_liq20_252,126,3,40.28222913178666,-0.5556654,0.07210067,0.06677482
price_volume_confirmation|pvc_12m_1m_liq20_252,126,4,40.410428127242284,-0.3262501,0.070319965,0.06398217
price_volume_confirmation|pvc_12m_1m_liq20_252,126,5,40.47309256158814,-0.12611848,0.06864976,0.06409423
price_volume_confirmation|pvc_12m_1m_liq20_252,126,6,40.246591724467834,0.06822742,0.0665997,0.0626715
price_volume_confirmation|pvc_12m_1m_liq20_252,126,7,40.321215020330065,0.27300823,0.065798365,0.0603671
price_volume_confirmation|pvc_12m_1m_liq20_252,126,8,40.370724707007895,0.51553893,0.06607314,0.0596905
price_volume_confirmation|pvc_12m_1m_liq20_252,126,9,40.296101411145656,0.857757,0.06877834,0.061435252
price_volume_confirmation|pvc_12m_1m_liq20_252,126,10,40.81128916527147,1.8434001,0.0790996,0.06209551
price_volume_confirmation|pvc_12m_1m_liq20_252,252,1,38.42071274814638,-1.7119766,0.15093388,0.112355895
price_volume_confirmation|pvc_12m_1m_liq20_252,252,2,38.88686917005501,-0.8780776,0.15528381,0.13673908
price_volume_confirmation|pvc_12m_1m_liq20_252,252,3,38.784979669935424,-0.55608773,0.1472995,0.13209388
price_volume_confirmation|pvc_12m_1m_liq20_252,252,4,38.91604879215499,-0.3259392,0.14261433,0.12440543
price_volume_confirmation|pvc_12m_1m_liq20_252,252,5,38.96388423822052,-0.12520224,0.13942204,0.1256895
price_volume_confirmation|pvc_12m_1m_liq20_252,252,6,38.74647213585267,0.06973476,0.13502812,0.12316716
price_volume_confirmation|pvc_12m_1m_liq20_252,252,7,38.82348720401818,0.27516383,0.13569121,0.122978844
price_volume_confirmation|pvc_12m_1m_liq20_252,252,8,38.85099258550586,0.517982,0.13556086,0.122431226
price_volume_confirmation|pvc_12m_1m_liq20_252,252,9,38.80961492465917,0.86063564,0.13782266,0.12459646
price_volume_confirmation|pvc_12m_1m_liq20_252,252,10,39.29514470222435,1.840695,0.15372206,0.124222964
